layer,target,target_series,H,c,chosen_c,auroc_seen_mean,auroc_unseen_mean,auroc_seen_std,auroc_unseen_std,auroc_seen_s0,auroc_seen_s1,auroc_seen_s2,auroc_unseen_s0,auroc_unseen_s1,auroc_unseen_s2
0,act_rep,act_rep,0,1,False,0.8569,0.8387,0.0072,0.0201,0.8647,0.8505,0.8556,0.8160,0.8538,0.8464
0,act_rep,act_rep,0,0.01,False,0.8569,0.8392,0.0073,0.0203,0.8647,0.8502,0.8559,0.8161,0.8544,0.8471
0,act_rep,act_rep,0,0.001,False,0.8578,0.8405,0.0073,0.0202,0.8648,0.8502,0.8584,0.8175,0.8556,0.8484
0,act_rep,act_rep,0,0.0001,True,0.8593,0.8455,0.0084,0.0187,0.8655,0.8498,0.8627,0.8240,0.8580,0.8547
0,act_rep,act_rep,0,1e-05,False,0.8614,0.8541,0.0115,0.0176,0.8682,0.8481,0.8678,0.8338,0.8637,0.8648
0,act_rep,act_rep,0,1e-06,False,0.8625,0.8586,0.0150,0.0182,0.8714,0.8452,0.8708,0.8375,0.8684,0.8698
0,act_rep,act_rep,10,1,False,0.8638,0.8462,0.0111,0.0200,0.8766,0.8577,0.8571,0.8233,0.8603,0.8551
0,act_rep,act_rep,10,0.01,False,0.8641,0.8465,0.0108,0.0203,0.8765,0.8578,0.8580,0.8232,0.8606,0.8558
0,act_rep,act_rep,10,0.001,False,0.8650,0.8481,0.0102,0.0198,0.8767,0.8579,0.8605,0.8254,0.8617,0.8571
0,act_rep,act_rep,10,0.0001,True,0.8670,0.8540,0.0098,0.0183,0.8775,0.8579,0.8657,0.8328,0.8654,0.8637
0,act_rep,act_rep,10,1e-05,False,0.8699,0.8632,0.0111,0.0176,0.8793,0.8577,0.8726,0.8430,0.8719,0.8749
0,act_rep,act_rep,10,1e-06,False,0.8714,0.8668,0.0139,0.0178,0.8815,0.8555,0.8773,0.8463,0.8757,0.8785
0,act_rep,act_rep,25,1,False,0.8661,0.8518,0.0126,0.0190,0.8806,0.8582,0.8595,0.8306,0.8673,0.8577
0,act_rep,act_rep,25,0.01,False,0.8666,0.8519,0.0122,0.0191,0.8806,0.8584,0.8606,0.8305,0.8669,0.8583
0,act_rep,act_rep,25,0.001,False,0.8675,0.8528,0.0117,0.0189,0.8807,0.8586,0.8632,0.8315,0.8672,0.8599
0,act_rep,act_rep,25,0.0001,True,0.8695,0.8574,0.0113,0.0176,0.8817,0.8595,0.8672,0.8371,0.8687,0.8665
0,act_rep,act_rep,25,1e-05,False,0.8728,0.8657,0.0106,0.0157,0.8826,0.8615,0.8742,0.8478,0.8721,0.8772
0,act_rep,act_rep,25,1e-06,False,0.8729,0.8688,0.0123,0.0148,0.8828,0.8590,0.8768,0.8520,0.8740,0.8803
0,act_mag,act_mag,0,1,False,0.7201,0.7081,0.0247,0.0482,0.7482,0.7107,0.7014,0.6674,0.7613,0.6957
0,act_mag,act_mag,0,0.01,False,0.7198,0.7077,0.0251,0.0479,0.7481,0.7105,0.7006,0.6672,0.7606,0.6954
0,act_mag,act_mag,0,0.001,False,0.7199,0.7078,0.0251,0.0479,0.7482,0.7106,0.7007,0.6672,0.7607,0.6956
0,act_mag,act_mag,0,0.0001,True,0.7204,0.7088,0.0248,0.0474,0.7485,0.7111,0.7017,0.6684,0.7610,0.6970
0,act_mag,act_mag,0,1e-05,False,0.7202,0.7106,0.0244,0.0459,0.7479,0.7104,0.7022,0.6712,0.7610,0.6997
0,act_mag,act_mag,0,1e-06,False,0.7111,0.7077,0.0247,0.0453,0.7392,0.7014,0.6927,0.6693,0.7577,0.6962
0,act_mag,act_mag,10,1,False,0.7364,0.7264,0.0241,0.0470,0.7640,0.7263,0.7190,0.6851,0.7775,0.7164
0,act_mag,act_mag,10,0.01,False,0.7362,0.7260,0.0244,0.0465,0.7640,0.7261,0.7184,0.6851,0.7766,0.7163
0,act_mag,act_mag,10,0.001,False,0.7363,0.7262,0.0244,0.0464,0.7640,0.7262,0.7186,0.6854,0.7767,0.7165
0,act_mag,act_mag,10,0.0001,True,0.7368,0.7271,0.0241,0.0463,0.7643,0.7266,0.7196,0.6862,0.7773,0.7178
0,act_mag,act_mag,10,1e-05,False,0.7361,0.7293,0.0238,0.0455,0.7634,0.7252,0.7197,0.6886,0.7784,0.7209
0,act_mag,act_mag,10,1e-06,False,0.7264,0.7264,0.0248,0.0451,0.7547,0.7156,0.7088,0.6863,0.7752,0.7176
0,act_mag,act_mag,25,1,False,0.7458,0.7369,0.0227,0.0420,0.7711,0.7391,0.7273,0.6991,0.7821,0.7296
0,act_mag,act_mag,25,0.01,False,0.7456,0.7368,0.0228,0.0419,0.7711,0.7389,0.7270,0.6989,0.7819,0.7295
0,act_mag,act_mag,25,0.001,False,0.7457,0.7369,0.0228,0.0419,0.7711,0.7390,0.7271,0.6991,0.7820,0.7297
0,act_mag,act_mag,25,0.0001,True,0.7461,0.7379,0.0227,0.0416,0.7714,0.7390,0.7278,0.7003,0.7826,0.7308
0,act_mag,act_mag,25,1e-05,False,0.7446,0.7394,0.0228,0.0412,0.7705,0.7361,0.7273,0.7017,0.7835,0.7331
0,act_mag,act_mag,25,1e-06,False,0.7336,0.7346,0.0243,0.0414,0.7613,0.7239,0.7156,0.6967,0.7788,0.7282
0,emb_temp,emb_temp[0],0,1,False,0.8060,0.8052,0.0241,0.0323,0.8338,0.7932,0.7910,0.7683,0.8284,0.8189
0,emb_temp,emb_temp[0],0,0.01,False,0.8060,0.8052,0.0241,0.0323,0.8338,0.7932,0.7909,0.7683,0.8284,0.8189
0,emb_temp,emb_temp[0],0,0.001,False,0.8061,0.8054,0.0241,0.0324,0.8339,0.7932,0.7911,0.7684,0.8286,0.8191
0,emb_temp,emb_temp[0],0,0.0001,True,0.8066,0.8066,0.0242,0.0323,0.8346,0.7933,0.7920,0.7698,0.8299,0.8201
0,emb_temp,emb_temp[0],0,1e-05,False,0.8077,0.8094,0.0246,0.0317,0.8361,0.7932,0.7938,0.7732,0.8322,0.8227
0,emb_temp,emb_temp[0],0,1e-06,False,0.8064,0.8093,0.0255,0.0318,0.8359,0.7913,0.7922,0.7731,0.8326,0.8222
0,emb_temp,emb_temp[0],10,1,False,0.7519,0.7533,0.0226,0.0292,0.7780,0.7401,0.7377,0.7214,0.7786,0.7599
0,emb_temp,emb_temp[0],10,0.01,False,0.7519,0.7533,0.0226,0.0291,0.7780,0.7400,0.7376,0.7214,0.7786,0.7599
0,emb_temp,emb_temp[0],10,0.001,False,0.7520,0.7535,0.0226,0.0292,0.7781,0.7402,0.7378,0.7215,0.7788,0.7600
0,emb_temp,emb_temp[0],10,0.0001,True,0.7527,0.7545,0.0226,0.0297,0.7788,0.7407,0.7386,0.7220,0.7804,0.7611
0,emb_temp,emb_temp[0],10,1e-05,False,0.7530,0.7567,0.0233,0.0305,0.7799,0.7396,0.7394,0.7235,0.7837,0.7630
0,emb_temp,emb_temp[0],10,1e-06,False,0.7468,0.7542,0.0243,0.0305,0.7749,0.7323,0.7333,0.7211,0.7812,0.7602
0,emb_temp,emb_temp[0],25,1,False,0.7287,0.7240,0.0204,0.0184,0.7523,0.7165,0.7174,0.7039,0.7399,0.7283
0,emb_temp,emb_temp[0],25,0.01,False,0.7287,0.7239,0.0204,0.0183,0.7523,0.7164,0.7174,0.7039,0.7396,0.7283
0,emb_temp,emb_temp[0],25,0.001,False,0.7289,0.7241,0.0205,0.0183,0.7525,0.7165,0.7175,0.7041,0.7398,0.7285
0,emb_temp,emb_temp[0],25,0.0001,True,0.7300,0.7255,0.0209,0.0186,0.7541,0.7170,0.7190,0.7050,0.7413,0.7302
0,emb_temp,emb_temp[0],25,1e-05,False,0.7322,0.7280,0.0226,0.0189,0.7581,0.7171,0.7212,0.7070,0.7436,0.7335
0,emb_temp,emb_temp[0],25,1e-06,False,0.7255,0.7227,0.0249,0.0196,0.7542,0.7089,0.7136,0.7006,0.7379,0.7296
0,xl_final,xl_final[0],0,1,False,0.8254,0.8105,0.0280,0.0264,0.8492,0.7946,0.8325,0.7827,0.8352,0.8136
0,xl_final,xl_final[0],0,0.01,False,0.8253,0.8111,0.0280,0.0262,0.8492,0.7945,0.8323,0.7830,0.8350,0.8153
0,xl_final,xl_final[0],0,0.001,False,0.8251,0.8114,0.0274,0.0268,0.8481,0.7948,0.8324,0.7827,0.8358,0.8157
0,xl_final,xl_final[0],0,0.0001,True,0.8256,0.8119,0.0271,0.0267,0.8483,0.7956,0.8329,0.7828,0.8351,0.8178
0,xl_final,xl_final[0],0,1e-05,False,0.8232,0.8112,0.0279,0.0285,0.8467,0.7923,0.8306,0.7788,0.8324,0.8223
0,xl_final,xl_final[0],0,1e-06,False,0.8070,0.7995,0.0320,0.0335,0.8328,0.7712,0.8169,0.7609,0.8198,0.8179
0,xl_final,xl_final[0],10,1,False,0.8219,0.8117,0.0238,0.0317,0.8464,0.7989,0.8204,0.7785,0.8416,0.8150
0,xl_final,xl_final[0],10,0.01,False,0.8218,0.8113,0.0237,0.0316,0.8464,0.7991,0.8198,0.7786,0.8417,0.8136
0,xl_final,xl_final[0],10,0.001,False,0.8220,0.8119,0.0237,0.0318,0.8466,0.7994,0.8201,0.7785,0.8418,0.8155
0,xl_final,xl_final[0],10,0.0001,True,0.8221,0.8115,0.0227,0.0310,0.8453,0.7999,0.8211,0.7789,0.8406,0.8149
0,xl_final,xl_final[0],10,1e-05,False,0.8183,0.8107,0.0236,0.0319,0.8415,0.7944,0.8190,0.7752,0.8371,0.8197
0,xl_final,xl_final[0],10,1e-06,False,0.7999,0.7967,0.0274,0.0359,0.8259,0.7713,0.8026,0.7556,0.8223,0.8122
0,xl_final,xl_final[0],25,1,False,0.7986,0.7938,0.0243,0.0343,0.8218,0.7734,0.8006,0.7590,0.8275,0.7949
0,xl_final,xl_final[0],25,0.01,False,0.7987,0.7936,0.0242,0.0332,0.8218,0.7736,0.8006,0.7590,0.8252,0.7966
0,xl_final,xl_final[0],25,0.001,False,0.7989,0.7949,0.0241,0.0339,0.8219,0.7738,0.8009,0.7594,0.8269,0.7983
0,xl_final,xl_final[0],25,0.0001,True,0.7992,0.7953,0.0236,0.0328,0.8217,0.7746,0.8013,0.7607,0.8259,0.7992
0,xl_final,xl_final[0],25,1e-05,False,0.7958,0.7942,0.0235,0.0320,0.8164,0.7702,0.8007,0.7603,0.8239,0.7984
0,xl_final,xl_final[0],25,1e-06,False,0.7772,0.7820,0.0266,0.0336,0.7990,0.7476,0.7851,0.7443,0.8087,0.7930
1,act_rep,act_rep,0,1,False,0.8262,0.7527,0.0106,0.0434,0.8322,0.8139,0.8325,0.7040,0.7875,0.7667
1,act_rep,act_rep,0,0.01,False,0.8619,0.8277,0.0067,0.0239,0.8564,0.8598,0.8693,0.8034,0.8513,0.8284
1,act_rep,act_rep,0,0.001,False,0.8759,0.8457,0.0077,0.0214,0.8743,0.8691,0.8843,0.8228,0.8652,0.8491
1,act_rep,act_rep,0,0.0001,True,0.8793,0.8514,0.0113,0.0265,0.8823,0.8669,0.8888,0.8222,0.8740,0.8582
1,act_rep,act_rep,0,1e-05,False,0.8755,0.8535,0.0136,0.0261,0.8828,0.8597,0.8839,0.8239,0.8736,0.8628
1,act_rep,act_rep,0,1e-06,False,0.8668,0.8533,0.0206,0.0258,0.8791,0.8431,0.8783,0.8234,0.8686,0.8678
1,act_rep,act_rep,10,1,False,0.8421,0.7644,0.0135,0.0562,0.8554,0.8284,0.8425,0.7025,0.8121,0.7785
1,act_rep,act_rep,10,0.01,False,0.8735,0.8350,0.0049,0.0275,0.8722,0.8694,0.8789,0.8050,0.8589,0.8412
1,act_rep,act_rep,10,0.001,False,0.8846,0.8508,0.0074,0.0247,0.8855,0.8767,0.8916,0.8232,0.8709,0.8582
1,act_rep,act_rep,10,0.0001,True,0.8869,0.8587,0.0109,0.0271,0.8922,0.8744,0.8941,0.8283,0.8804,0.8674
1,act_rep,act_rep,10,1e-05,False,0.8841,0.8622,0.0130,0.0255,0.8928,0.8692,0.8903,0.8332,0.8811,0.8722
1,act_rep,act_rep,10,1e-06,False,0.8757,0.8613,0.0192,0.0248,0.8884,0.8536,0.8851,0.8327,0.8758,0.8755
1,act_rep,act_rep,25,1,False,0.8471,0.7795,0.0212,0.0401,0.8628,0.8230,0.8555,0.7441,0.8231,0.7713
1,act_rep,act_rep,25,0.01,False,0.8786,0.8408,0.0094,0.0308,0.8767,0.8702,0.8887,0.8081,0.8693,0.8449
1,act_rep,act_rep,25,0.001,False,0.8901,0.8586,0.0081,0.0247,0.8905,0.8818,0.8980,0.8314,0.8796,0.8648
1,act_rep,act_rep,25,0.0001,True,0.8925,0.8658,0.0105,0.0236,0.8964,0.8807,0.9006,0.8392,0.8842,0.8739
1,act_rep,act_rep,25,1e-05,False,0.8886,0.8675,0.0119,0.0211,0.8964,0.8749,0.8944,0.8432,0.8816,0.8776
1,act_rep,act_rep,25,1e-06,False,0.8784,0.8649,0.0170,0.0205,0.8898,0.8588,0.8864,0.8415,0.8739,0.8793
1,act_mag,act_mag,0,1,False,0.7951,0.5998,0.0049,0.1129,0.8007,0.7923,0.7922,0.6173,0.7030,0.4791
1,act_mag,act_mag,0,0.01,False,0.8229,0.6646,0.0161,0.1045,0.8384,0.8239,0.8063,0.6753,0.7634,0.5552
1,act_mag,act_mag,0,0.001,False,0.8244,0.7043,0.0187,0.0850,0.8432,0.8240,0.8059,0.6690,0.8012,0.6427
1,act_mag,act_mag,0,0.0001,True,0.8134,0.7211,0.0188,0.0780,0.8337,0.8097,0.7967,0.6616,0.8094,0.6923
1,act_mag,act_mag,0,1e-05,False,0.7834,0.7176,0.0203,0.0757,0.8064,0.7757,0.7680,0.6433,0.7947,0.7149
1,act_mag,act_mag,0,1e-06,False,0.7350,0.7052,0.0270,0.0649,0.7656,0.7251,0.7144,0.6381,0.7676,0.7099
1,act_mag,act_mag,10,1,False,0.8059,0.6289,0.0122,0.1271,0.8197,0.8019,0.7962,0.6440,0.7478,0.4950
1,act_mag,act_mag,10,0.01,False,0.8324,0.6925,0.0169,0.0976,0.8497,0.8317,0.8160,0.6860,0.7931,0.5983
1,act_mag,act_mag,10,0.001,False,0.8338,0.7220,0.0178,0.0825,0.8521,0.8328,0.8165,0.6727,0.8173,0.6761
1,act_mag,act_mag,10,0.0001,True,0.8229,0.7365,0.0181,0.0782,0.8428,0.8187,0.8073,0.6690,0.8223,0.7183
1,act_mag,act_mag,10,1e-05,False,0.7936,0.7336,0.0205,0.0766,0.8169,0.7855,0.7783,0.6551,0.8081,0.7378
1,act_mag,act_mag,10,1e-06,False,0.7468,0.7216,0.0276,0.0661,0.7782,0.7358,0.7264,0.6516,0.7830,0.7302
1,act_mag,act_mag,25,1,False,0.8030,0.6038,0.0135,0.1593,0.8186,0.7943,0.7962,0.5477,0.7835,0.4800
1,act_mag,act_mag,25,0.01,False,0.8304,0.6821,0.0121,0.1076,0.8437,0.8273,0.8202,0.6108,0.8058,0.6296
1,act_mag,act_mag,25,0.001,False,0.8332,0.7201,0.0136,0.0957,0.8474,0.8320,0.8204,0.6329,0.8225,0.7051
1,act_mag,act_mag,25,0.0001,True,0.8263,0.7447,0.0146,0.0807,0.8422,0.8232,0.8135,0.6657,0.8270,0.7415
1,act_mag,act_mag,25,1e-05,False,0.7989,0.7452,0.0178,0.0724,0.8192,0.7915,0.7861,0.6679,0.8116,0.7562
1,act_mag,act_mag,25,1e-06,False,0.7525,0.7309,0.0265,0.0629,0.7827,0.7416,0.7332,0.6630,0.7871,0.7428
1,xl_final,xl_final[1],0,1,False,0.8259,0.6592,0.0077,0.0234,0.8348,0.8224,0.8206,0.6548,0.6383,0.6845
1,xl_final,xl_final[1],0,0.01,False,0.8309,0.7004,0.0123,0.0111,0.8292,0.8440,0.8196,0.7015,0.6888,0.7109
1,xl_final,xl_final[1],0,0.001,False,0.8278,0.7126,0.0223,0.0093,0.8176,0.8534,0.8124,0.7224,0.7112,0.7040
1,xl_final,xl_final[1],0,0.0001,True,0.8151,0.7047,0.0232,0.0062,0.8060,0.8415,0.7978,0.7118,0.7005,0.7018
1,xl_final,xl_final[1],0,1e-05,False,0.7783,0.6794,0.0148,0.0160,0.7804,0.7919,0.7625,0.6886,0.6609,0.6887
1,xl_final,xl_final[1],0,1e-06,False,0.7189,0.6616,0.0073,0.0405,0.7240,0.7222,0.7105,0.6725,0.6167,0.6955
1,xl_final,xl_final[1],10,1,False,0.8419,0.6675,0.0059,0.0275,0.8352,0.8461,0.8444,0.6832,0.6834,0.6357
1,xl_final,xl_final[1],10,0.01,False,0.8492,0.7172,0.0146,0.0130,0.8380,0.8657,0.8438,0.7288,0.7195,0.7032
1,xl_final,xl_final[1],10,0.001,False,0.8452,0.7245,0.0236,0.0133,0.8271,0.8720,0.8366,0.7325,0.7320,0.7091
1,xl_final,xl_final[1],10,0.0001,True,0.8307,0.7157,0.0259,0.0009,0.8128,0.8604,0.8189,0.7147,0.7157,0.7165
1,xl_final,xl_final[1],10,1e-05,False,0.7892,0.6924,0.0195,0.0139,0.7829,0.8110,0.7736,0.6899,0.6800,0.7073
1,xl_final,xl_final[1],10,1e-06,False,0.7279,0.6771,0.0119,0.0346,0.7264,0.7405,0.7169,0.6786,0.6419,0.7110
1,xl_final,xl_final[1],25,1,False,0.8357,0.6824,0.0134,0.0246,0.8212,0.8476,0.8383,0.7107,0.6703,0.6661
1,xl_final,xl_final[1],25,0.01,False,0.8508,0.7180,0.0139,0.0294,0.8357,0.8629,0.8537,0.7099,0.6934,0.7506
1,xl_final,xl_final[1],25,0.001,False,0.8513,0.7229,0.0171,0.0262,0.8366,0.8700,0.8473,0.7014,0.7152,0.7522
1,xl_final,xl_final[1],25,0.0001,True,0.8371,0.7166,0.0178,0.0273,0.8266,0.8576,0.8270,0.6922,0.7114,0.7461
1,xl_final,xl_final[1],25,1e-05,False,0.7920,0.6972,0.0135,0.0271,0.7940,0.8043,0.7775,0.6762,0.6876,0.7277
1,xl_final,xl_final[1],25,1e-06,False,0.7324,0.6868,0.0067,0.0296,0.7368,0.7357,0.7246,0.6787,0.6620,0.7196
2,act_rep,act_rep,0,1,False,0.8195,0.7808,0.0221,0.0275,0.8149,0.8001,0.8436,0.7491,0.7950,0.7983
2,act_rep,act_rep,0,0.01,False,0.8544,0.8388,0.0240,0.0158,0.8521,0.8316,0.8795,0.8217,0.8528,0.8420
2,act_rep,act_rep,0,0.001,False,0.8779,0.8563,0.0180,0.0199,0.8806,0.8587,0.8944,0.8333,0.8665,0.8690
2,act_rep,act_rep,0,0.0001,True,0.8865,0.8625,0.0176,0.0212,0.8914,0.8670,0.9010,0.8381,0.8759,0.8736
2,act_rep,act_rep,0,1e-05,False,0.8833,0.8620,0.0156,0.0243,0.8888,0.8657,0.8955,0.8342,0.8793,0.8726
2,act_rep,act_rep,0,1e-06,False,0.8725,0.8614,0.0204,0.0239,0.8845,0.8490,0.8841,0.8338,0.8754,0.8750
2,act_rep,act_rep,10,1,False,0.8357,0.7969,0.0203,0.0316,0.8391,0.8140,0.8541,0.7607,0.8111,0.8190
2,act_rep,act_rep,10,0.01,False,0.8708,0.8437,0.0193,0.0239,0.8719,0.8510,0.8895,0.8167,0.8622,0.8520
2,act_rep,act_rep,10,0.001,False,0.8889,0.8595,0.0165,0.0260,0.8948,0.8703,0.9017,0.8294,0.8756,0.8733
2,act_rep,act_rep,10,0.0001,True,0.8954,0.8680,0.0166,0.0244,0.9029,0.8764,0.9069,0.8400,0.8843,0.8798
2,act_rep,act_rep,10,1e-05,False,0.8924,0.8701,0.0145,0.0252,0.8996,0.8758,0.9019,0.8413,0.8882,0.8806
2,act_rep,act_rep,10,1e-06,False,0.8818,0.8692,0.0193,0.0234,0.8945,0.8596,0.8912,0.8422,0.8831,0.8823
2,act_rep,act_rep,25,1,False,0.8489,0.8043,0.0123,0.0316,0.8449,0.8391,0.8627,0.7680,0.8191,0.8257
2,act_rep,act_rep,25,0.01,False,0.8804,0.8575,0.0170,0.0295,0.8797,0.8638,0.8977,0.8236,0.8774,0.8716
2,act_rep,act_rep,25,0.001,False,0.8953,0.8686,0.0150,0.0296,0.8999,0.8786,0.9075,0.8344,0.8864,0.8850
2,act_rep,act_rep,25,0.0001,True,0.9013,0.8748,0.0145,0.0225,0.9078,0.8847,0.9113,0.8490,0.8892,0.8864
2,act_rep,act_rep,25,1e-05,False,0.8976,0.8757,0.0129,0.0208,0.9043,0.8826,0.9058,0.8518,0.8896,0.8858
2,act_rep,act_rep,25,1e-06,False,0.8850,0.8729,0.0170,0.0187,0.8966,0.8655,0.8931,0.8514,0.8817,0.8856
2,act_mag,act_mag,0,1,False,0.7910,0.6835,0.0173,0.0471,0.8104,0.7854,0.7772,0.6735,0.7349,0.6422
2,act_mag,act_mag,0,0.01,False,0.8179,0.7124,0.0186,0.0511,0.8365,0.8177,0.7994,0.6919,0.7705,0.6748
2,act_mag,act_mag,0,0.001,False,0.8293,0.7274,0.0211,0.0659,0.8484,0.8328,0.8068,0.6893,0.8035,0.6893
2,act_mag,act_mag,0,0.0001,True,0.8247,0.7332,0.0204,0.0788,0.8461,0.8225,0.8054,0.6684,0.8210,0.7102
2,act_mag,act_mag,0,1e-05,False,0.8004,0.7276,0.0201,0.0834,0.8234,0.7914,0.7864,0.6441,0.8108,0.7279
2,act_mag,act_mag,0,1e-06,False,0.7512,0.7084,0.0254,0.0743,0.7804,0.7392,0.7340,0.6305,0.7784,0.7162
2,act_mag,act_mag,10,1,False,0.8026,0.7071,0.0177,0.0391,0.8224,0.7966,0.7886,0.6901,0.7519,0.6794
2,act_mag,act_mag,10,0.01,False,0.8273,0.7329,0.0192,0.0472,0.8473,0.8257,0.8091,0.7045,0.7874,0.7068
2,act_mag,act_mag,10,0.001,False,0.8381,0.7420,0.0219,0.0666,0.8591,0.8399,0.8153,0.6901,0.8171,0.7187
2,act_mag,act_mag,10,0.0001,True,0.8339,0.7471,0.0208,0.0808,0.8560,0.8310,0.8146,0.6708,0.8317,0.7389
2,act_mag,act_mag,10,1e-05,False,0.8099,0.7424,0.0203,0.0847,0.8331,0.8014,0.7952,0.6536,0.8224,0.7511
2,act_mag,act_mag,10,1e-06,False,0.7619,0.7247,0.0267,0.0751,0.7926,0.7490,0.7442,0.6446,0.7936,0.7360
2,act_mag,act_mag,25,1,False,0.8023,0.7061,0.0184,0.0593,0.8190,0.8052,0.7826,0.6393,0.7525,0.7265
2,act_mag,act_mag,25,0.01,False,0.8269,0.7330,0.0167,0.0540,0.8417,0.8302,0.8088,0.6786,0.7866,0.7339
2,act_mag,act_mag,25,0.001,False,0.8374,0.7468,0.0179,0.0661,0.8531,0.8413,0.8179,0.6829,0.8149,0.7426
2,act_mag,act_mag,25,0.0001,True,0.8355,0.7588,0.0170,0.0774,0.8531,0.8343,0.8192,0.6790,0.8334,0.7640
2,act_mag,act_mag,25,1e-05,False,0.8141,0.7545,0.0178,0.0791,0.8342,0.8079,0.8002,0.6685,0.8241,0.7710
2,act_mag,act_mag,25,1e-06,False,0.7668,0.7347,0.0259,0.0715,0.7964,0.7553,0.7487,0.6567,0.7971,0.7502
2,emb_temp,emb_temp[2],0,1,False,0.8039,0.7835,0.0330,0.0482,0.8420,0.7845,0.7853,0.7282,0.8163,0.8061
2,emb_temp,emb_temp[2],0,0.01,False,0.8185,0.8083,0.0301,0.0423,0.8532,0.8014,0.8008,0.7599,0.8382,0.8266
2,emb_temp,emb_temp[2],0,0.001,False,0.8295,0.8240,0.0274,0.0379,0.8611,0.8138,0.8135,0.7809,0.8521,0.8390
2,emb_temp,emb_temp[2],0,0.0001,True,0.8321,0.8277,0.0262,0.0357,0.8623,0.8158,0.8181,0.7869,0.8539,0.8422
2,emb_temp,emb_temp[2],0,1e-05,False,0.8289,0.8267,0.0255,0.0347,0.8583,0.8124,0.8160,0.7870,0.8513,0.8417
2,emb_temp,emb_temp[2],0,1e-06,False,0.8212,0.8218,0.0268,0.0343,0.8521,0.8038,0.8078,0.7825,0.8450,0.8381
2,emb_temp,emb_temp[2],10,1,False,0.7389,0.6903,0.0293,0.0381,0.7704,0.7339,0.7124,0.6496,0.6960,0.7251
2,emb_temp,emb_temp[2],10,0.01,False,0.7752,0.7334,0.0290,0.0441,0.8078,0.7657,0.7523,0.6832,0.7510,0.7659
2,emb_temp,emb_temp[2],10,0.001,False,0.8000,0.7629,0.0277,0.0415,0.8315,0.7895,0.7791,0.7151,0.7890,0.7846
2,emb_temp,emb_temp[2],10,0.0001,True,0.8044,0.7780,0.0274,0.0380,0.8355,0.7940,0.7837,0.7352,0.8079,0.7909
2,emb_temp,emb_temp[2],10,1e-05,False,0.7944,0.7823,0.0257,0.0356,0.8239,0.7833,0.7761,0.7422,0.8099,0.7949
2,emb_temp,emb_temp[2],10,1e-06,False,0.7745,0.7717,0.0266,0.0344,0.8052,0.7604,0.7577,0.7336,0.8004,0.7811
2,emb_temp,emb_temp[2],25,1,False,0.6104,0.5282,0.0045,0.0159,0.6149,0.6060,0.6103,0.5158,0.5462,0.5226
2,emb_temp,emb_temp[2],25,0.01,False,0.7128,0.6209,0.0286,0.0409,0.7458,0.6971,0.6955,0.5884,0.6669,0.6075
2,emb_temp,emb_temp[2],25,0.001,False,0.7519,0.6626,0.0389,0.0544,0.7969,0.7303,0.7286,0.6237,0.7248,0.6392
2,emb_temp,emb_temp[2],25,0.0001,True,0.7663,0.6925,0.0379,0.0503,0.8099,0.7479,0.7410,0.6587,0.7504,0.6685
2,emb_temp,emb_temp[2],25,1e-05,False,0.7611,0.7178,0.0292,0.0358,0.7949,0.7447,0.7438,0.6914,0.7585,0.7035
2,emb_temp,emb_temp[2],25,1e-06,False,0.7396,0.7260,0.0261,0.0268,0.7691,0.7194,0.7304,0.6995,0.7530,0.7255
2,xl_final,xl_final[2],0,1,False,0.7986,0.7086,0.0069,0.0284,0.8061,0.7972,0.7924,0.6761,0.7211,0.7286
2,xl_final,xl_final[2],0,0.01,False,0.8164,0.7221,0.0146,0.0138,0.8222,0.8273,0.7998,0.7062,0.7303,0.7298
2,xl_final,xl_final[2],0,0.001,False,0.8237,0.7128,0.0240,0.0013,0.8264,0.8463,0.7985,0.7141,0.7114,0.7129
2,xl_final,xl_final[2],0,0.0001,True,0.8223,0.6943,0.0253,0.0130,0.8212,0.8481,0.7976,0.7093,0.6861,0.6874
2,xl_final,xl_final[2],0,1e-05,False,0.7926,0.6626,0.0173,0.0247,0.7938,0.8093,0.7747,0.6911,0.6466,0.6502
2,xl_final,xl_final[2],0,1e-06,False,0.7450,0.6327,0.0132,0.0358,0.7498,0.7551,0.7301,0.6733,0.6192,0.6056
2,xl_final,xl_final[2],10,1,False,0.8116,0.7144,0.0029,0.0088,0.8084,0.8122,0.8140,0.7044,0.7211,0.7176
2,xl_final,xl_final[2],10,0.01,False,0.8298,0.7124,0.0098,0.0003,0.8244,0.8412,0.8239,0.7128,0.7123,0.7123
2,xl_final,xl_final[2],10,0.001,False,0.8342,0.7020,0.0192,0.0114,0.8285,0.8556,0.8184,0.7141,0.6915,0.7004
2,xl_final,xl_final[2],10,0.0001,True,0.8290,0.6907,0.0232,0.0216,0.8258,0.8536,0.8075,0.7087,0.6668,0.6966
2,xl_final,xl_final[2],10,1e-05,False,0.7945,0.6633,0.0202,0.0344,0.7955,0.8143,0.7739,0.6876,0.6240,0.6782
2,xl_final,xl_final[2],10,1e-06,False,0.7373,0.6266,0.0182,0.0393,0.7377,0.7552,0.7188,0.6550,0.5817,0.6431
2,xl_final,xl_final[2],25,1,False,0.8203,0.6919,0.0112,0.0195,0.8193,0.8096,0.8320,0.6904,0.7121,0.6733
2,xl_final,xl_final[2],25,0.01,False,0.8394,0.6827,0.0062,0.0195,0.8336,0.8387,0.8459,0.6736,0.7051,0.6693
2,xl_final,xl_final[2],25,0.001,False,0.8445,0.6764,0.0084,0.0066,0.8366,0.8534,0.8434,0.6716,0.6839,0.6737
2,xl_final,xl_final[2],25,0.0001,True,0.8392,0.6762,0.0122,0.0180,0.8315,0.8532,0.8328,0.6788,0.6570,0.6927
2,xl_final,xl_final[2],25,1e-05,False,0.8002,0.6509,0.0113,0.0321,0.7948,0.8133,0.7926,0.6649,0.6141,0.6736
2,xl_final,xl_final[2],25,1e-06,False,0.7273,0.6107,0.0141,0.0420,0.7197,0.7437,0.7187,0.6284,0.5628,0.6410
3,act_rep,act_rep,0,1,False,0.8235,0.7827,0.0150,0.0413,0.8250,0.8078,0.8376,0.7352,0.8103,0.8025
3,act_rep,act_rep,0,0.01,False,0.8628,0.8284,0.0158,0.0388,0.8654,0.8459,0.8771,0.7845,0.8428,0.8578
3,act_rep,act_rep,0,0.001,False,0.8830,0.8478,0.0160,0.0327,0.8877,0.8652,0.8961,0.8111,0.8581,0.8740
3,act_rep,act_rep,0,0.0001,True,0.8890,0.8577,0.0178,0.0264,0.8937,0.8692,0.9040,0.8272,0.8741,0.8717
3,act_rep,act_rep,0,1e-05,False,0.8854,0.8617,0.0165,0.0256,0.8909,0.8669,0.8985,0.8322,0.8786,0.8744
3,act_rep,act_rep,0,1e-06,False,0.8744,0.8621,0.0203,0.0242,0.8867,0.8509,0.8854,0.8342,0.8744,0.8777
3,act_rep,act_rep,10,1,False,0.8438,0.7937,0.0166,0.0519,0.8495,0.8251,0.8568,0.7339,0.8208,0.8264
3,act_rep,act_rep,10,0.01,False,0.8769,0.8305,0.0163,0.0454,0.8841,0.8583,0.8885,0.7788,0.8494,0.8634
3,act_rep,act_rep,10,0.001,False,0.8932,0.8503,0.0160,0.0355,0.9007,0.8748,0.9040,0.8097,0.8657,0.8754
3,act_rep,act_rep,10,0.0001,True,0.8975,0.8629,0.0159,0.0278,0.9042,0.8794,0.9091,0.8310,0.8817,0.8759
3,act_rep,act_rep,10,1e-05,False,0.8943,0.8694,0.0147,0.0259,0.9013,0.8774,0.9043,0.8396,0.8873,0.8812
3,act_rep,act_rep,10,1e-06,False,0.8834,0.8698,0.0190,0.0236,0.8965,0.8616,0.8922,0.8426,0.8820,0.8847
3,act_rep,act_rep,25,1,False,0.8535,0.7985,0.0113,0.0267,0.8601,0.8405,0.8600,0.7685,0.8195,0.8075
3,act_rep,act_rep,25,0.01,False,0.8842,0.8470,0.0167,0.0440,0.8888,0.8657,0.8980,0.7962,0.8735,0.8714
3,act_rep,act_rep,25,0.001,False,0.8982,0.8626,0.0145,0.0384,0.9034,0.8818,0.9094,0.8183,0.8839,0.8856
3,act_rep,act_rep,25,0.0001,True,0.9024,0.8706,0.0147,0.0267,0.9089,0.8855,0.9127,0.8398,0.8875,0.8845
3,act_rep,act_rep,25,1e-05,False,0.8990,0.8746,0.0134,0.0222,0.9059,0.8835,0.9075,0.8491,0.8882,0.8867
3,act_rep,act_rep,25,1e-06,False,0.8865,0.8726,0.0168,0.0196,0.8986,0.8674,0.8937,0.8504,0.8803,0.8872
3,act_mag,act_mag,0,1,False,0.7881,0.6837,0.0169,0.0362,0.8022,0.7928,0.7694,0.6738,0.7239,0.6535
3,act_mag,act_mag,0,0.01,False,0.8110,0.7055,0.0182,0.0396,0.8269,0.8150,0.7911,0.6897,0.7505,0.6762
3,act_mag,act_mag,0,0.001,False,0.8296,0.7273,0.0180,0.0548,0.8460,0.8324,0.8103,0.6892,0.7900,0.7026
3,act_mag,act_mag,0,0.0001,True,0.8298,0.7383,0.0181,0.0717,0.8483,0.8289,0.8122,0.6770,0.8171,0.7209
3,act_mag,act_mag,0,1e-05,False,0.8049,0.7329,0.0202,0.0787,0.8272,0.7997,0.7879,0.6536,0.8110,0.7341
3,act_mag,act_mag,0,1e-06,False,0.7520,0.7121,0.0268,0.0696,0.7824,0.7419,0.7317,0.6396,0.7785,0.7181
3,act_mag,act_mag,10,1,False,0.7979,0.7132,0.0174,0.0341,0.8131,0.8018,0.7789,0.7032,0.7511,0.6851
3,act_mag,act_mag,10,0.01,False,0.8205,0.7296,0.0184,0.0414,0.8375,0.8231,0.8009,0.7090,0.7773,0.7026
3,act_mag,act_mag,10,0.001,False,0.8388,0.7442,0.0184,0.0566,0.8563,0.8404,0.8197,0.6975,0.8071,0.7281
3,act_mag,act_mag,10,0.0001,True,0.8392,0.7527,0.0181,0.0723,0.8580,0.8379,0.8218,0.6842,0.8282,0.7456
3,act_mag,act_mag,10,1e-05,False,0.8146,0.7472,0.0201,0.0787,0.8368,0.8095,0.7975,0.6655,0.8224,0.7537
3,act_mag,act_mag,10,1e-06,False,0.7630,0.7282,0.0279,0.0703,0.7948,0.7516,0.7426,0.6541,0.7938,0.7366
3,act_mag,act_mag,25,1,False,0.7991,0.7144,0.0169,0.0311,0.8127,0.8044,0.7801,0.6799,0.7402,0.7232
3,act_mag,act_mag,25,0.01,False,0.8208,0.7344,0.0170,0.0355,0.8348,0.8257,0.8019,0.6987,0.7698,0.7349
3,act_mag,act_mag,25,0.001,False,0.8385,0.7517,0.0162,0.0516,0.8521,0.8429,0.8206,0.7008,0.8039,0.7506
3,act_mag,act_mag,25,0.0001,True,0.8405,0.7639,0.0160,0.0667,0.8562,0.8408,0.8243,0.6959,0.8292,0.7666
3,act_mag,act_mag,25,1e-05,False,0.8181,0.7588,0.0190,0.0725,0.8387,0.8146,0.8011,0.6807,0.8241,0.7716
3,act_mag,act_mag,25,1e-06,False,0.7682,0.7382,0.0275,0.0664,0.7995,0.7574,0.7477,0.6667,0.7978,0.7502
3,emb_temp,emb_temp[3],0,1,False,0.7893,0.7825,0.0340,0.0373,0.8286,0.7696,0.7699,0.7400,0.8100,0.7974
3,emb_temp,emb_temp[3],0,0.01,False,0.8032,0.7956,0.0326,0.0362,0.8408,0.7847,0.7840,0.7544,0.8224,0.8101
3,emb_temp,emb_temp[3],0,0.001,False,0.8194,0.8105,0.0297,0.0346,0.8536,0.8034,0.8012,0.7711,0.8361,0.8242
3,emb_temp,emb_temp[3],0,0.0001,True,0.8242,0.8148,0.0285,0.0364,0.8571,0.8076,0.8079,0.7734,0.8418,0.8293
3,emb_temp,emb_temp[3],0,1e-05,False,0.8210,0.8149,0.0276,0.0364,0.8528,0.8042,0.8059,0.7732,0.8403,0.8312
3,emb_temp,emb_temp[3],0,1e-06,False,0.8126,0.8108,0.0290,0.0355,0.8461,0.7953,0.7965,0.7699,0.8338,0.8288
3,emb_temp,emb_temp[3],10,1,False,0.7402,0.7006,0.0203,0.0301,0.7609,0.7392,0.7204,0.6671,0.7254,0.7092
3,emb_temp,emb_temp[3],10,0.01,False,0.7660,0.7298,0.0221,0.0369,0.7892,0.7636,0.7451,0.6885,0.7596,0.7413
3,emb_temp,emb_temp[3],10,0.001,False,0.7934,0.7563,0.0253,0.0426,0.8211,0.7879,0.7713,0.7083,0.7899,0.7705
3,emb_temp,emb_temp[3],10,0.0001,True,0.8033,0.7714,0.0261,0.0397,0.8326,0.7950,0.7824,0.7266,0.8022,0.7855
3,emb_temp,emb_temp[3],10,1e-05,False,0.7949,0.7775,0.0246,0.0351,0.8228,0.7856,0.7762,0.7378,0.8046,0.7902
3,emb_temp,emb_temp[3],10,1e-06,False,0.7741,0.7682,0.0250,0.0325,0.8027,0.7629,0.7567,0.7320,0.7950,0.7777
3,emb_temp,emb_temp[3],25,1,False,0.6012,0.5315,0.0049,0.0180,0.6065,0.5968,0.6001,0.5138,0.5497,0.5309
3,emb_temp,emb_temp[3],25,0.01,False,0.6936,0.6117,0.0234,0.0328,0.7198,0.6863,0.6747,0.5805,0.6460,0.6086
3,emb_temp,emb_temp[3],25,0.001,False,0.7405,0.6574,0.0356,0.0423,0.7807,0.7276,0.7130,0.6171,0.7015,0.6536
3,emb_temp,emb_temp[3],25,0.0001,True,0.7632,0.6962,0.0334,0.0352,0.8007,0.7517,0.7371,0.6616,0.7319,0.6951
3,emb_temp,emb_temp[3],25,1e-05,False,0.7601,0.7247,0.0251,0.0250,0.7887,0.7498,0.7418,0.6990,0.7489,0.7262
3,emb_temp,emb_temp[3],25,1e-06,False,0.7385,0.7276,0.0220,0.0222,0.7639,0.7254,0.7262,0.7026,0.7449,0.7352
3,xl_final,xl_final[3],0,1,False,0.8070,0.6924,0.0214,0.0241,0.8189,0.8197,0.7822,0.6701,0.6893,0.7179
3,xl_final,xl_final[3],0,0.01,False,0.8222,0.7012,0.0227,0.0116,0.8271,0.8421,0.7975,0.6939,0.6951,0.7145
3,xl_final,xl_final[3],0,0.001,False,0.8285,0.6966,0.0274,0.0097,0.8274,0.8565,0.8017,0.6996,0.6857,0.7044
3,xl_final,xl_final[3],0,0.0001,True,0.8226,0.6887,0.0291,0.0152,0.8223,0.8519,0.7938,0.6932,0.6718,0.7012
3,xl_final,xl_final[3],0,1e-05,False,0.7859,0.6660,0.0195,0.0248,0.7895,0.8034,0.7648,0.6743,0.6380,0.6855
3,xl_final,xl_final[3],0,1e-06,False,0.7219,0.6312,0.0116,0.0348,0.7248,0.7319,0.7092,0.6498,0.5910,0.6527
3,xl_final,xl_final[3],10,1,False,0.8226,0.7050,0.0126,0.0261,0.8118,0.8365,0.8196,0.6971,0.6838,0.7342
3,xl_final,xl_final[3],10,0.01,False,0.8398,0.7173,0.0150,0.0136,0.8289,0.8570,0.8336,0.7204,0.7025,0.7292
3,xl_final,xl_final[3],10,0.001,False,0.8469,0.7172,0.0199,0.0058,0.8374,0.8698,0.8336,0.7230,0.7114,0.7171
3,xl_final,xl_final[3],10,0.0001,True,0.8412,0.7088,0.0228,0.0075,0.8398,0.8648,0.8192,0.7089,0.7012,0.7162
3,xl_final,xl_final[3],10,1e-05,False,0.8002,0.6846,0.0200,0.0218,0.8051,0.8174,0.7782,0.6860,0.6622,0.7056
3,xl_final,xl_final[3],10,1e-06,False,0.7266,0.6518,0.0191,0.0333,0.7290,0.7444,0.7064,0.6615,0.6148,0.6792
3,xl_final,xl_final[3],25,1,False,0.8238,0.6804,0.0255,0.0042,0.7944,0.8373,0.8398,0.6797,0.6765,0.6849
3,xl_final,xl_final[3],25,0.01,False,0.8463,0.6946,0.0209,0.0074,0.8223,0.8606,0.8559,0.6877,0.7025,0.6938
3,xl_final,xl_final[3],25,0.001,False,0.8582,0.6970,0.0157,0.0084,0.8429,0.8742,0.8575,0.6921,0.7067,0.6922
3,xl_final,xl_final[3],25,0.0001,True,0.8547,0.6983,0.0127,0.0047,0.8511,0.8688,0.8442,0.6959,0.7037,0.6954
3,xl_final,xl_final[3],25,1e-05,False,0.8124,0.6779,0.0089,0.0039,0.8132,0.8209,0.8032,0.6778,0.6740,0.6818
3,xl_final,xl_final[3],25,1e-06,False,0.7321,0.6485,0.0110,0.0165,0.7275,0.7446,0.7242,0.6531,0.6302,0.6622
4,act_rep,act_rep,0,1,False,0.8175,0.7773,0.0270,0.0433,0.8149,0.7918,0.8457,0.7280,0.8091,0.7949
4,act_rep,act_rep,0,0.01,False,0.8548,0.8295,0.0214,0.0322,0.8553,0.8331,0.8759,0.7925,0.8445,0.8514
4,act_rep,act_rep,0,0.001,False,0.8794,0.8513,0.0154,0.0289,0.8809,0.8634,0.8941,0.8182,0.8649,0.8709
4,act_rep,act_rep,0,0.0001,True,0.8901,0.8590,0.0172,0.0284,0.8934,0.8715,0.9055,0.8266,0.8797,0.8708
4,act_rep,act_rep,0,1e-05,False,0.8860,0.8610,0.0174,0.0284,0.8911,0.8666,0.9002,0.8285,0.8814,0.8730
4,act_rep,act_rep,0,1e-06,False,0.8730,0.8601,0.0213,0.0260,0.8862,0.8484,0.8844,0.8301,0.8748,0.8753
4,act_rep,act_rep,10,1,False,0.8380,0.7926,0.0217,0.0483,0.8366,0.8170,0.8602,0.7371,0.8248,0.8158
4,act_rep,act_rep,10,0.01,False,0.8713,0.8333,0.0174,0.0372,0.8726,0.8533,0.8881,0.7903,0.8544,0.8551
4,act_rep,act_rep,10,0.001,False,0.8903,0.8549,0.0143,0.0307,0.8947,0.8744,0.9019,0.8194,0.8726,0.8726
4,act_rep,act_rep,10,0.0001,True,0.8987,0.8645,0.0146,0.0293,0.9038,0.8822,0.9100,0.8314,0.8870,0.8751
4,act_rep,act_rep,10,1e-05,False,0.8949,0.8687,0.0148,0.0284,0.9013,0.8780,0.9054,0.8363,0.8895,0.8802
4,act_rep,act_rep,10,1e-06,False,0.8825,0.8679,0.0193,0.0252,0.8960,0.8603,0.8911,0.8388,0.8823,0.8825
4,act_rep,act_rep,25,1,False,0.8485,0.8058,0.0199,0.0322,0.8590,0.8255,0.8610,0.7695,0.8307,0.8173
4,act_rep,act_rep,25,0.01,False,0.8815,0.8495,0.0172,0.0343,0.8847,0.8629,0.8969,0.8099,0.8689,0.8696
4,act_rep,act_rep,25,0.001,False,0.8955,0.8667,0.0141,0.0313,0.8992,0.8799,0.9073,0.8306,0.8850,0.8845
4,act_rep,act_rep,25,0.0001,True,0.9030,0.8722,0.0138,0.0270,0.9085,0.8873,0.9133,0.8412,0.8905,0.8848
4,act_rep,act_rep,25,1e-05,False,0.8995,0.8739,0.0129,0.0246,0.9056,0.8847,0.9081,0.8455,0.8897,0.8864
4,act_rep,act_rep,25,1e-06,False,0.8858,0.8708,0.0166,0.0213,0.8980,0.8669,0.8926,0.8463,0.8807,0.8853
4,act_mag,act_mag,0,1,False,0.7874,0.6718,0.0198,0.0421,0.8078,0.7861,0.7683,0.6545,0.7197,0.6410
4,act_mag,act_mag,0,0.01,False,0.8093,0.6923,0.0202,0.0459,0.8298,0.8086,0.7893,0.6641,0.7453,0.6677
4,act_mag,act_mag,0,0.001,False,0.8292,0.7207,0.0196,0.0589,0.8482,0.8305,0.8090,0.6732,0.7865,0.7023
4,act_mag,act_mag,0,0.0001,True,0.8310,0.7379,0.0189,0.0714,0.8504,0.8297,0.8128,0.6724,0.8139,0.7272
4,act_mag,act_mag,0,1e-05,False,0.8050,0.7322,0.0210,0.0784,0.8281,0.7996,0.7872,0.6524,0.8092,0.7351
4,act_mag,act_mag,0,1e-06,False,0.7510,0.7107,0.0276,0.0695,0.7822,0.7407,0.7301,0.6392,0.7779,0.7151
4,act_mag,act_mag,10,1,False,0.7983,0.7023,0.0172,0.0428,0.8151,0.7990,0.7808,0.6796,0.7517,0.6757
4,act_mag,act_mag,10,0.01,False,0.8207,0.7190,0.0192,0.0493,0.8394,0.8215,0.8011,0.6820,0.7749,0.7001
4,act_mag,act_mag,10,0.001,False,0.8394,0.7395,0.0192,0.0620,0.8576,0.8412,0.8193,0.6826,0.8056,0.7303
4,act_mag,act_mag,10,0.0001,True,0.8404,0.7528,0.0185,0.0724,0.8595,0.8392,0.8226,0.6810,0.8259,0.7516
4,act_mag,act_mag,10,1e-05,False,0.8148,0.7465,0.0208,0.0783,0.8377,0.8097,0.7970,0.6647,0.8208,0.7540
4,act_mag,act_mag,10,1e-06,False,0.7626,0.7269,0.0284,0.0700,0.7949,0.7514,0.7415,0.6538,0.7934,0.7335
4,act_mag,act_mag,25,1,False,0.7960,0.7125,0.0163,0.0403,0.8128,0.7947,0.7803,0.6719,0.7524,0.7133
4,act_mag,act_mag,25,0.01,False,0.8190,0.7279,0.0169,0.0484,0.8357,0.8195,0.8019,0.6780,0.7748,0.7307
4,act_mag,act_mag,25,0.001,False,0.8388,0.7485,0.0163,0.0586,0.8537,0.8411,0.8215,0.6878,0.8047,0.7530
4,act_mag,act_mag,25,0.0001,True,0.8416,0.7636,0.0163,0.0675,0.8577,0.8419,0.8252,0.6927,0.8272,0.7708
4,act_mag,act_mag,25,1e-05,False,0.8180,0.7575,0.0201,0.0721,0.8396,0.8143,0.8000,0.6797,0.8222,0.7705
4,act_mag,act_mag,25,1e-06,False,0.7682,0.7371,0.0281,0.0659,0.8000,0.7576,0.7469,0.6669,0.7976,0.7469
4,emb_temp,emb_temp[4],0,1,False,0.7876,0.7778,0.0360,0.0364,0.8291,0.7670,0.7666,0.7365,0.8051,0.7918
4,emb_temp,emb_temp[4],0,0.01,False,0.7993,0.7897,0.0341,0.0354,0.8387,0.7808,0.7784,0.7490,0.8136,0.8064
4,emb_temp,emb_temp[4],0,0.001,False,0.8151,0.8072,0.0310,0.0349,0.8509,0.7988,0.7958,0.7669,0.8291,0.8255
4,emb_temp,emb_temp[4],0,0.0001,True,0.8216,0.8142,0.0289,0.0366,0.8549,0.8059,0.8040,0.7721,0.8383,0.8321
4,emb_temp,emb_temp[4],0,1e-05,False,0.8184,0.8133,0.0281,0.0365,0.8508,0.8027,0.8016,0.7713,0.8368,0.8318
4,emb_temp,emb_temp[4],0,1e-06,False,0.8096,0.8081,0.0293,0.0357,0.8434,0.7935,0.7919,0.7669,0.8302,0.8273
4,emb_temp,emb_temp[4],10,1,False,0.7350,0.7005,0.0224,0.0457,0.7556,0.7383,0.7112,0.6551,0.7466,0.6998
4,emb_temp,emb_temp[4],10,0.01,False,0.7612,0.7230,0.0245,0.0453,0.7857,0.7613,0.7367,0.6769,0.7675,0.7246
4,emb_temp,emb_temp[4],10,0.001,False,0.7928,0.7535,0.0268,0.0435,0.8213,0.7890,0.7681,0.7065,0.7924,0.7616
4,emb_temp,emb_temp[4],10,0.0001,True,0.8041,0.7733,0.0266,0.0393,0.8335,0.7969,0.7818,0.7294,0.8051,0.7854
4,emb_temp,emb_temp[4],10,1e-05,False,0.7962,0.7805,0.0248,0.0343,0.8244,0.7868,0.7775,0.7416,0.8064,0.7934
4,emb_temp,emb_temp[4],10,1e-06,False,0.7755,0.7704,0.0248,0.0320,0.8040,0.7636,0.7590,0.7344,0.7954,0.7814
4,emb_temp,emb_temp[4],25,1,False,0.6053,0.5327,0.0074,0.0242,0.6004,0.6138,0.6016,0.5068,0.5546,0.5366
4,emb_temp,emb_temp[4],25,0.01,False,0.6949,0.6085,0.0209,0.0545,0.7171,0.6921,0.6755,0.5565,0.6651,0.6039
4,emb_temp,emb_temp[4],25,0.001,False,0.7455,0.6603,0.0354,0.0612,0.7847,0.7362,0.7157,0.6044,0.7257,0.6509
4,emb_temp,emb_temp[4],25,0.0001,True,0.7689,0.7028,0.0373,0.0471,0.8094,0.7615,0.7358,0.6598,0.7532,0.6955
4,emb_temp,emb_temp[4],25,1e-05,False,0.7645,0.7304,0.0303,0.0299,0.7981,0.7563,0.7392,0.7017,0.7614,0.7282
4,emb_temp,emb_temp[4],25,1e-06,False,0.7440,0.7337,0.0257,0.0236,0.7737,0.7294,0.7290,0.7078,0.7539,0.7395
4,xl_final,xl_final[4],0,1,False,0.8079,0.6951,0.0192,0.0330,0.8229,0.8145,0.7863,0.6655,0.6891,0.7307
4,xl_final,xl_final[4],0,0.01,False,0.8240,0.7082,0.0200,0.0309,0.8346,0.8364,0.8009,0.6817,0.7008,0.7421
4,xl_final,xl_final[4],0,0.001,False,0.8327,0.7128,0.0241,0.0259,0.8380,0.8538,0.8065,0.6920,0.7046,0.7419
4,xl_final,xl_final[4],0,0.0001,True,0.8291,0.7070,0.0269,0.0244,0.8353,0.8524,0.7997,0.6952,0.6906,0.7351
4,xl_final,xl_final[4],0,1e-05,False,0.7907,0.6811,0.0215,0.0268,0.8005,0.8056,0.7660,0.6844,0.6529,0.7062
4,xl_final,xl_final[4],0,1e-06,False,0.7182,0.6432,0.0139,0.0391,0.7242,0.7281,0.7022,0.6638,0.5981,0.6676
4,xl_final,xl_final[4],10,1,False,0.8233,0.6983,0.0077,0.0330,0.8275,0.8280,0.8144,0.6779,0.6806,0.7363
4,xl_final,xl_final[4],10,0.01,False,0.8424,0.7153,0.0107,0.0329,0.8438,0.8523,0.8310,0.6846,0.7111,0.7500
4,xl_final,xl_final[4],10,0.001,False,0.8529,0.7234,0.0164,0.0282,0.8535,0.8690,0.8362,0.6944,0.7252,0.7506
4,xl_final,xl_final[4],10,0.0001,True,0.8470,0.7217,0.0215,0.0236,0.8507,0.8665,0.8240,0.6996,0.7189,0.7465
4,xl_final,xl_final[4],10,1e-05,False,0.8036,0.6977,0.0199,0.0235,0.8096,0.8199,0.7814,0.6885,0.6802,0.7244
4,xl_final,xl_final[4],10,1e-06,False,0.7251,0.6661,0.0185,0.0328,0.7247,0.7438,0.7068,0.6703,0.6313,0.6966
4,xl_final,xl_final[4],25,1,False,0.8217,0.6852,0.0156,0.0320,0.8040,0.8330,0.8282,0.6483,0.7044,0.7029
4,xl_final,xl_final[4],25,0.01,False,0.8464,0.6983,0.0119,0.0416,0.8341,0.8577,0.8474,0.6503,0.7195,0.7250
4,xl_final,xl_final[4],25,0.001,False,0.8615,0.7060,0.0111,0.0370,0.8558,0.8743,0.8544,0.6637,0.7217,0.7326
4,xl_final,xl_final[4],25,0.0001,True,0.8567,0.7110,0.0149,0.0258,0.8551,0.8724,0.8427,0.6836,0.7146,0.7349
4,xl_final,xl_final[4],25,1e-05,False,0.8149,0.6932,0.0148,0.0203,0.8171,0.8286,0.7992,0.6783,0.6850,0.7163
4,xl_final,xl_final[4],25,1e-06,False,0.7350,0.6660,0.0177,0.0257,0.7387,0.7506,0.7158,0.6627,0.6421,0.6933
5,act_rep,act_rep,0,1,False,0.7991,0.7495,0.0226,0.0451,0.7967,0.7778,0.8228,0.6975,0.7738,0.7772
5,act_rep,act_rep,0,0.01,False,0.8394,0.8019,0.0194,0.0472,0.8266,0.8299,0.8618,0.7490,0.8395,0.8172
5,act_rep,act_rep,0,0.001,False,0.8696,0.8374,0.0130,0.0371,0.8641,0.8601,0.8844,0.7953,0.8649,0.8521
5,act_rep,act_rep,0,0.0001,True,0.8857,0.8581,0.0149,0.0283,0.8875,0.8700,0.8995,0.8260,0.8790,0.8694
5,act_rep,act_rep,0,1e-05,False,0.8862,0.8632,0.0176,0.0270,0.8933,0.8662,0.8990,0.8321,0.8816,0.8758
5,act_rep,act_rep,0,1e-06,False,0.8742,0.8617,0.0210,0.0242,0.8883,0.8501,0.8842,0.8338,0.8747,0.8766
5,act_rep,act_rep,10,1,False,0.8172,0.7585,0.0133,0.0766,0.8150,0.8052,0.8315,0.6715,0.8157,0.7885
5,act_rep,act_rep,10,0.01,False,0.8568,0.8047,0.0138,0.0589,0.8508,0.8470,0.8726,0.7381,0.8498,0.8261
5,act_rep,act_rep,10,0.001,False,0.8812,0.8399,0.0112,0.0425,0.8825,0.8695,0.8918,0.7916,0.8717,0.8565
5,act_rep,act_rep,10,0.0001,True,0.8943,0.8634,0.0141,0.0295,0.9001,0.8783,0.9046,0.8301,0.8860,0.8742
5,act_rep,act_rep,10,1e-05,False,0.8952,0.8710,0.0155,0.0267,0.9038,0.8774,0.9046,0.8404,0.8895,0.8832
5,act_rep,act_rep,10,1e-06,False,0.8839,0.8699,0.0192,0.0233,0.8985,0.8621,0.8910,0.8430,0.8822,0.8843
5,act_rep,act_rep,25,1,False,0.8275,0.7691,0.0143,0.0464,0.8287,0.8125,0.8411,0.7159,0.7901,0.8012
5,act_rep,act_rep,25,0.01,False,0.8701,0.8149,0.0127,0.0636,0.8702,0.8574,0.8828,0.7426,0.8619,0.8403
5,act_rep,act_rep,25,0.001,False,0.8880,0.8481,0.0117,0.0470,0.8913,0.8751,0.8977,0.7949,0.8837,0.8658
5,act_rep,act_rep,25,0.0001,True,0.8994,0.8696,0.0132,0.0288,0.9058,0.8843,0.9082,0.8367,0.8895,0.8828
5,act_rep,act_rep,25,1e-05,False,0.8998,0.8761,0.0134,0.0230,0.9080,0.8843,0.9070,0.8496,0.8896,0.8892
5,act_rep,act_rep,25,1e-06,False,0.8875,0.8731,0.0164,0.0196,0.9008,0.8691,0.8924,0.8508,0.8810,0.8875
5,act_mag,act_mag,0,1,False,0.7877,0.6681,0.0214,0.0688,0.8068,0.7917,0.7645,0.6028,0.7400,0.6615
5,act_mag,act_mag,0,0.01,False,0.8088,0.6946,0.0228,0.0658,0.8293,0.8130,0.7842,0.6336,0.7644,0.6857
5,act_mag,act_mag,0,0.001,False,0.8306,0.7277,0.0222,0.0629,0.8510,0.8337,0.8069,0.6682,0.7934,0.7216
5,act_mag,act_mag,0,0.0001,True,0.8355,0.7475,0.0199,0.0677,0.8560,0.8345,0.8161,0.6806,0.8160,0.7459
5,act_mag,act_mag,0,1e-05,False,0.8162,0.7448,0.0224,0.0754,0.8406,0.8113,0.7966,0.6652,0.8150,0.7542
5,act_mag,act_mag,0,1e-06,False,0.7646,0.7212,0.0284,0.0669,0.7961,0.7565,0.7410,0.6512,0.7845,0.7278
5,act_mag,act_mag,10,1,False,0.7985,0.6849,0.0208,0.0711,0.8168,0.8027,0.7759,0.6231,0.7627,0.6689
5,act_mag,act_mag,10,0.01,False,0.8197,0.7088,0.0224,0.0700,0.8394,0.8244,0.7954,0.6448,0.7836,0.6979
5,act_mag,act_mag,10,0.001,False,0.8408,0.7398,0.0216,0.0686,0.8604,0.8443,0.8177,0.6704,0.8076,0.7414
5,act_mag,act_mag,10,0.0001,True,0.8453,0.7601,0.0191,0.0705,0.8650,0.8441,0.8268,0.6862,0.8267,0.7674
5,act_mag,act_mag,10,1e-05,False,0.8261,0.7585,0.0218,0.0755,0.8498,0.8213,0.8070,0.6771,0.8262,0.7721
5,act_mag,act_mag,10,1e-06,False,0.7760,0.7369,0.0292,0.0672,0.8085,0.7671,0.7522,0.6658,0.7994,0.7456
5,act_mag,act_mag,25,1,False,0.7932,0.6963,0.0209,0.0718,0.8127,0.7957,0.7710,0.6178,0.7587,0.7123
5,act_mag,act_mag,25,0.01,False,0.8162,0.7174,0.0203,0.0689,0.8354,0.8183,0.7950,0.6431,0.7791,0.7300
5,act_mag,act_mag,25,0.001,False,0.8390,0.7452,0.0176,0.0662,0.8550,0.8420,0.8202,0.6741,0.8051,0.7566
5,act_mag,act_mag,25,0.0001,True,0.8460,0.7682,0.0162,0.0676,0.8622,0.8459,0.8298,0.6948,0.8279,0.7821
5,act_mag,act_mag,25,1e-05,False,0.8280,0.7669,0.0211,0.0708,0.8506,0.8248,0.8087,0.6888,0.8269,0.7850
5,act_mag,act_mag,25,1e-06,False,0.7807,0.7461,0.0293,0.0636,0.8133,0.7723,0.7565,0.6774,0.8031,0.7578
5,emb_temp,emb_temp[5],0,1,False,0.7913,0.7735,0.0335,0.0443,0.8300,0.7721,0.7719,0.7228,0.8051,0.7924
5,emb_temp,emb_temp[5],0,0.01,False,0.8023,0.7865,0.0336,0.0419,0.8410,0.7828,0.7829,0.7385,0.8155,0.8056
5,emb_temp,emb_temp[5],0,0.001,False,0.8187,0.8077,0.0308,0.0387,0.8542,0.8017,0.8002,0.7631,0.8326,0.8274
5,emb_temp,emb_temp[5],0,0.0001,True,0.8265,0.8190,0.0289,0.0374,0.8600,0.8106,0.8091,0.7759,0.8427,0.8384
5,emb_temp,emb_temp[5],0,1e-05,False,0.8243,0.8197,0.0287,0.0365,0.8574,0.8092,0.8065,0.7777,0.8422,0.8393
5,emb_temp,emb_temp[5],0,1e-06,False,0.8161,0.8143,0.0291,0.0358,0.8496,0.8016,0.7970,0.7730,0.8357,0.8344
5,emb_temp,emb_temp[5],10,1,False,0.7356,0.6745,0.0309,0.0425,0.7638,0.7404,0.7026,0.6272,0.7095,0.6868
5,emb_temp,emb_temp[5],10,0.01,False,0.7609,0.7052,0.0302,0.0466,0.7902,0.7626,0.7298,0.6539,0.7451,0.7167
5,emb_temp,emb_temp[5],10,0.001,False,0.7940,0.7448,0.0291,0.0486,0.8245,0.7908,0.7666,0.6910,0.7857,0.7576
5,emb_temp,emb_temp[5],10,0.0001,True,0.8087,0.7755,0.0273,0.0401,0.8386,0.8020,0.7854,0.7302,0.8065,0.7897
5,emb_temp,emb_temp[5],10,1e-05,False,0.8029,0.7874,0.0256,0.0344,0.8317,0.7942,0.7829,0.7481,0.8118,0.8024
5,emb_temp,emb_temp[5],10,1e-06,False,0.7840,0.7788,0.0251,0.0333,0.8126,0.7738,0.7655,0.7408,0.8026,0.7931
5,emb_temp,emb_temp[5],25,1,False,0.6287,0.5371,0.0080,0.0266,0.6265,0.6375,0.6220,0.5209,0.5678,0.5225
5,emb_temp,emb_temp[5],25,0.01,False,0.7115,0.6039,0.0197,0.0542,0.7312,0.7115,0.6917,0.5591,0.6641,0.5884
5,emb_temp,emb_temp[5],25,0.001,False,0.7595,0.6527,0.0321,0.0614,0.7933,0.7558,0.7293,0.6077,0.7227,0.6278
5,emb_temp,emb_temp[5],25,0.0001,True,0.7827,0.7039,0.0329,0.0428,0.8170,0.7799,0.7513,0.6753,0.7531,0.6832
5,emb_temp,emb_temp[5],25,1e-05,False,0.7787,0.7394,0.0269,0.0237,0.8077,0.7735,0.7547,0.7204,0.7659,0.7320
5,emb_temp,emb_temp[5],25,1e-06,False,0.7574,0.7434,0.0223,0.0194,0.7829,0.7479,0.7414,0.7233,0.7620,0.7450
5,xl_final,xl_final[5],0,1,False,0.8139,0.7033,0.0149,0.0549,0.8201,0.8248,0.7970,0.6665,0.6769,0.7664
5,xl_final,xl_final[5],0,0.01,False,0.8317,0.7184,0.0171,0.0474,0.8366,0.8458,0.8127,0.6859,0.6966,0.7727
5,xl_final,xl_final[5],0,0.001,False,0.8402,0.7260,0.0209,0.0414,0.8413,0.8605,0.8188,0.6912,0.7149,0.7717
5,xl_final,xl_final[5],0,0.0001,True,0.8379,0.7188,0.0234,0.0372,0.8453,0.8567,0.8118,0.6841,0.7142,0.7581
5,xl_final,xl_final[5],0,1e-05,False,0.8081,0.6915,0.0203,0.0263,0.8219,0.8178,0.7848,0.6683,0.6861,0.7201
5,xl_final,xl_final[5],0,1e-06,False,0.7381,0.6445,0.0154,0.0290,0.7525,0.7399,0.7219,0.6435,0.6161,0.6740
5,xl_final,xl_final[5],10,1,False,0.8316,0.7257,0.0107,0.0438,0.8303,0.8429,0.8216,0.7094,0.6923,0.7752
5,xl_final,xl_final[5],10,0.01,False,0.8504,0.7359,0.0143,0.0344,0.8467,0.8661,0.8383,0.7137,0.7185,0.7756
5,xl_final,xl_final[5],10,0.001,False,0.8588,0.7385,0.0179,0.0349,0.8540,0.8786,0.8438,0.7042,0.7373,0.7740
5,xl_final,xl_final[5],10,0.0001,True,0.8537,0.7313,0.0209,0.0369,0.8585,0.8717,0.8308,0.6924,0.7358,0.7658
5,xl_final,xl_final[5],10,1e-05,False,0.8196,0.7032,0.0214,0.0321,0.8332,0.8307,0.7950,0.6720,0.7015,0.7360
5,xl_final,xl_final[5],10,1e-06,False,0.7419,0.6632,0.0186,0.0351,0.7518,0.7534,0.7203,0.6522,0.6350,0.7025
5,xl_final,xl_final[5],25,1,False,0.8225,0.7158,0.0250,0.0092,0.7948,0.8434,0.8293,0.7115,0.7096,0.7264
5,xl_final,xl_final[5],25,0.01,False,0.8459,0.7259,0.0241,0.0182,0.8199,0.8674,0.8505,0.7050,0.7345,0.7383
5,xl_final,xl_final[5],25,0.001,False,0.8607,0.7282,0.0210,0.0313,0.8403,0.8823,0.8594,0.6926,0.7408,0.7512
5,xl_final,xl_final[5],25,0.0001,True,0.8579,0.7275,0.0165,0.0380,0.8500,0.8769,0.8468,0.6842,0.7431,0.7552
5,xl_final,xl_final[5],25,1e-05,False,0.8256,0.7024,0.0125,0.0377,0.8294,0.8359,0.8117,0.6593,0.7183,0.7296
5,xl_final,xl_final[5],25,1e-06,False,0.7454,0.6654,0.0160,0.0265,0.7535,0.7556,0.7269,0.6428,0.6586,0.6946
6,act_rep,act_rep,0,1,False,0.8030,0.7081,0.0095,0.0601,0.8131,0.7943,0.8015,0.6390,0.7477,0.7377
6,act_rep,act_rep,0,0.01,False,0.8457,0.7879,0.0121,0.0594,0.8531,0.8318,0.8523,0.7193,0.8246,0.8197
6,act_rep,act_rep,0,0.001,False,0.8699,0.8355,0.0161,0.0339,0.8740,0.8522,0.8836,0.7964,0.8571,0.8530
6,act_rep,act_rep,0,0.0001,True,0.8856,0.8601,0.0158,0.0198,0.8904,0.8679,0.8984,0.8373,0.8732,0.8699
6,act_rep,act_rep,0,1e-05,False,0.8883,0.8690,0.0180,0.0237,0.8977,0.8675,0.8998,0.8417,0.8842,0.8812
6,act_rep,act_rep,0,1e-06,False,0.8772,0.8656,0.0222,0.0242,0.8931,0.8518,0.8866,0.8377,0.8795,0.8797
6,act_rep,act_rep,10,1,False,0.8232,0.7338,0.0167,0.0886,0.8420,0.8175,0.8101,0.6318,0.7778,0.7918
6,act_rep,act_rep,10,0.01,False,0.8611,0.7948,0.0144,0.0736,0.8733,0.8452,0.8647,0.7099,0.8403,0.8342
6,act_rep,act_rep,10,0.001,False,0.8805,0.8395,0.0182,0.0396,0.8896,0.8595,0.8923,0.7942,0.8670,0.8573
6,act_rep,act_rep,10,0.0001,True,0.8943,0.8676,0.0174,0.0198,0.9032,0.8743,0.9055,0.8450,0.8815,0.8765
6,act_rep,act_rep,10,1e-05,False,0.8974,0.8771,0.0173,0.0229,0.9084,0.8775,0.9064,0.8507,0.8914,0.8891
6,act_rep,act_rep,10,1e-06,False,0.8867,0.8739,0.0209,0.0236,0.9035,0.8632,0.8933,0.8467,0.8869,0.8882
6,act_rep,act_rep,25,1,False,0.8274,0.7444,0.0176,0.0833,0.8459,0.8253,0.8109,0.6492,0.8043,0.7795
6,act_rep,act_rep,25,0.01,False,0.8634,0.8077,0.0118,0.0816,0.8737,0.8505,0.8660,0.7157,0.8714,0.8360
6,act_rep,act_rep,25,0.001,False,0.8839,0.8506,0.0154,0.0466,0.8924,0.8661,0.8932,0.7987,0.8888,0.8643
6,act_rep,act_rep,25,0.0001,True,0.8988,0.8738,0.0148,0.0234,0.9075,0.8818,0.9071,0.8469,0.8890,0.8855
6,act_rep,act_rep,25,1e-05,False,0.9020,0.8821,0.0141,0.0206,0.9123,0.8859,0.9079,0.8584,0.8922,0.8958
6,act_rep,act_rep,25,1e-06,False,0.8905,0.8778,0.0178,0.0203,0.9059,0.8711,0.8946,0.8546,0.8861,0.8926
6,act_mag,act_mag,0,1,False,0.7857,0.6811,0.0193,0.0602,0.8056,0.7844,0.7670,0.6124,0.7250,0.7059
6,act_mag,act_mag,0,0.01,False,0.8092,0.7088,0.0173,0.0615,0.8262,0.8100,0.7916,0.6381,0.7502,0.7381
6,act_mag,act_mag,0,0.001,False,0.8303,0.7352,0.0171,0.0685,0.8473,0.8305,0.8132,0.6573,0.7860,0.7623
6,act_mag,act_mag,0,0.0001,True,0.8382,0.7493,0.0191,0.0774,0.8581,0.8362,0.8202,0.6650,0.8171,0.7657
6,act_mag,act_mag,0,1e-05,False,0.8210,0.7488,0.0242,0.0754,0.8466,0.8177,0.7987,0.6678,0.8170,0.7616
6,act_mag,act_mag,0,1e-06,False,0.7779,0.7339,0.0299,0.0651,0.8084,0.7766,0.7486,0.6652,0.7947,0.7416
6,act_mag,act_mag,10,1,False,0.7963,0.6935,0.0202,0.0659,0.8133,0.8017,0.7740,0.6207,0.7489,0.7110
6,act_mag,act_mag,10,0.01,False,0.8205,0.7218,0.0182,0.0707,0.8348,0.8268,0.8000,0.6414,0.7745,0.7494
6,act_mag,act_mag,10,0.001,False,0.8411,0.7461,0.0164,0.0786,0.8558,0.8442,0.8234,0.6569,0.8053,0.7761
6,act_mag,act_mag,10,0.0001,True,0.8482,0.7618,0.0180,0.0817,0.8667,0.8472,0.8308,0.6718,0.8312,0.7824
6,act_mag,act_mag,10,1e-05,False,0.8314,0.7640,0.0234,0.0753,0.8562,0.8284,0.8097,0.6824,0.8307,0.7791
6,act_mag,act_mag,10,1e-06,False,0.7897,0.7495,0.0299,0.0654,0.8207,0.7874,0.7611,0.6800,0.8099,0.7587
6,act_mag,act_mag,25,1,False,0.7986,0.6860,0.0177,0.0567,0.8135,0.8033,0.7790,0.6224,0.7041,0.7314
6,act_mag,act_mag,25,0.01,False,0.8197,0.7113,0.0180,0.0600,0.8344,0.8250,0.7996,0.6425,0.7383,0.7530
6,act_mag,act_mag,25,0.001,False,0.8390,0.7399,0.0156,0.0753,0.8526,0.8425,0.8220,0.6532,0.7895,0.7769
6,act_mag,act_mag,25,0.0001,True,0.8489,0.7651,0.0160,0.0810,0.8646,0.8495,0.8327,0.6743,0.8299,0.7912
6,act_mag,act_mag,25,1e-05,False,0.8337,0.7714,0.0230,0.0701,0.8569,0.8334,0.8109,0.6941,0.8310,0.7889
6,act_mag,act_mag,25,1e-06,False,0.7936,0.7572,0.0308,0.0610,0.8252,0.7919,0.7637,0.6919,0.8126,0.7672
6,emb_temp,emb_temp[6],0,1,False,0.7819,0.7617,0.0343,0.0479,0.8213,0.7650,0.7593,0.7070,0.7959,0.7822
6,emb_temp,emb_temp[6],0,0.01,False,0.7938,0.7775,0.0344,0.0463,0.8334,0.7770,0.7710,0.7245,0.8101,0.7978
6,emb_temp,emb_temp[6],0,0.001,False,0.8112,0.8004,0.0330,0.0428,0.8491,0.7956,0.7890,0.7511,0.8284,0.8216
6,emb_temp,emb_temp[6],0,0.0001,True,0.8203,0.8114,0.0314,0.0403,0.8565,0.8034,0.8008,0.7649,0.8367,0.8326
6,emb_temp,emb_temp[6],0,1e-05,False,0.8187,0.8142,0.0312,0.0381,0.8547,0.8021,0.7993,0.7702,0.8377,0.8348
6,emb_temp,emb_temp[6],0,1e-06,False,0.8117,0.8099,0.0311,0.0380,0.8474,0.7966,0.7910,0.7660,0.8330,0.8307
6,emb_temp,emb_temp[6],10,1,False,0.7260,0.6704,0.0326,0.0559,0.7582,0.7270,0.6929,0.6227,0.7319,0.6567
6,emb_temp,emb_temp[6],10,0.01,False,0.7565,0.7029,0.0316,0.0583,0.7886,0.7555,0.7253,0.6478,0.7640,0.6970
6,emb_temp,emb_temp[6],10,0.001,False,0.7950,0.7488,0.0314,0.0529,0.8276,0.7923,0.7650,0.6930,0.7981,0.7551
6,emb_temp,emb_temp[6],10,0.0001,True,0.8125,0.7795,0.0293,0.0423,0.8444,0.8061,0.7869,0.7326,0.8147,0.7912
6,emb_temp,emb_temp[6],10,1e-05,False,0.8087,0.7896,0.0275,0.0350,0.8393,0.8006,0.7861,0.7498,0.8152,0.8039
6,emb_temp,emb_temp[6],10,1e-06,False,0.7921,0.7843,0.0254,0.0339,0.8208,0.7827,0.7726,0.7453,0.8068,0.8007
6,emb_temp,emb_temp[6],25,1,False,0.6318,0.5310,0.0019,0.0251,0.6302,0.6313,0.6339,0.5197,0.5598,0.5135
6,emb_temp,emb_temp[6],25,0.01,False,0.7197,0.6090,0.0182,0.0384,0.7393,0.7163,0.7035,0.5872,0.6533,0.5864
6,emb_temp,emb_temp[6],25,0.001,False,0.7643,0.6641,0.0264,0.0402,0.7926,0.7601,0.7402,0.6380,0.7105,0.6439
6,emb_temp,emb_temp[6],25,0.0001,True,0.7887,0.7148,0.0297,0.0331,0.8208,0.7831,0.7621,0.6920,0.7528,0.6996
6,emb_temp,emb_temp[6],25,1e-05,False,0.7845,0.7439,0.0290,0.0250,0.8167,0.7764,0.7604,0.7243,0.7720,0.7353
6,emb_temp,emb_temp[6],25,1e-06,False,0.7603,0.7465,0.0258,0.0229,0.7897,0.7495,0.7416,0.7237,0.7696,0.7462
6,xl_final,xl_final[6],0,1,False,0.8089,0.6870,0.0203,0.0522,0.8251,0.8155,0.7861,0.6486,0.6660,0.7464
6,xl_final,xl_final[6],0,0.01,False,0.8283,0.7138,0.0193,0.0464,0.8393,0.8395,0.8060,0.6765,0.6991,0.7657
6,xl_final,xl_final[6],0,0.001,False,0.8395,0.7357,0.0200,0.0387,0.8450,0.8562,0.8174,0.7018,0.7274,0.7779
6,xl_final,xl_final[6],0,0.0001,True,0.8398,0.7369,0.0222,0.0357,0.8438,0.8598,0.8159,0.6988,0.7423,0.7695
6,xl_final,xl_final[6],0,1e-05,False,0.8218,0.7115,0.0199,0.0453,0.8268,0.8387,0.7999,0.6597,0.7311,0.7438
6,xl_final,xl_final[6],0,1e-06,False,0.7757,0.6689,0.0200,0.0425,0.7926,0.7809,0.7536,0.6241,0.6738,0.7088
6,xl_final,xl_final[6],10,1,False,0.8172,0.7153,0.0166,0.0405,0.8206,0.8318,0.7992,0.6706,0.7260,0.7494
6,xl_final,xl_final[6],10,0.01,False,0.8418,0.7442,0.0146,0.0290,0.8425,0.8561,0.8268,0.7122,0.7517,0.7688
6,xl_final,xl_final[6],10,0.001,False,0.8561,0.7612,0.0167,0.0291,0.8567,0.8725,0.8391,0.7280,0.7731,0.7824
6,xl_final,xl_final[6],10,0.0001,True,0.8545,0.7573,0.0208,0.0346,0.8570,0.8740,0.8326,0.7175,0.7736,0.7807
6,xl_final,xl_final[6],10,1e-05,False,0.8326,0.7266,0.0204,0.0486,0.8383,0.8495,0.8100,0.6713,0.7463,0.7624
6,xl_final,xl_final[6],10,1e-06,False,0.7782,0.6805,0.0227,0.0482,0.7960,0.7859,0.7526,0.6321,0.6810,0.7284
6,xl_final,xl_final[6],25,1,False,0.8083,0.6991,0.0199,0.0428,0.7903,0.8296,0.8049,0.6512,0.7122,0.7338
6,xl_final,xl_final[6],25,0.01,False,0.8366,0.7194,0.0206,0.0333,0.8189,0.8592,0.8318,0.6853,0.7213,0.7517
6,xl_final,xl_final[6],25,0.001,False,0.8523,0.7348,0.0234,0.0267,0.8345,0.8789,0.8435,0.7077,0.7355,0.7611
6,xl_final,xl_final[6],25,0.0001,True,0.8532,0.7345,0.0257,0.0341,0.8406,0.8828,0.8362,0.6954,0.7495,0.7585
6,xl_final,xl_final[6],25,1e-05,False,0.8367,0.7089,0.0219,0.0520,0.8357,0.8591,0.8153,0.6492,0.7329,0.7445
6,xl_final,xl_final[6],25,1e-06,False,0.7779,0.6709,0.0266,0.0473,0.7967,0.7895,0.7474,0.6217,0.6750,0.7161
7,act_rep,act_rep,0,1,False,0.7774,0.6878,0.0195,0.0571,0.7983,0.7596,0.7743,0.6307,0.6879,0.7449
7,act_rep,act_rep,0,0.01,False,0.8236,0.7582,0.0272,0.0410,0.8233,0.7966,0.8509,0.7139,0.7660,0.7947
7,act_rep,act_rep,0,0.001,False,0.8534,0.8159,0.0320,0.0208,0.8593,0.8188,0.8820,0.7920,0.8256,0.8299
7,act_rep,act_rep,0,0.0001,True,0.8811,0.8564,0.0220,0.0150,0.8905,0.8560,0.8969,0.8422,0.8549,0.8720
7,act_rep,act_rep,0,1e-05,False,0.8903,0.8717,0.0174,0.0184,0.9005,0.8702,0.9001,0.8510,0.8781,0.8862
7,act_rep,act_rep,0,1e-06,False,0.8802,0.8695,0.0209,0.0204,0.8968,0.8568,0.8870,0.8459,0.8806,0.8820
7,act_rep,act_rep,10,1,False,0.8006,0.6986,0.0147,0.0477,0.8163,0.7872,0.7982,0.6456,0.7378,0.7125
7,act_rep,act_rep,10,0.01,False,0.8457,0.7714,0.0286,0.0458,0.8536,0.8139,0.8695,0.7193,0.8052,0.7898
7,act_rep,act_rep,10,0.001,False,0.8681,0.8244,0.0330,0.0284,0.8815,0.8305,0.8923,0.7932,0.8487,0.8315
7,act_rep,act_rep,10,0.0001,True,0.8910,0.8649,0.0236,0.0162,0.9036,0.8637,0.9056,0.8462,0.8727,0.8757
7,act_rep,act_rep,10,1e-05,False,0.8997,0.8802,0.0172,0.0189,0.9115,0.8800,0.9077,0.8584,0.8889,0.8932
7,act_rep,act_rep,10,1e-06,False,0.8900,0.8778,0.0197,0.0207,0.9072,0.8685,0.8943,0.8538,0.8892,0.8903
7,act_rep,act_rep,25,1,False,0.8068,0.6875,0.0140,0.0419,0.8173,0.7908,0.8122,0.6402,0.7199,0.7025
7,act_rep,act_rep,25,0.01,False,0.8454,0.7699,0.0212,0.0579,0.8514,0.8219,0.8629,0.7072,0.8215,0.7810
7,act_rep,act_rep,25,0.001,False,0.8698,0.8280,0.0266,0.0334,0.8804,0.8395,0.8894,0.7956,0.8623,0.8260
7,act_rep,act_rep,25,0.0001,True,0.8948,0.8701,0.0189,0.0172,0.9048,0.8730,0.9067,0.8503,0.8797,0.8804
7,act_rep,act_rep,25,1e-05,False,0.9047,0.8855,0.0133,0.0173,0.9146,0.8895,0.9099,0.8661,0.8914,0.8991
7,act_rep,act_rep,25,1e-06,False,0.8941,0.8818,0.0166,0.0182,0.9095,0.8766,0.8964,0.8610,0.8898,0.8947
7,act_mag,act_mag,0,1,False,0.7769,0.6766,0.0202,0.0475,0.7975,0.7761,0.7572,0.6221,0.6991,0.7087
7,act_mag,act_mag,0,0.01,False,0.8009,0.7005,0.0148,0.0542,0.8175,0.7963,0.7890,0.6379,0.7298,0.7336
7,act_mag,act_mag,0,0.001,False,0.8231,0.7308,0.0158,0.0617,0.8412,0.8165,0.8117,0.6598,0.7716,0.7610
7,act_mag,act_mag,0,0.0001,True,0.8366,0.7566,0.0179,0.0645,0.8566,0.8308,0.8223,0.6845,0.8089,0.7764
7,act_mag,act_mag,0,1e-05,False,0.8274,0.7588,0.0222,0.0651,0.8513,0.8236,0.8073,0.6869,0.8137,0.7760
7,act_mag,act_mag,0,1e-06,False,0.7914,0.7441,0.0280,0.0612,0.8200,0.7900,0.7642,0.6772,0.7974,0.7578
7,act_mag,act_mag,10,1,False,0.7907,0.6804,0.0166,0.0710,0.8080,0.7893,0.7749,0.6026,0.7417,0.6968
7,act_mag,act_mag,10,0.01,False,0.8153,0.7100,0.0122,0.0766,0.8288,0.8121,0.8051,0.6232,0.7679,0.7390
7,act_mag,act_mag,10,0.001,False,0.8353,0.7406,0.0134,0.0779,0.8505,0.8304,0.8251,0.6519,0.7980,0.7718
7,act_mag,act_mag,10,0.0001,True,0.8469,0.7699,0.0162,0.0688,0.8650,0.8421,0.8336,0.6928,0.8250,0.7919
7,act_mag,act_mag,10,1e-05,False,0.8379,0.7735,0.0217,0.0657,0.8610,0.8345,0.8181,0.7005,0.8277,0.7923
7,act_mag,act_mag,10,1e-06,False,0.8028,0.7590,0.0289,0.0620,0.8323,0.8013,0.7746,0.6909,0.8122,0.7737
7,act_mag,act_mag,25,1,False,0.7865,0.6758,0.0299,0.0491,0.8142,0.7905,0.7549,0.6273,0.7254,0.6747
7,act_mag,act_mag,25,0.01,False,0.8115,0.7030,0.0202,0.0647,0.8318,0.8113,0.7915,0.6313,0.7570,0.7208
7,act_mag,act_mag,25,0.001,False,0.8333,0.7357,0.0152,0.0744,0.8493,0.8315,0.8190,0.6514,0.7923,0.7635
7,act_mag,act_mag,25,0.0001,True,0.8466,0.7729,0.0152,0.0654,0.8624,0.8454,0.8321,0.6987,0.8225,0.7975
7,act_mag,act_mag,25,1e-05,False,0.8390,0.7803,0.0219,0.0607,0.8609,0.8390,0.8172,0.7119,0.8276,0.8013
7,act_mag,act_mag,25,1e-06,False,0.8055,0.7661,0.0295,0.0587,0.8355,0.8044,0.7765,0.7010,0.8149,0.7826
7,emb_temp,emb_temp[7],0,1,False,0.7805,0.7673,0.0330,0.0369,0.8182,0.7665,0.7567,0.7250,0.7929,0.7839
7,emb_temp,emb_temp[7],0,0.01,False,0.7918,0.7828,0.0335,0.0392,0.8302,0.7769,0.7684,0.7378,0.8093,0.8012
7,emb_temp,emb_temp[7],0,0.001,False,0.8100,0.8036,0.0331,0.0440,0.8480,0.7944,0.7875,0.7529,0.8295,0.8285
7,emb_temp,emb_temp[7],0,0.0001,True,0.8205,0.8136,0.0318,0.0425,0.8571,0.8034,0.8009,0.7646,0.8371,0.8391
7,emb_temp,emb_temp[7],0,1e-05,False,0.8201,0.8155,0.0316,0.0385,0.8565,0.8042,0.7997,0.7710,0.8375,0.8379
7,emb_temp,emb_temp[7],0,1e-06,False,0.8134,0.8111,0.0314,0.0382,0.8493,0.7999,0.7910,0.7671,0.8344,0.8320
7,emb_temp,emb_temp[7],10,1,False,0.7233,0.6372,0.0391,0.0540,0.7649,0.7178,0.6873,0.6108,0.6993,0.6014
7,emb_temp,emb_temp[7],10,0.01,False,0.7540,0.6822,0.0347,0.0486,0.7919,0.7464,0.7238,0.6387,0.7347,0.6733
7,emb_temp,emb_temp[7],10,0.001,False,0.7936,0.7412,0.0312,0.0474,0.8282,0.7851,0.7675,0.6886,0.7808,0.7541
7,emb_temp,emb_temp[7],10,0.0001,True,0.8160,0.7793,0.0273,0.0405,0.8462,0.8086,0.7932,0.7329,0.8074,0.7976
7,emb_temp,emb_temp[7],10,1e-05,False,0.8146,0.7939,0.0261,0.0344,0.8437,0.8065,0.7935,0.7543,0.8167,0.8105
7,emb_temp,emb_temp[7],10,1e-06,False,0.7984,0.7898,0.0244,0.0335,0.8260,0.7897,0.7795,0.7512,0.8116,0.8065
7,emb_temp,emb_temp[7],25,1,False,0.6330,0.5177,0.0266,0.0637,0.6574,0.6368,0.6047,0.5438,0.5643,0.4451
7,emb_temp,emb_temp[7],25,0.01,False,0.7134,0.5611,0.0340,0.0818,0.7460,0.7161,0.6782,0.5545,0.6459,0.4827
7,emb_temp,emb_temp[7],25,0.001,False,0.7575,0.6133,0.0348,0.0900,0.7949,0.7515,0.7262,0.5991,0.7096,0.5312
7,emb_temp,emb_temp[7],25,0.0001,True,0.7899,0.6869,0.0288,0.0625,0.8222,0.7809,0.7668,0.6687,0.7565,0.6356
7,emb_temp,emb_temp[7],25,1e-05,False,0.7961,0.7434,0.0249,0.0260,0.8241,0.7879,0.7764,0.7243,0.7731,0.7329
7,emb_temp,emb_temp[7],25,1e-06,False,0.7721,0.7502,0.0241,0.0173,0.7992,0.7640,0.7531,0.7334,0.7679,0.7494
7,xl_final,xl_final[7],0,1,False,0.8061,0.6841,0.0183,0.0421,0.8120,0.8207,0.7856,0.6754,0.6470,0.7299
7,xl_final,xl_final[7],0,0.01,False,0.8282,0.7123,0.0184,0.0434,0.8293,0.8460,0.8093,0.6860,0.6886,0.7625
7,xl_final,xl_final[7],0,0.001,False,0.8413,0.7466,0.0203,0.0409,0.8401,0.8622,0.8217,0.7038,0.7507,0.7853
7,xl_final,xl_final[7],0,0.0001,True,0.8398,0.7551,0.0212,0.0363,0.8392,0.8613,0.8189,0.7135,0.7713,0.7804
7,xl_final,xl_final[7],0,1e-05,False,0.8200,0.7319,0.0212,0.0381,0.8183,0.8420,0.7997,0.6879,0.7534,0.7544
7,xl_final,xl_final[7],0,1e-06,False,0.7779,0.6818,0.0254,0.0370,0.7834,0.8001,0.7502,0.6391,0.7030,0.7033
7,xl_final,xl_final[7],10,1,False,0.8168,0.7146,0.0206,0.0420,0.8091,0.8402,0.8012,0.6960,0.6853,0.7627
7,xl_final,xl_final[7],10,0.01,False,0.8365,0.7466,0.0220,0.0432,0.8270,0.8616,0.8208,0.7195,0.7238,0.7964
7,xl_final,xl_final[7],10,0.001,False,0.8527,0.7721,0.0221,0.0411,0.8436,0.8779,0.8366,0.7295,0.7753,0.8116
7,xl_final,xl_final[7],10,0.0001,True,0.8549,0.7749,0.0217,0.0459,0.8476,0.8794,0.8378,0.7225,0.7936,0.8085
7,xl_final,xl_final[7],10,1e-05,False,0.8357,0.7495,0.0244,0.0545,0.8316,0.8619,0.8136,0.6872,0.7734,0.7880
7,xl_final,xl_final[7],10,1e-06,False,0.7865,0.6971,0.0321,0.0518,0.7899,0.8169,0.7529,0.6392,0.7131,0.7391
7,xl_final,xl_final[7],25,1,False,0.8122,0.6763,0.0271,0.0574,0.7947,0.8434,0.7984,0.6939,0.6121,0.7227
7,xl_final,xl_final[7],25,0.01,False,0.8384,0.7218,0.0250,0.0338,0.8231,0.8672,0.8248,0.7258,0.6861,0.7534
7,xl_final,xl_final[7],25,0.001,False,0.8536,0.7582,0.0235,0.0219,0.8381,0.8806,0.8421,0.7472,0.7440,0.7834
7,xl_final,xl_final[7],25,0.0001,True,0.8549,0.7733,0.0228,0.0280,0.8416,0.8812,0.8420,0.7417,0.7833,0.7950
7,xl_final,xl_final[7],25,1e-05,False,0.8393,0.7522,0.0233,0.0466,0.8294,0.8660,0.8226,0.6984,0.7792,0.7791
7,xl_final,xl_final[7],25,1e-06,False,0.7865,0.7026,0.0351,0.0428,0.7899,0.8197,0.7497,0.6534,0.7234,0.7310
8,act_rep,act_rep,0,1,False,0.7912,0.6629,0.0278,0.0897,0.7962,0.7612,0.8161,0.5766,0.6566,0.7557
8,act_rep,act_rep,0,0.01,False,0.8343,0.7581,0.0275,0.0453,0.8208,0.8161,0.8658,0.7078,0.7708,0.7956
8,act_rep,act_rep,0,0.001,False,0.8628,0.8216,0.0169,0.0239,0.8587,0.8484,0.8814,0.7947,0.8300,0.8401
8,act_rep,act_rep,0,0.0001,True,0.8848,0.8627,0.0147,0.0143,0.8904,0.8681,0.8959,0.8525,0.8566,0.8791
8,act_rep,act_rep,0,1e-05,False,0.8926,0.8734,0.0157,0.0147,0.9015,0.8745,0.9018,0.8575,0.8763,0.8864
8,act_rep,act_rep,0,1e-06,False,0.8836,0.8704,0.0196,0.0185,0.8986,0.8615,0.8907,0.8491,0.8798,0.8824
8,act_rep,act_rep,10,1,False,0.8161,0.7054,0.0180,0.0582,0.8217,0.7959,0.8306,0.6390,0.7478,0.7295
8,act_rep,act_rep,10,0.01,False,0.8517,0.7806,0.0185,0.0432,0.8469,0.8360,0.8721,0.7337,0.8186,0.7894
8,act_rep,act_rep,10,0.001,False,0.8760,0.8332,0.0142,0.0278,0.8795,0.8603,0.8881,0.8016,0.8539,0.8441
8,act_rep,act_rep,10,0.0001,True,0.8945,0.8717,0.0164,0.0140,0.9036,0.8755,0.9044,0.8572,0.8728,0.8851
8,act_rep,act_rep,10,1e-05,False,0.9022,0.8816,0.0155,0.0156,0.9127,0.8844,0.9095,0.8641,0.8864,0.8942
8,act_rep,act_rep,10,1e-06,False,0.8933,0.8786,0.0185,0.0189,0.9091,0.8730,0.8978,0.8568,0.8881,0.8908
8,act_rep,act_rep,25,1,False,0.8067,0.7250,0.0094,0.0636,0.8091,0.7963,0.8146,0.6559,0.7810,0.7381
8,act_rep,act_rep,25,0.01,False,0.8500,0.7969,0.0124,0.0466,0.8472,0.8392,0.8637,0.7536,0.8461,0.7908
8,act_rep,act_rep,25,0.001,False,0.8764,0.8437,0.0116,0.0256,0.8800,0.8634,0.8857,0.8173,0.8684,0.8453
8,act_rep,act_rep,25,0.0001,True,0.8975,0.8786,0.0123,0.0119,0.9044,0.8833,0.9048,0.8664,0.8791,0.8902
8,act_rep,act_rep,25,1e-05,False,0.9066,0.8868,0.0123,0.0134,0.9154,0.8925,0.9117,0.8727,0.8881,0.8995
8,act_rep,act_rep,25,1e-06,False,0.8973,0.8826,0.0156,0.0161,0.9114,0.8805,0.9001,0.8644,0.8884,0.8949
8,act_mag,act_mag,0,1,False,0.7897,0.6544,0.0132,0.0790,0.8049,0.7804,0.7839,0.5635,0.6928,0.7068
8,act_mag,act_mag,0,0.01,False,0.8076,0.6765,0.0120,0.0943,0.8215,0.8015,0.7998,0.5676,0.7277,0.7341
8,act_mag,act_mag,0,0.001,False,0.8281,0.7068,0.0135,0.0991,0.8432,0.8240,0.8170,0.5925,0.7667,0.7612
8,act_mag,act_mag,0,0.0001,True,0.8426,0.7449,0.0160,0.0762,0.8596,0.8405,0.8278,0.6592,0.8050,0.7705
8,act_mag,act_mag,0,1e-05,False,0.8328,0.7613,0.0217,0.0639,0.8558,0.8299,0.8126,0.6917,0.8174,0.7749
8,act_mag,act_mag,0,1e-06,False,0.7999,0.7513,0.0275,0.0581,0.8280,0.7988,0.7730,0.6870,0.8001,0.7667
8,act_mag,act_mag,10,1,False,0.8003,0.6799,0.0103,0.0860,0.8113,0.7985,0.7911,0.5811,0.7383,0.7203
8,act_mag,act_mag,10,0.01,False,0.8209,0.6978,0.0104,0.1043,0.8314,0.8207,0.8106,0.5778,0.7658,0.7499
8,act_mag,act_mag,10,0.001,False,0.8402,0.7227,0.0123,0.1047,0.8531,0.8390,0.8285,0.6024,0.7930,0.7729
8,act_mag,act_mag,10,0.0001,True,0.8528,0.7601,0.0152,0.0767,0.8684,0.8521,0.8380,0.6741,0.8213,0.7850
8,act_mag,act_mag,10,1e-05,False,0.8432,0.7758,0.0213,0.0633,0.8656,0.8409,0.8232,0.7063,0.8302,0.7909
8,act_mag,act_mag,10,1e-06,False,0.8118,0.7656,0.0280,0.0584,0.8401,0.8111,0.7841,0.7008,0.8142,0.7818
8,act_mag,act_mag,25,1,False,0.7928,0.6570,0.0190,0.0860,0.8137,0.7881,0.7766,0.5602,0.7245,0.6863
8,act_mag,act_mag,25,0.01,False,0.8160,0.6832,0.0137,0.0952,0.8308,0.8135,0.8037,0.5766,0.7596,0.7135
8,act_mag,act_mag,25,0.001,False,0.8372,0.7196,0.0127,0.0880,0.8499,0.8373,0.8244,0.6197,0.7856,0.7535
8,act_mag,act_mag,25,0.0001,True,0.8517,0.7651,0.0142,0.0628,0.8653,0.8530,0.8370,0.6950,0.8160,0.7844
8,act_mag,act_mag,25,1e-05,False,0.8449,0.7824,0.0211,0.0555,0.8659,0.8450,0.8237,0.7210,0.8291,0.7970
8,act_mag,act_mag,25,1e-06,False,0.8150,0.7722,0.0285,0.0546,0.8435,0.8150,0.7865,0.7112,0.8164,0.7890
8,emb_temp,emb_temp[8],0,1,False,0.7765,0.7473,0.0334,0.0497,0.8149,0.7605,0.7541,0.6900,0.7774,0.7746
8,emb_temp,emb_temp[8],0,0.01,False,0.7889,0.7687,0.0344,0.0503,0.8285,0.7722,0.7660,0.7107,0.7973,0.7983
8,emb_temp,emb_temp[8],0,0.001,False,0.8090,0.8001,0.0345,0.0474,0.8488,0.7920,0.7863,0.7454,0.8268,0.8280
8,emb_temp,emb_temp[8],0,0.0001,True,0.8196,0.8114,0.0327,0.0431,0.8574,0.8022,0.7994,0.7617,0.8343,0.8382
8,emb_temp,emb_temp[8],0,1e-05,False,0.8195,0.8128,0.0328,0.0389,0.8572,0.8034,0.7979,0.7679,0.8342,0.8363
8,emb_temp,emb_temp[8],0,1e-06,False,0.8134,0.8097,0.0325,0.0379,0.8504,0.8005,0.7893,0.7659,0.8321,0.8310
8,emb_temp,emb_temp[8],10,1,False,0.7223,0.6476,0.0293,0.0442,0.7522,0.7211,0.6936,0.6208,0.6986,0.6234
8,emb_temp,emb_temp[8],10,0.01,False,0.7550,0.6851,0.0292,0.0442,0.7858,0.7515,0.7278,0.6490,0.7345,0.6720
8,emb_temp,emb_temp[8],10,0.001,False,0.7976,0.7465,0.0294,0.0415,0.8300,0.7903,0.7727,0.7050,0.7879,0.7468
8,emb_temp,emb_temp[8],10,0.0001,True,0.8216,0.7863,0.0283,0.0377,0.8529,0.8141,0.7979,0.7434,0.8143,0.8013
8,emb_temp,emb_temp[8],10,1e-05,False,0.8204,0.7945,0.0268,0.0341,0.8504,0.8122,0.7987,0.7553,0.8170,0.8111
8,emb_temp,emb_temp[8],10,1e-06,False,0.8041,0.7907,0.0250,0.0330,0.8322,0.7959,0.7842,0.7527,0.8121,0.8074
8,emb_temp,emb_temp[8],25,1,False,0.6150,0.5439,0.0248,0.0229,0.6336,0.6247,0.5868,0.5329,0.5702,0.5285
8,emb_temp,emb_temp[8],25,0.01,False,0.6954,0.5871,0.0303,0.0358,0.7267,0.6932,0.6663,0.5878,0.6225,0.5510
8,emb_temp,emb_temp[8],25,0.001,False,0.7466,0.6372,0.0349,0.0430,0.7856,0.7360,0.7183,0.6263,0.6847,0.6007
8,emb_temp,emb_temp[8],25,0.0001,True,0.7876,0.7062,0.0339,0.0422,0.8263,0.7736,0.7629,0.6833,0.7548,0.6804
8,emb_temp,emb_temp[8],25,1e-05,False,0.7985,0.7483,0.0306,0.0233,0.8331,0.7875,0.7749,0.7339,0.7752,0.7359
8,emb_temp,emb_temp[8],25,1e-06,False,0.7764,0.7515,0.0282,0.0171,0.8079,0.7675,0.7537,0.7386,0.7709,0.7450
8,xl_final,xl_final[8],0,1,False,0.8009,0.6361,0.0233,0.0164,0.7892,0.8277,0.7858,0.6480,0.6175,0.6429
8,xl_final,xl_final[8],0,0.01,False,0.8275,0.6684,0.0196,0.0006,0.8184,0.8500,0.8140,0.6685,0.6678,0.6690
8,xl_final,xl_final[8],0,0.001,False,0.8422,0.7109,0.0146,0.0290,0.8356,0.8589,0.8320,0.6788,0.7353,0.7187
8,xl_final,xl_final[8],0,0.0001,True,0.8429,0.7391,0.0115,0.0394,0.8395,0.8557,0.8335,0.6937,0.7633,0.7604
8,xl_final,xl_final[8],0,1e-05,False,0.8242,0.7304,0.0127,0.0320,0.8215,0.8379,0.8131,0.6938,0.7451,0.7524
8,xl_final,xl_final[8],0,1e-06,False,0.7812,0.6888,0.0164,0.0304,0.7808,0.7977,0.7650,0.6553,0.6969,0.7144
8,xl_final,xl_final[8],10,1,False,0.8236,0.6646,0.0334,0.0040,0.8027,0.8621,0.8061,0.6637,0.6690,0.6611
8,xl_final,xl_final[8],10,0.01,False,0.8462,0.7006,0.0291,0.0116,0.8279,0.8797,0.8309,0.7002,0.7124,0.6892
8,xl_final,xl_final[8],10,0.001,False,0.8543,0.7340,0.0219,0.0294,0.8379,0.8792,0.8457,0.7050,0.7637,0.7334
8,xl_final,xl_final[8],10,0.0001,True,0.8521,0.7554,0.0164,0.0420,0.8390,0.8706,0.8467,0.7077,0.7867,0.7719
8,xl_final,xl_final[8],10,1e-05,False,0.8325,0.7442,0.0154,0.0436,0.8241,0.8502,0.8231,0.6939,0.7655,0.7730
8,xl_final,xl_final[8],10,1e-06,False,0.7855,0.7007,0.0186,0.0474,0.7826,0.8054,0.7687,0.6501,0.7082,0.7440
8,xl_final,xl_final[8],25,1,False,0.8164,0.6762,0.0137,0.0765,0.8015,0.8284,0.8194,0.5900,0.7024,0.7361
8,xl_final,xl_final[8],25,0.01,False,0.8365,0.7078,0.0179,0.0425,0.8182,0.8540,0.8373,0.6610,0.7184,0.7439
8,xl_final,xl_final[8],25,0.001,False,0.8485,0.7360,0.0183,0.0356,0.8297,0.8662,0.8497,0.6949,0.7558,0.7574
8,xl_final,xl_final[8],25,0.0001,True,0.8500,0.7597,0.0170,0.0381,0.8342,0.8680,0.8477,0.7159,0.7854,0.7777
8,xl_final,xl_final[8],25,1e-05,False,0.8333,0.7538,0.0168,0.0410,0.8211,0.8525,0.8263,0.7065,0.7798,0.7751
8,xl_final,xl_final[8],25,1e-06,False,0.7839,0.7103,0.0241,0.0446,0.7801,0.8097,0.7618,0.6592,0.7306,0.7412
9,act_rep,act_rep,0,1,False,0.7801,0.6617,0.0028,0.0382,0.7789,0.7782,0.7833,0.6742,0.6189,0.6921
9,act_rep,act_rep,0,0.01,False,0.8313,0.7492,0.0165,0.0125,0.8233,0.8203,0.8503,0.7515,0.7357,0.7604
9,act_rep,act_rep,0,0.001,False,0.8620,0.8173,0.0165,0.0008,0.8622,0.8454,0.8785,0.8179,0.8165,0.8174
9,act_rep,act_rep,0,0.0001,True,0.8861,0.8591,0.0183,0.0105,0.8934,0.8653,0.8997,0.8530,0.8530,0.8712
9,act_rep,act_rep,0,1e-05,False,0.8931,0.8699,0.0187,0.0174,0.9017,0.8717,0.9059,0.8500,0.8773,0.8823
9,act_rep,act_rep,0,1e-06,False,0.8826,0.8636,0.0220,0.0223,0.8968,0.8573,0.8938,0.8380,0.8795,0.8732
9,act_rep,act_rep,10,1,False,0.8141,0.6886,0.0008,0.0523,0.8134,0.8149,0.8139,0.6283,0.7176,0.7200
9,act_rep,act_rep,10,0.01,False,0.8525,0.7869,0.0049,0.0266,0.8540,0.8470,0.8564,0.7613,0.8144,0.7851
9,act_rep,act_rep,10,0.001,False,0.8771,0.8343,0.0147,0.0148,0.8853,0.8601,0.8858,0.8226,0.8509,0.8293
9,act_rep,act_rep,10,0.0001,True,0.8963,0.8699,0.0199,0.0115,0.9081,0.8733,0.9075,0.8584,0.8701,0.8813
9,act_rep,act_rep,10,1e-05,False,0.9025,0.8797,0.0186,0.0182,0.9139,0.8810,0.9126,0.8589,0.8875,0.8928
9,act_rep,act_rep,10,1e-06,False,0.8921,0.8729,0.0206,0.0223,0.9078,0.8688,0.8999,0.8473,0.8877,0.8836
9,act_rep,act_rep,25,1,False,0.8074,0.7322,0.0043,0.0421,0.8124,0.8051,0.8046,0.6852,0.7666,0.7447
9,act_rep,act_rep,25,0.01,False,0.8493,0.8071,0.0069,0.0380,0.8569,0.8434,0.8474,0.7722,0.8476,0.8016
9,act_rep,act_rep,25,0.001,False,0.8772,0.8438,0.0128,0.0239,0.8859,0.8624,0.8832,0.8212,0.8687,0.8414
9,act_rep,act_rep,25,0.0001,True,0.8990,0.8764,0.0164,0.0124,0.9092,0.8801,0.9078,0.8630,0.8786,0.8876
9,act_rep,act_rep,25,1e-05,False,0.9064,0.8852,0.0159,0.0157,0.9168,0.8881,0.9144,0.8678,0.8898,0.8980
9,act_rep,act_rep,25,1e-06,False,0.8959,0.8775,0.0177,0.0188,0.9101,0.8761,0.9015,0.8558,0.8885,0.8883
9,act_mag,act_mag,0,1,False,0.7793,0.6007,0.0183,0.0839,0.7996,0.7642,0.7741,0.5067,0.6273,0.6681
9,act_mag,act_mag,0,0.01,False,0.8056,0.6464,0.0157,0.0709,0.8223,0.7912,0.8033,0.5645,0.6873,0.6873
9,act_mag,act_mag,0,0.001,False,0.8308,0.7033,0.0135,0.0641,0.8454,0.8188,0.8282,0.6332,0.7591,0.7174
9,act_mag,act_mag,0,0.0001,True,0.8457,0.7482,0.0153,0.0613,0.8634,0.8371,0.8366,0.6862,0.8087,0.7496
9,act_mag,act_mag,0,1e-05,False,0.8376,0.7632,0.0198,0.0632,0.8590,0.8336,0.8201,0.6956,0.8207,0.7733
9,act_mag,act_mag,0,1e-06,False,0.8053,0.7516,0.0251,0.0615,0.8312,0.8037,0.7811,0.6840,0.8044,0.7663
9,act_mag,act_mag,10,1,False,0.7944,0.6212,0.0114,0.1030,0.8057,0.7829,0.7947,0.5025,0.6872,0.6739
9,act_mag,act_mag,10,0.01,False,0.8197,0.6567,0.0125,0.1074,0.8314,0.8065,0.8210,0.5358,0.7410,0.6933
9,act_mag,act_mag,10,0.001,False,0.8414,0.7144,0.0124,0.0893,0.8544,0.8296,0.8402,0.6173,0.7931,0.7328
9,act_mag,act_mag,10,0.0001,True,0.8545,0.7628,0.0139,0.0654,0.8705,0.8465,0.8464,0.6945,0.8247,0.7692
9,act_mag,act_mag,10,1e-05,False,0.8476,0.7771,0.0188,0.0633,0.8680,0.8438,0.8310,0.7080,0.8324,0.7908
9,act_mag,act_mag,10,1e-06,False,0.8169,0.7655,0.0254,0.0617,0.8429,0.8159,0.7920,0.6973,0.8176,0.7815
9,act_mag,act_mag,25,1,False,0.7914,0.6403,0.0181,0.0842,0.8095,0.7734,0.7913,0.5508,0.7181,0.6521
9,act_mag,act_mag,25,0.01,False,0.8181,0.6703,0.0162,0.0821,0.8339,0.8015,0.8190,0.5900,0.7540,0.6670
9,act_mag,act_mag,25,0.001,False,0.8392,0.7234,0.0145,0.0679,0.8549,0.8263,0.8365,0.6555,0.7913,0.7235
9,act_mag,act_mag,25,0.0001,True,0.8526,0.7697,0.0132,0.0507,0.8678,0.8439,0.8461,0.7180,0.8195,0.7715
9,act_mag,act_mag,25,1e-05,False,0.8483,0.7839,0.0172,0.0535,0.8669,0.8453,0.8328,0.7255,0.8307,0.7955
9,act_mag,act_mag,25,1e-06,False,0.8200,0.7721,0.0253,0.0563,0.8456,0.8195,0.7949,0.7095,0.8185,0.7883
9,emb_temp,emb_temp[9],0,1,False,0.7714,0.7313,0.0380,0.0420,0.8153,0.7479,0.7511,0.6832,0.7505,0.7603
9,emb_temp,emb_temp[9],0,0.01,False,0.7815,0.7516,0.0387,0.0444,0.8262,0.7581,0.7602,0.7008,0.7708,0.7833
9,emb_temp,emb_temp[9],0,0.001,False,0.7971,0.7835,0.0391,0.0483,0.8423,0.7745,0.7746,0.7280,0.8058,0.8166
9,emb_temp,emb_temp[9],0,0.0001,True,0.8077,0.7991,0.0359,0.0468,0.8492,0.7880,0.7860,0.7451,0.8246,0.8276
9,emb_temp,emb_temp[9],0,1e-05,False,0.8086,0.8007,0.0340,0.0441,0.8478,0.7920,0.7861,0.7498,0.8276,0.8248
9,emb_temp,emb_temp[9],0,1e-06,False,0.8016,0.7964,0.0344,0.0425,0.8409,0.7872,0.7767,0.7474,0.8236,0.8180
9,emb_temp,emb_temp[9],10,1,False,0.7270,0.6333,0.0260,0.0500,0.7553,0.7216,0.7041,0.5845,0.6843,0.6312
9,emb_temp,emb_temp[9],10,0.01,False,0.7598,0.6688,0.0256,0.0535,0.7882,0.7526,0.7385,0.6189,0.7253,0.6622
9,emb_temp,emb_temp[9],10,0.001,False,0.8017,0.7336,0.0261,0.0534,0.8310,0.7933,0.7809,0.6826,0.7890,0.7291
9,emb_temp,emb_temp[9],10,0.0001,True,0.8266,0.7827,0.0248,0.0419,0.8543,0.8188,0.8065,0.7374,0.8200,0.7905
9,emb_temp,emb_temp[9],10,1e-05,False,0.8273,0.7979,0.0240,0.0353,0.8543,0.8191,0.8085,0.7581,0.8255,0.8101
9,emb_temp,emb_temp[9],10,1e-06,False,0.8130,0.7966,0.0236,0.0314,0.8394,0.8053,0.7942,0.7606,0.8187,0.8104
9,emb_temp,emb_temp[9],25,1,False,0.6177,0.5198,0.0127,0.0325,0.6229,0.6270,0.6033,0.4917,0.5554,0.5123
9,emb_temp,emb_temp[9],25,0.01,False,0.6994,0.5642,0.0220,0.0562,0.7165,0.7070,0.6745,0.5418,0.6282,0.5227
9,emb_temp,emb_temp[9],25,0.001,False,0.7549,0.6198,0.0279,0.0603,0.7820,0.7564,0.7263,0.6091,0.6848,0.5655
9,emb_temp,emb_temp[9],25,0.0001,True,0.8005,0.6978,0.0263,0.0489,0.8291,0.7950,0.7773,0.6874,0.7511,0.6549
9,emb_temp,emb_temp[9],25,1e-05,False,0.8132,0.7530,0.0253,0.0216,0.8420,0.8028,0.7947,0.7414,0.7779,0.7397
9,emb_temp,emb_temp[9],25,1e-06,False,0.7919,0.7616,0.0279,0.0137,0.8233,0.7824,0.7699,0.7505,0.7769,0.7574
9,xl_final,xl_final[9],0,1,False,0.8258,0.6293,0.0105,0.0606,0.8216,0.8377,0.8180,0.5968,0.6992,0.5918
9,xl_final,xl_final[9],0,0.01,False,0.8497,0.6653,0.0083,0.0431,0.8483,0.8587,0.8422,0.6454,0.7148,0.6358
9,xl_final,xl_final[9],0,0.001,False,0.8604,0.6913,0.0090,0.0312,0.8570,0.8706,0.8537,0.6766,0.7271,0.6701
9,xl_final,xl_final[9],0,0.0001,True,0.8564,0.7070,0.0132,0.0202,0.8428,0.8691,0.8574,0.7074,0.7271,0.6866
9,xl_final,xl_final[9],0,1e-05,False,0.8362,0.6970,0.0195,0.0198,0.8140,0.8509,0.8436,0.7040,0.7124,0.6747
9,xl_final,xl_final[9],0,1e-06,False,0.7971,0.6663,0.0187,0.0153,0.7755,0.8083,0.8075,0.6683,0.6805,0.6502
9,xl_final,xl_final[9],10,1,False,0.8306,0.6209,0.0130,0.0593,0.8222,0.8457,0.8241,0.6343,0.6723,0.5559
9,xl_final,xl_final[9],10,0.01,False,0.8526,0.6555,0.0135,0.0419,0.8438,0.8681,0.8459,0.6624,0.6936,0.6106
9,xl_final,xl_final[9],10,0.001,False,0.8574,0.6859,0.0145,0.0338,0.8460,0.8737,0.8524,0.6974,0.7125,0.6479
9,xl_final,xl_final[9],10,0.0001,True,0.8518,0.7073,0.0177,0.0287,0.8338,0.8691,0.8526,0.7211,0.7265,0.6744
9,xl_final,xl_final[9],10,1e-05,False,0.8330,0.7009,0.0194,0.0143,0.8120,0.8503,0.8366,0.7059,0.7121,0.6847
9,xl_final,xl_final[9],10,1e-06,False,0.7954,0.6729,0.0175,0.0089,0.7759,0.8100,0.8001,0.6636,0.6739,0.6812
9,xl_final,xl_final[9],25,1,False,0.8048,0.6046,0.0257,0.0462,0.7788,0.8303,0.8052,0.6309,0.6316,0.5512
9,xl_final,xl_final[9],25,0.01,False,0.8311,0.6460,0.0230,0.0345,0.8073,0.8534,0.8327,0.6605,0.6709,0.6067
9,xl_final,xl_final[9],25,0.001,False,0.8401,0.6781,0.0251,0.0174,0.8149,0.8650,0.8403,0.6911,0.6847,0.6583
9,xl_final,xl_final[9],25,0.0001,True,0.8440,0.7056,0.0261,0.0091,0.8178,0.8701,0.8440,0.7140,0.7069,0.6959
9,xl_final,xl_final[9],25,1e-05,False,0.8294,0.7069,0.0240,0.0079,0.8065,0.8544,0.8272,0.6984,0.7081,0.7141
9,xl_final,xl_final[9],25,1e-06,False,0.7887,0.6789,0.0228,0.0319,0.7711,0.8145,0.7804,0.6507,0.6724,0.7135
10,act_rep,act_rep,0,1,False,0.7736,0.6599,0.0143,0.0720,0.7797,0.7573,0.7839,0.5786,0.6855,0.7156
10,act_rep,act_rep,0,0.01,False,0.8229,0.7477,0.0210,0.0533,0.8312,0.7990,0.8386,0.6911,0.7968,0.7553
10,act_rep,act_rep,0,0.001,False,0.8586,0.8197,0.0254,0.0224,0.8701,0.8294,0.8762,0.7977,0.8425,0.8189
10,act_rep,act_rep,0,0.0001,True,0.8869,0.8711,0.0223,0.0045,0.8978,0.8611,0.9016,0.8694,0.8678,0.8762
10,act_rep,act_rep,0,1e-05,False,0.8948,0.8776,0.0197,0.0115,0.9043,0.8721,0.9079,0.8644,0.8833,0.8852
10,act_rep,act_rep,0,1e-06,False,0.8837,0.8669,0.0221,0.0203,0.8981,0.8582,0.8949,0.8440,0.8826,0.8741
10,act_rep,act_rep,10,1,False,0.7914,0.6597,0.0177,0.0881,0.8109,0.7764,0.7868,0.5683,0.7440,0.6668
10,act_rep,act_rep,10,0.01,False,0.8376,0.7583,0.0236,0.0720,0.8595,0.8127,0.8406,0.6827,0.8259,0.7662
10,act_rep,act_rep,10,0.001,False,0.8723,0.8289,0.0275,0.0329,0.8912,0.8407,0.8851,0.7955,0.8612,0.8301
10,act_rep,act_rep,10,0.0001,True,0.8969,0.8796,0.0244,0.0063,0.9117,0.8688,0.9103,0.8727,0.8812,0.8850
10,act_rep,act_rep,10,1e-05,False,0.9042,0.8861,0.0196,0.0128,0.9161,0.8816,0.9150,0.8713,0.8922,0.8946
10,act_rep,act_rep,10,1e-06,False,0.8933,0.8756,0.0209,0.0199,0.9094,0.8697,0.9009,0.8528,0.8899,0.8840
10,act_rep,act_rep,25,1,False,0.7906,0.6867,0.0169,0.0891,0.8100,0.7791,0.7828,0.6089,0.7840,0.6673
10,act_rep,act_rep,25,0.01,False,0.8376,0.7588,0.0238,0.0708,0.8574,0.8111,0.8444,0.6841,0.8249,0.7674
10,act_rep,act_rep,25,0.001,False,0.8733,0.8307,0.0225,0.0349,0.8872,0.8474,0.8854,0.7941,0.8636,0.8344
10,act_rep,act_rep,25,0.0001,True,0.9005,0.8851,0.0187,0.0089,0.9112,0.8789,0.9115,0.8750,0.8894,0.8911
10,act_rep,act_rep,25,1e-05,False,0.9084,0.8911,0.0166,0.0113,0.9187,0.8892,0.9173,0.8783,0.8952,0.8998
10,act_rep,act_rep,25,1e-06,False,0.8972,0.8801,0.0180,0.0169,0.9116,0.8770,0.9028,0.8606,0.8908,0.8888
10,act_mag,act_mag,0,1,False,0.7773,0.6405,0.0222,0.0580,0.8027,0.7677,0.7615,0.5746,0.6636,0.6834
10,act_mag,act_mag,0,0.01,False,0.8039,0.6704,0.0209,0.0517,0.8273,0.7975,0.7869,0.6126,0.7121,0.6865
10,act_mag,act_mag,0,0.001,False,0.8316,0.7112,0.0192,0.0476,0.8521,0.8287,0.8140,0.6651,0.7602,0.7085
10,act_mag,act_mag,0,0.0001,True,0.8482,0.7506,0.0188,0.0464,0.8673,0.8475,0.8297,0.7158,0.8033,0.7328
10,act_mag,act_mag,0,1e-05,False,0.8403,0.7633,0.0216,0.0492,0.8617,0.8407,0.8184,0.7198,0.8167,0.7533
10,act_mag,act_mag,0,1e-06,False,0.8089,0.7497,0.0252,0.0542,0.8339,0.8091,0.7836,0.6947,0.8031,0.7512
10,act_mag,act_mag,10,1,False,0.7902,0.6561,0.0212,0.0790,0.8147,0.7772,0.7788,0.5651,0.6980,0.7053
10,act_mag,act_mag,10,0.01,False,0.8171,0.6893,0.0199,0.0745,0.8399,0.8076,0.8036,0.6055,0.7478,0.7146
10,act_mag,act_mag,10,0.001,False,0.8429,0.7299,0.0184,0.0587,0.8636,0.8362,0.8288,0.6665,0.7824,0.7407
10,act_mag,act_mag,10,0.0001,True,0.8573,0.7672,0.0169,0.0452,0.8753,0.8547,0.8418,0.7262,0.8156,0.7598
10,act_mag,act_mag,10,1e-05,False,0.8506,0.7779,0.0201,0.0485,0.8709,0.8499,0.8308,0.7316,0.8284,0.7737
10,act_mag,act_mag,10,1e-06,False,0.8208,0.7644,0.0254,0.0549,0.8459,0.8213,0.7951,0.7074,0.8169,0.7689
10,act_mag,act_mag,25,1,False,0.7834,0.6631,0.0264,0.0495,0.8138,0.7689,0.7674,0.6061,0.6957,0.6874
10,act_mag,act_mag,25,0.01,False,0.8135,0.6885,0.0213,0.0453,0.8380,0.8024,0.8001,0.6395,0.7290,0.6969
10,act_mag,act_mag,25,0.001,False,0.8398,0.7331,0.0165,0.0372,0.8585,0.8340,0.8270,0.6968,0.7712,0.7313
10,act_mag,act_mag,25,0.0001,True,0.8547,0.7721,0.0140,0.0350,0.8696,0.8527,0.8417,0.7471,0.8121,0.7571
10,act_mag,act_mag,25,1e-05,False,0.8510,0.7840,0.0178,0.0413,0.8689,0.8506,0.8334,0.7466,0.8284,0.7770
10,act_mag,act_mag,25,1e-06,False,0.8240,0.7717,0.0244,0.0498,0.8481,0.8246,0.7993,0.7194,0.8187,0.7768
10,emb_temp,emb_temp[10],0,1,False,0.7542,0.7296,0.0439,0.0409,0.8046,0.7341,0.7239,0.6825,0.7561,0.7503
10,emb_temp,emb_temp[10],0,0.01,False,0.7656,0.7483,0.0424,0.0421,0.8141,0.7470,0.7356,0.6997,0.7731,0.7722
10,emb_temp,emb_temp[10],0,0.001,False,0.7860,0.7772,0.0390,0.0427,0.8304,0.7703,0.7573,0.7281,0.7991,0.8045
10,emb_temp,emb_temp[10],0,0.0001,True,0.8002,0.7933,0.0352,0.0397,0.8406,0.7835,0.7764,0.7475,0.8138,0.8186
10,emb_temp,emb_temp[10],0,1e-05,False,0.8004,0.7937,0.0337,0.0399,0.8392,0.7844,0.7777,0.7476,0.8173,0.8162
10,emb_temp,emb_temp[10],0,1e-06,False,0.7921,0.7884,0.0343,0.0404,0.8312,0.7779,0.7672,0.7418,0.8137,0.8096
10,emb_temp,emb_temp[10],10,1,False,0.7178,0.6020,0.0233,0.0094,0.7446,0.7055,0.7032,0.6128,0.5961,0.5971
10,emb_temp,emb_temp[10],10,0.01,False,0.7532,0.6361,0.0237,0.0110,0.7804,0.7422,0.7370,0.6300,0.6488,0.6295
10,emb_temp,emb_temp[10],10,0.001,False,0.7986,0.7082,0.0257,0.0298,0.8280,0.7874,0.7805,0.6842,0.7415,0.6989
10,emb_temp,emb_temp[10],10,0.0001,True,0.8258,0.7739,0.0250,0.0290,0.8542,0.8163,0.8068,0.7432,0.8009,0.7776
10,emb_temp,emb_temp[10],10,1e-05,False,0.8284,0.7959,0.0239,0.0291,0.8554,0.8197,0.8100,0.7635,0.8196,0.8047
10,emb_temp,emb_temp[10],10,1e-06,False,0.8147,0.7965,0.0234,0.0290,0.8408,0.8077,0.7956,0.7635,0.8181,0.8079
10,emb_temp,emb_temp[10],25,1,False,0.6116,0.5313,0.0222,0.0363,0.6215,0.6271,0.5862,0.5078,0.5130,0.5731
10,emb_temp,emb_temp[10],25,0.01,False,0.6941,0.5567,0.0315,0.0190,0.7185,0.7052,0.6586,0.5476,0.5439,0.5786
10,emb_temp,emb_temp[10],25,0.001,False,0.7516,0.6100,0.0308,0.0202,0.7797,0.7564,0.7186,0.5914,0.6316,0.6072
10,emb_temp,emb_temp[10],25,0.0001,True,0.7992,0.6881,0.0259,0.0244,0.8272,0.7943,0.7761,0.6748,0.7163,0.6732
10,emb_temp,emb_temp[10],25,1e-05,False,0.8137,0.7435,0.0252,0.0177,0.8427,0.8016,0.7968,0.7365,0.7636,0.7303
10,emb_temp,emb_temp[10],25,1e-06,False,0.7966,0.7580,0.0265,0.0170,0.8266,0.7868,0.7765,0.7454,0.7773,0.7513
10,xl_final,xl_final[10],0,1,False,0.8395,0.6229,0.0113,0.0919,0.8336,0.8526,0.8324,0.6024,0.7234,0.5430
10,xl_final,xl_final[10],0,0.01,False,0.8645,0.6563,0.0114,0.0591,0.8551,0.8772,0.8613,0.6294,0.7240,0.6155
10,xl_final,xl_final[10],0,0.001,False,0.8748,0.6918,0.0135,0.0323,0.8607,0.8876,0.8760,0.6546,0.7125,0.7083
10,xl_final,xl_final[10],0,0.0001,True,0.8711,0.6977,0.0163,0.0339,0.8523,0.8809,0.8802,0.6612,0.7038,0.7281
10,xl_final,xl_final[10],0,1e-05,False,0.8534,0.6920,0.0174,0.0146,0.8336,0.8602,0.8663,0.6752,0.7000,0.7007
10,xl_final,xl_final[10],0,1e-06,False,0.8177,0.6726,0.0148,0.0176,0.8022,0.8193,0.8316,0.6539,0.6889,0.6750
10,xl_final,xl_final[10],10,1,False,0.8471,0.6584,0.0180,0.0793,0.8308,0.8664,0.8442,0.5730,0.7299,0.6722
10,xl_final,xl_final[10],10,0.01,False,0.8667,0.6910,0.0228,0.0450,0.8459,0.8912,0.8630,0.6419,0.7304,0.7006
10,xl_final,xl_final[10],10,0.001,False,0.8727,0.7162,0.0222,0.0342,0.8496,0.8940,0.8744,0.6830,0.7143,0.7513
10,xl_final,xl_final[10],10,0.0001,True,0.8688,0.7193,0.0220,0.0424,0.8438,0.8852,0.8775,0.6845,0.7069,0.7665
10,xl_final,xl_final[10],10,1e-05,False,0.8525,0.7064,0.0230,0.0265,0.8261,0.8682,0.8632,0.6829,0.7012,0.7351
10,xl_final,xl_final[10],10,1e-06,False,0.8186,0.6776,0.0243,0.0273,0.7906,0.8349,0.8303,0.6494,0.6795,0.7040
10,xl_final,xl_final[10],25,1,False,0.8388,0.6232,0.0240,0.0411,0.8188,0.8654,0.8322,0.5966,0.6705,0.6024
10,xl_final,xl_final[10],25,0.01,False,0.8561,0.6592,0.0209,0.0302,0.8383,0.8792,0.8510,0.6303,0.6566,0.6905
10,xl_final,xl_final[10],25,0.001,False,0.8612,0.6776,0.0198,0.0642,0.8446,0.8832,0.8559,0.6373,0.6438,0.7517
10,xl_final,xl_final[10],25,0.0001,True,0.8587,0.6858,0.0219,0.0673,0.8378,0.8814,0.8569,0.6367,0.6582,0.7625
10,xl_final,xl_final[10],25,1e-05,False,0.8421,0.6802,0.0262,0.0500,0.8162,0.8686,0.8415,0.6296,0.6812,0.7296
10,xl_final,xl_final[10],25,1e-06,False,0.8093,0.6532,0.0289,0.0572,0.7803,0.8380,0.8097,0.5923,0.6616,0.7057
11,act_rep,act_rep,0,1,False,0.7662,0.6159,0.0199,0.0554,0.7655,0.7466,0.7865,0.5530,0.6369,0.6577
11,act_rep,act_rep,0,0.01,False,0.8220,0.7118,0.0105,0.0568,0.8251,0.8102,0.8305,0.6496,0.7610,0.7246
11,act_rep,act_rep,0,0.001,False,0.8615,0.8009,0.0138,0.0295,0.8704,0.8456,0.8686,0.7707,0.8296,0.8025
11,act_rep,act_rep,0,0.0001,True,0.8888,0.8723,0.0196,0.0090,0.9003,0.8662,0.9000,0.8624,0.8745,0.8799
11,act_rep,act_rep,0,1e-05,False,0.8963,0.8788,0.0199,0.0134,0.9073,0.8734,0.9082,0.8633,0.8871,0.8858
11,act_rep,act_rep,0,1e-06,False,0.8858,0.8654,0.0204,0.0215,0.9004,0.8625,0.8945,0.8414,0.8828,0.8721
11,act_rep,act_rep,10,1,False,0.7914,0.6411,0.0158,0.0690,0.8052,0.7948,0.7742,0.5653,0.7003,0.6578
11,act_rep,act_rep,10,0.01,False,0.8406,0.7321,0.0154,0.0806,0.8582,0.8299,0.8336,0.6445,0.8033,0.7486
11,act_rep,act_rep,10,0.001,False,0.8757,0.8180,0.0160,0.0377,0.8908,0.8590,0.8774,0.7788,0.8540,0.8211
11,act_rep,act_rep,10,0.0001,True,0.8984,0.8800,0.0208,0.0102,0.9127,0.8745,0.9079,0.8683,0.8845,0.8872
11,act_rep,act_rep,10,1e-05,False,0.9057,0.8869,0.0195,0.0146,0.9188,0.8832,0.9151,0.8700,0.8952,0.8954
11,act_rep,act_rep,10,1e-06,False,0.8952,0.8744,0.0195,0.0208,0.9116,0.8736,0.9004,0.8508,0.8899,0.8826
11,act_rep,act_rep,25,1,False,0.7834,0.6650,0.0226,0.0662,0.8089,0.7663,0.7749,0.5979,0.7304,0.6667
11,act_rep,act_rep,25,0.01,False,0.8360,0.7498,0.0163,0.0706,0.8540,0.8223,0.8318,0.6798,0.8210,0.7487
11,act_rep,act_rep,25,0.001,False,0.8752,0.8308,0.0113,0.0342,0.8856,0.8632,0.8767,0.7971,0.8655,0.8298
11,act_rep,act_rep,25,0.0001,True,0.9010,0.8866,0.0157,0.0136,0.9117,0.8830,0.9083,0.8709,0.8938,0.8951
11,act_rep,act_rep,25,1e-05,False,0.9095,0.8924,0.0167,0.0130,0.9209,0.8903,0.9174,0.8775,0.8986,0.9012
11,act_rep,act_rep,25,1e-06,False,0.8990,0.8795,0.0172,0.0176,0.9139,0.8803,0.9028,0.8592,0.8913,0.8880
11,act_mag,act_mag,0,1,False,0.7751,0.6040,0.0152,0.0483,0.7897,0.7762,0.7593,0.5486,0.6377,0.6256
11,act_mag,act_mag,0,0.01,False,0.8041,0.6516,0.0131,0.0464,0.8174,0.8040,0.7911,0.5992,0.6875,0.6680
11,act_mag,act_mag,0,0.001,False,0.8335,0.7156,0.0142,0.0412,0.8477,0.8337,0.8193,0.6693,0.7479,0.7298
11,act_mag,act_mag,0,0.0001,True,0.8516,0.7703,0.0178,0.0317,0.8698,0.8507,0.8342,0.7391,0.8025,0.7694
11,act_mag,act_mag,0,1e-05,False,0.8446,0.7784,0.0230,0.0464,0.8676,0.8447,0.8216,0.7300,0.8225,0.7826
11,act_mag,act_mag,0,1e-06,False,0.8146,0.7591,0.0271,0.0579,0.8418,0.8143,0.7877,0.6963,0.8104,0.7705
11,act_mag,act_mag,10,1,False,0.7879,0.6367,0.0077,0.0687,0.7967,0.7845,0.7824,0.5598,0.6586,0.6918
11,act_mag,act_mag,10,0.01,False,0.8180,0.6792,0.0086,0.0600,0.8272,0.8168,0.8101,0.6103,0.7077,0.7196
11,act_mag,act_mag,10,0.001,False,0.8451,0.7389,0.0118,0.0453,0.8580,0.8424,0.8348,0.6866,0.7661,0.7640
11,act_mag,act_mag,10,0.0001,True,0.8612,0.7869,0.0159,0.0335,0.8786,0.8578,0.8474,0.7509,0.8170,0.7929
11,act_mag,act_mag,10,1e-05,False,0.8549,0.7910,0.0216,0.0482,0.8773,0.8534,0.8342,0.7389,0.8341,0.8000
11,act_mag,act_mag,10,1e-06,False,0.8263,0.7720,0.0271,0.0588,0.8534,0.8262,0.7992,0.7075,0.8227,0.7858
11,act_mag,act_mag,25,1,False,0.7805,0.6358,0.0190,0.0595,0.8024,0.7705,0.7687,0.5672,0.6719,0.6684
11,act_mag,act_mag,25,0.01,False,0.8144,0.6755,0.0153,0.0388,0.8317,0.8089,0.8025,0.6316,0.7049,0.6900
11,act_mag,act_mag,25,0.001,False,0.8434,0.7387,0.0126,0.0247,0.8571,0.8405,0.8325,0.7103,0.7547,0.7511
11,act_mag,act_mag,25,0.0001,True,0.8603,0.7887,0.0130,0.0268,0.8745,0.8574,0.8490,0.7604,0.8137,0.7920
11,act_mag,act_mag,25,1e-05,False,0.8558,0.7948,0.0192,0.0431,0.8757,0.8543,0.8375,0.7483,0.8335,0.8026
11,act_mag,act_mag,25,1e-06,False,0.8295,0.7781,0.0261,0.0535,0.8557,0.8293,0.8035,0.7191,0.8233,0.7919
11,emb_temp,emb_temp[11],0,1,False,0.7418,0.7017,0.0465,0.0410,0.7955,0.7149,0.7151,0.6546,0.7284,0.7222
11,emb_temp,emb_temp[11],0,0.01,False,0.7531,0.7194,0.0457,0.0453,0.8058,0.7264,0.7270,0.6672,0.7488,0.7423
11,emb_temp,emb_temp[11],0,0.001,False,0.7751,0.7573,0.0412,0.0472,0.8227,0.7508,0.7518,0.7030,0.7886,0.7802
11,emb_temp,emb_temp[11],0,0.0001,True,0.7900,0.7825,0.0366,0.0390,0.8323,0.7689,0.7688,0.7375,0.8072,0.8028
11,emb_temp,emb_temp[11],0,1e-05,False,0.7909,0.7857,0.0343,0.0371,0.8305,0.7728,0.7693,0.7431,0.8111,0.8029
11,emb_temp,emb_temp[11],0,1e-06,False,0.7817,0.7785,0.0350,0.0384,0.8218,0.7661,0.7572,0.7346,0.8059,0.7950
11,emb_temp,emb_temp[11],10,1,False,0.7071,0.6167,0.0237,0.0407,0.7342,0.6966,0.6904,0.5774,0.6587,0.6139
11,emb_temp,emb_temp[11],10,0.01,False,0.7413,0.6518,0.0259,0.0387,0.7711,0.7284,0.7244,0.6126,0.6900,0.6529
11,emb_temp,emb_temp[11],10,0.001,False,0.7901,0.7170,0.0276,0.0360,0.8220,0.7751,0.7733,0.6760,0.7435,0.7316
11,emb_temp,emb_temp[11],10,0.0001,True,0.8225,0.7794,0.0255,0.0301,0.8519,0.8103,0.8054,0.7447,0.7973,0.7962
11,emb_temp,emb_temp[11],10,1e-05,False,0.8278,0.7995,0.0244,0.0295,0.8556,0.8179,0.8099,0.7658,0.8207,0.8121
11,emb_temp,emb_temp[11],10,1e-06,False,0.8149,0.7971,0.0248,0.0305,0.8428,0.8064,0.7954,0.7623,0.8189,0.8102
11,emb_temp,emb_temp[11],25,1,False,0.6023,0.5142,0.0145,0.0812,0.6044,0.6157,0.5869,0.4889,0.6050,0.4486
11,emb_temp,emb_temp[11],25,0.01,False,0.6873,0.5693,0.0219,0.0688,0.7005,0.6994,0.6620,0.5448,0.6470,0.5161
11,emb_temp,emb_temp[11],25,0.001,False,0.7477,0.6218,0.0227,0.0556,0.7696,0.7494,0.7243,0.6159,0.6802,0.5695
11,emb_temp,emb_temp[11],25,0.0001,True,0.8022,0.6955,0.0236,0.0307,0.8293,0.7913,0.7859,0.7044,0.7209,0.6614
11,emb_temp,emb_temp[11],25,1e-05,False,0.8168,0.7470,0.0246,0.0147,0.8452,0.8022,0.8029,0.7508,0.7594,0.7308
11,emb_temp,emb_temp[11],25,1e-06,False,0.7972,0.7588,0.0271,0.0120,0.8281,0.7858,0.7777,0.7575,0.7714,0.7475
11,xl_final,xl_final[11],0,1,False,0.8377,0.6055,0.0308,0.0453,0.8197,0.8733,0.8200,0.5856,0.5736,0.6573
11,xl_final,xl_final[11],0,0.01,False,0.8624,0.6409,0.0311,0.0459,0.8397,0.8978,0.8496,0.6168,0.6121,0.6938
11,xl_final,xl_final[11],0,0.001,False,0.8771,0.6828,0.0261,0.0529,0.8553,0.9061,0.8701,0.6436,0.6619,0.7429
11,xl_final,xl_final[11],0,0.0001,True,0.8809,0.7229,0.0202,0.0404,0.8619,0.9021,0.8787,0.6810,0.7262,0.7616
11,xl_final,xl_final[11],0,1e-05,False,0.8643,0.7358,0.0176,0.0086,0.8529,0.8846,0.8553,0.7261,0.7385,0.7427
11,xl_final,xl_final[11],0,1e-06,False,0.8335,0.7245,0.0171,0.0145,0.8311,0.8517,0.8178,0.7157,0.7413,0.7165
11,xl_final,xl_final[11],10,1,False,0.8458,0.6462,0.0374,0.0618,0.8319,0.8882,0.8173,0.6981,0.5779,0.6625
11,xl_final,xl_final[11],10,0.01,False,0.8683,0.6848,0.0323,0.0450,0.8515,0.9056,0.8479,0.7038,0.6334,0.7172
11,xl_final,xl_final[11],10,0.001,False,0.8776,0.7096,0.0260,0.0400,0.8589,0.9072,0.8667,0.7007,0.6748,0.7533
11,xl_final,xl_final[11],10,0.0001,True,0.8771,0.7266,0.0208,0.0254,0.8611,0.9006,0.8696,0.7092,0.7149,0.7558
11,xl_final,xl_final[11],10,1e-05,False,0.8611,0.7248,0.0216,0.0043,0.8506,0.8859,0.8468,0.7276,0.7199,0.7269
11,xl_final,xl_final[11],10,1e-06,False,0.8315,0.7107,0.0263,0.0041,0.8289,0.8589,0.8065,0.7094,0.7154,0.7074
11,xl_final,xl_final[11],25,1,False,0.8079,0.6331,0.0276,0.0843,0.7990,0.8388,0.7859,0.6768,0.5359,0.6867
11,xl_final,xl_final[11],25,0.01,False,0.8368,0.6573,0.0221,0.0764,0.8260,0.8622,0.8220,0.6694,0.5756,0.7270
11,xl_final,xl_final[11],25,0.001,False,0.8522,0.6789,0.0207,0.0609,0.8344,0.8748,0.8472,0.6741,0.6205,0.7421
11,xl_final,xl_final[11],25,0.0001,True,0.8566,0.6962,0.0207,0.0353,0.8377,0.8788,0.8534,0.6840,0.6686,0.7359
11,xl_final,xl_final[11],25,1e-05,False,0.8458,0.6918,0.0236,0.0169,0.8330,0.8730,0.8314,0.7040,0.6725,0.6988
11,xl_final,xl_final[11],25,1e-06,False,0.8180,0.6763,0.0345,0.0093,0.8109,0.8555,0.7875,0.6831,0.6657,0.6802
12,act_rep,act_rep,0,1,False,0.7456,0.6193,0.0259,0.0222,0.7220,0.7414,0.7734,0.6298,0.6344,0.5939
12,act_rep,act_rep,0,0.01,False,0.8105,0.7057,0.0137,0.0474,0.7984,0.8078,0.8253,0.6981,0.7564,0.6625
12,act_rep,act_rep,0,0.001,False,0.8536,0.7892,0.0090,0.0201,0.8601,0.8433,0.8574,0.7774,0.8124,0.7777
12,act_rep,act_rep,0,0.0001,True,0.8835,0.8620,0.0152,0.0102,0.8964,0.8667,0.8873,0.8535,0.8592,0.8732
12,act_rep,act_rep,0,1e-05,False,0.8957,0.8782,0.0155,0.0116,0.9069,0.8780,0.9022,0.8648,0.8856,0.8841
12,act_rep,act_rep,0,1e-06,False,0.8887,0.8700,0.0167,0.0198,0.9020,0.8699,0.8941,0.8483,0.8871,0.8745
12,act_rep,act_rep,10,1,False,0.7750,0.6666,0.0241,0.0274,0.7626,0.8027,0.7596,0.6733,0.6900,0.6364
12,act_rep,act_rep,10,0.01,False,0.8325,0.7366,0.0155,0.0452,0.8394,0.8432,0.8147,0.7147,0.7886,0.7066
12,act_rep,act_rep,10,0.001,False,0.8676,0.8135,0.0135,0.0208,0.8830,0.8613,0.8583,0.7952,0.8362,0.8092
12,act_rep,act_rep,10,0.0001,True,0.8936,0.8728,0.0169,0.0098,0.9094,0.8758,0.8957,0.8629,0.8730,0.8825
12,act_rep,act_rep,10,1e-05,False,0.9051,0.8869,0.0162,0.0132,0.9185,0.8871,0.9099,0.8716,0.8944,0.8946
12,act_rep,act_rep,10,1e-06,False,0.8976,0.8788,0.0170,0.0192,0.9133,0.8796,0.8999,0.8571,0.8938,0.8855
12,act_rep,act_rep,25,1,False,0.7812,0.6732,0.0244,0.0804,0.7623,0.8088,0.7726,0.6178,0.7654,0.6363
12,act_rep,act_rep,25,0.01,False,0.8351,0.7450,0.0105,0.0684,0.8378,0.8441,0.8235,0.7238,0.8215,0.6896
12,act_rep,act_rep,25,0.001,False,0.8665,0.8190,0.0097,0.0259,0.8767,0.8654,0.8575,0.8039,0.8489,0.8042
12,act_rep,act_rep,25,0.0001,True,0.8944,0.8788,0.0126,0.0105,0.9079,0.8829,0.8924,0.8676,0.8805,0.8883
12,act_rep,act_rep,25,1e-05,False,0.9084,0.8924,0.0140,0.0118,0.9207,0.8932,0.9114,0.8789,0.8975,0.9008
12,act_rep,act_rep,25,1e-06,False,0.9010,0.8838,0.0155,0.0165,0.9158,0.8849,0.9024,0.8649,0.8953,0.8912
12,act_mag,act_mag,0,1,False,0.7790,0.5989,0.0071,0.0240,0.7834,0.7827,0.7708,0.5865,0.5835,0.6266
12,act_mag,act_mag,0,0.01,False,0.8084,0.6460,0.0095,0.0269,0.8181,0.8081,0.7992,0.6149,0.6603,0.6627
12,act_mag,act_mag,0,0.001,False,0.8370,0.7050,0.0134,0.0234,0.8513,0.8350,0.8247,0.6799,0.7264,0.7087
12,act_mag,act_mag,0,0.0001,True,0.8550,0.7687,0.0179,0.0198,0.8739,0.8528,0.8383,0.7536,0.7910,0.7614
12,act_mag,act_mag,0,1e-05,False,0.8476,0.7821,0.0217,0.0409,0.8695,0.8471,0.8261,0.7450,0.8259,0.7753
12,act_mag,act_mag,0,1e-06,False,0.8202,0.7627,0.0255,0.0573,0.8452,0.8213,0.7942,0.7043,0.8188,0.7651
12,act_mag,act_mag,10,1,False,0.7867,0.6271,0.0113,0.0060,0.7965,0.7892,0.7744,0.6271,0.6332,0.6211
12,act_mag,act_mag,10,0.01,False,0.8196,0.6642,0.0147,0.0168,0.8354,0.8171,0.8063,0.6478,0.6813,0.6636
12,act_mag,act_mag,10,0.001,False,0.8473,0.7191,0.0169,0.0199,0.8660,0.8428,0.8331,0.6982,0.7377,0.7215
12,act_mag,act_mag,10,0.0001,True,0.8637,0.7817,0.0183,0.0226,0.8837,0.8593,0.8480,0.7603,0.8053,0.7793
12,act_mag,act_mag,10,1e-05,False,0.8568,0.7931,0.0209,0.0436,0.8786,0.8547,0.8370,0.7504,0.8375,0.7914
12,act_mag,act_mag,10,1e-06,False,0.8306,0.7745,0.0258,0.0586,0.8557,0.8320,0.8041,0.7134,0.8303,0.7799
12,act_mag,act_mag,25,1,False,0.7869,0.6134,0.0182,0.0206,0.8065,0.7836,0.7706,0.5912,0.6318,0.6172
12,act_mag,act_mag,25,0.01,False,0.8177,0.6492,0.0183,0.0236,0.8369,0.8156,0.8006,0.6398,0.6760,0.6318
12,act_mag,act_mag,25,0.001,False,0.8435,0.7101,0.0168,0.0175,0.8605,0.8428,0.8270,0.7055,0.7295,0.6953
12,act_mag,act_mag,25,0.0001,True,0.8609,0.7794,0.0159,0.0219,0.8780,0.8580,0.8466,0.7595,0.8028,0.7758
12,act_mag,act_mag,25,1e-05,False,0.8570,0.7959,0.0188,0.0412,0.8768,0.8551,0.8393,0.7538,0.8362,0.7976
12,act_mag,act_mag,25,1e-06,False,0.8332,0.7800,0.0245,0.0541,0.8576,0.8337,0.8085,0.7221,0.8292,0.7888
12,emb_temp,emb_temp[12],0,1,False,0.7299,0.6852,0.0424,0.0360,0.7787,0.7080,0.7029,0.6467,0.7179,0.6910
12,emb_temp,emb_temp[12],0,0.01,False,0.7398,0.7003,0.0415,0.0387,0.7876,0.7191,0.7127,0.6569,0.7315,0.7124
12,emb_temp,emb_temp[12],0,0.001,False,0.7630,0.7381,0.0390,0.0412,0.8078,0.7445,0.7367,0.6906,0.7633,0.7605
12,emb_temp,emb_temp[12],0,0.0001,True,0.7799,0.7690,0.0362,0.0361,0.8217,0.7591,0.7589,0.7273,0.7911,0.7885
12,emb_temp,emb_temp[12],0,1e-05,False,0.7814,0.7726,0.0345,0.0343,0.8213,0.7621,0.7608,0.7337,0.7985,0.7857
12,emb_temp,emb_temp[12],0,1e-06,False,0.7711,0.7644,0.0346,0.0361,0.8109,0.7547,0.7477,0.7241,0.7938,0.7753
12,emb_temp,emb_temp[12],10,1,False,0.7179,0.6016,0.0244,0.0745,0.7459,0.7057,0.7020,0.5903,0.6811,0.5335
12,emb_temp,emb_temp[12],10,0.01,False,0.7494,0.6387,0.0271,0.0671,0.7803,0.7379,0.7300,0.6143,0.7146,0.5872
12,emb_temp,emb_temp[12],10,0.001,False,0.7941,0.7102,0.0276,0.0472,0.8259,0.7802,0.7763,0.6719,0.7629,0.6959
12,emb_temp,emb_temp[12],10,0.0001,True,0.8271,0.7810,0.0257,0.0272,0.8567,0.8132,0.8114,0.7515,0.8052,0.7865
12,emb_temp,emb_temp[12],10,1e-05,False,0.8323,0.8005,0.0242,0.0245,0.8600,0.8210,0.8157,0.7737,0.8216,0.8062
12,emb_temp,emb_temp[12],10,1e-06,False,0.8181,0.7966,0.0234,0.0266,0.8449,0.8083,0.8012,0.7675,0.8195,0.8029
12,emb_temp,emb_temp[12],25,1,False,0.6203,0.5468,0.0223,0.0260,0.6212,0.6422,0.5976,0.5465,0.5730,0.5210
12,emb_temp,emb_temp[12],25,0.01,False,0.7231,0.5936,0.0299,0.0349,0.7412,0.7396,0.6885,0.5568,0.6263,0.5978
12,emb_temp,emb_temp[12],25,0.001,False,0.7779,0.6281,0.0285,0.0228,0.8020,0.7853,0.7464,0.6098,0.6536,0.6209
12,emb_temp,emb_temp[12],25,0.0001,True,0.8186,0.6898,0.0231,0.0195,0.8443,0.8122,0.7993,0.6988,0.7031,0.6674
12,emb_temp,emb_temp[12],25,1e-05,False,0.8249,0.7447,0.0225,0.0146,0.8508,0.8101,0.8139,0.7517,0.7545,0.7280
12,emb_temp,emb_temp[12],25,1e-06,False,0.8029,0.7581,0.0229,0.0140,0.8288,0.7855,0.7943,0.7576,0.7724,0.7445
12,xl_final,xl_final[12],0,1,False,0.8379,0.6987,0.0275,0.0438,0.8479,0.8590,0.8068,0.7421,0.6545,0.6994
12,xl_final,xl_final[12],0,0.01,False,0.8739,0.7409,0.0129,0.0193,0.8769,0.8849,0.8597,0.7599,0.7213,0.7416
12,xl_final,xl_final[12],0,0.001,False,0.8935,0.7711,0.0095,0.0075,0.8972,0.9005,0.8827,0.7778,0.7630,0.7725
12,xl_final,xl_final[12],0,0.0001,True,0.8958,0.7924,0.0078,0.0062,0.8994,0.9011,0.8868,0.7983,0.7929,0.7859
12,xl_final,xl_final[12],0,1e-05,False,0.8813,0.7997,0.0106,0.0063,0.8855,0.8893,0.8693,0.8067,0.7944,0.7981
12,xl_final,xl_final[12],0,1e-06,False,0.8548,0.7822,0.0171,0.0129,0.8605,0.8683,0.8355,0.7673,0.7908,0.7885
12,xl_final,xl_final[12],10,1,False,0.8503,0.6612,0.0182,0.0897,0.8412,0.8713,0.8385,0.7168,0.5578,0.7091
12,xl_final,xl_final[12],10,0.01,False,0.8873,0.6940,0.0136,0.0537,0.8839,0.9023,0.8757,0.7302,0.6323,0.7195
12,xl_final,xl_final[12],10,0.001,False,0.9000,0.7338,0.0103,0.0184,0.9003,0.9102,0.8896,0.7533,0.7168,0.7311
12,xl_final,xl_final[12],10,0.0001,True,0.8982,0.7630,0.0078,0.0185,0.8995,0.9053,0.8898,0.7776,0.7692,0.7422
12,xl_final,xl_final[12],10,1e-05,False,0.8813,0.7794,0.0105,0.0188,0.8853,0.8893,0.8694,0.7996,0.7764,0.7623
12,xl_final,xl_final[12],10,1e-06,False,0.8551,0.7690,0.0167,0.0051,0.8579,0.8701,0.8371,0.7666,0.7748,0.7655
12,xl_final,xl_final[12],25,1,False,0.8075,0.6154,0.0181,0.0278,0.8164,0.8194,0.7867,0.6311,0.5832,0.6317
12,xl_final,xl_final[12],25,0.01,False,0.8408,0.6500,0.0163,0.0537,0.8411,0.8570,0.8243,0.7039,0.5965,0.6495
12,xl_final,xl_final[12],25,0.001,False,0.8578,0.6888,0.0130,0.0424,0.8561,0.8716,0.8458,0.7376,0.6618,0.6670
12,xl_final,xl_final[12],25,0.0001,True,0.8650,0.7273,0.0059,0.0282,0.8624,0.8717,0.8609,0.7586,0.7197,0.7037
12,xl_final,xl_final[12],25,1e-05,False,0.8555,0.7535,0.0035,0.0314,0.8577,0.8574,0.8515,0.7897,0.7387,0.7323
12,xl_final,xl_final[12],25,1e-06,False,0.8342,0.7510,0.0101,0.0119,0.8366,0.8430,0.8232,0.7645,0.7464,0.7421
13,act_rep,act_rep,0,1,False,0.7029,0.6227,0.0200,0.0508,0.6949,0.6882,0.7257,0.6415,0.6614,0.5652
13,act_rep,act_rep,0,0.01,False,0.7858,0.7068,0.0167,0.0508,0.7791,0.7735,0.8047,0.7015,0.7600,0.6588
13,act_rep,act_rep,0,0.001,False,0.8373,0.7799,0.0142,0.0310,0.8426,0.8212,0.8482,0.7514,0.8129,0.7753
13,act_rep,act_rep,0,0.0001,True,0.8779,0.8565,0.0154,0.0198,0.8887,0.8602,0.8849,0.8349,0.8607,0.8738
13,act_rep,act_rep,0,1e-05,False,0.8934,0.8779,0.0163,0.0153,0.9044,0.8746,0.9011,0.8602,0.8867,0.8866
13,act_rep,act_rep,0,1e-06,False,0.8869,0.8705,0.0173,0.0190,0.8999,0.8673,0.8935,0.8502,0.8879,0.8734
13,act_rep,act_rep,10,1,False,0.7484,0.6790,0.0077,0.0491,0.7571,0.7454,0.7426,0.6239,0.7180,0.6951
13,act_rep,act_rep,10,0.01,False,0.8103,0.7470,0.0145,0.0429,0.8268,0.8040,0.8001,0.7264,0.7963,0.7183
13,act_rep,act_rep,10,0.001,False,0.8514,0.8098,0.0152,0.0319,0.8671,0.8367,0.8503,0.7803,0.8436,0.8055
13,act_rep,act_rep,10,0.0001,True,0.8880,0.8705,0.0176,0.0195,0.9019,0.8682,0.8938,0.8484,0.8779,0.8853
13,act_rep,act_rep,10,1e-05,False,0.9026,0.8874,0.0173,0.0167,0.9161,0.8830,0.9086,0.8681,0.8963,0.8978
13,act_rep,act_rep,10,1e-06,False,0.8956,0.8796,0.0177,0.0185,0.9114,0.8764,0.8989,0.8591,0.8947,0.8851
13,act_rep,act_rep,25,1,False,0.7656,0.6532,0.0095,0.0722,0.7547,0.7705,0.7717,0.5801,0.7244,0.6552
13,act_rep,act_rep,25,0.01,False,0.8228,0.7425,0.0044,0.0700,0.8272,0.8229,0.8184,0.7101,0.8228,0.6946
13,act_rep,act_rep,25,0.001,False,0.8573,0.8084,0.0031,0.0434,0.8606,0.8546,0.8568,0.7822,0.8585,0.7844
13,act_rep,act_rep,25,0.0001,True,0.8900,0.8745,0.0098,0.0186,0.8994,0.8799,0.8908,0.8530,0.8851,0.8854
13,act_rep,act_rep,25,1e-05,False,0.9060,0.8918,0.0145,0.0144,0.9184,0.8900,0.9095,0.8753,0.8981,0.9020
13,act_rep,act_rep,25,1e-06,False,0.8991,0.8840,0.0162,0.0156,0.9141,0.8819,0.9012,0.8662,0.8956,0.8901
13,act_mag,act_mag,0,1,False,0.7678,0.6168,0.0109,0.0329,0.7803,0.7607,0.7623,0.6104,0.5875,0.6525
13,act_mag,act_mag,0,0.01,False,0.8003,0.6645,0.0107,0.0308,0.8114,0.7901,0.7993,0.6367,0.6591,0.6976
13,act_mag,act_mag,0,0.001,False,0.8319,0.7211,0.0130,0.0342,0.8469,0.8229,0.8261,0.6819,0.7369,0.7446
13,act_mag,act_mag,0,0.0001,True,0.8538,0.7691,0.0183,0.0284,0.8742,0.8483,0.8388,0.7389,0.7953,0.7732
13,act_mag,act_mag,0,1e-05,False,0.8494,0.7829,0.0218,0.0431,0.8725,0.8466,0.8292,0.7419,0.8279,0.7789
13,act_mag,act_mag,0,1e-06,False,0.8226,0.7648,0.0253,0.0541,0.8482,0.8219,0.7976,0.7107,0.8190,0.7647
13,act_mag,act_mag,10,1,False,0.7837,0.6243,0.0185,0.0121,0.8022,0.7836,0.7652,0.6284,0.6107,0.6339
13,act_mag,act_mag,10,0.01,False,0.8144,0.6714,0.0157,0.0145,0.8324,0.8066,0.8042,0.6565,0.6722,0.6855
13,act_mag,act_mag,10,0.001,False,0.8431,0.7257,0.0184,0.0271,0.8644,0.8326,0.8324,0.6945,0.7394,0.7433
13,act_mag,act_mag,10,0.0001,True,0.8620,0.7780,0.0193,0.0296,0.8839,0.8547,0.8474,0.7454,0.8033,0.7852
13,act_mag,act_mag,10,1e-05,False,0.8577,0.7932,0.0213,0.0435,0.8809,0.8532,0.8390,0.7488,0.8358,0.7949
13,act_mag,act_mag,10,1e-06,False,0.8323,0.7769,0.0257,0.0543,0.8584,0.8313,0.8070,0.7206,0.8290,0.7810
13,act_mag,act_mag,25,1,False,0.7773,0.6040,0.0260,0.0180,0.7963,0.7878,0.7477,0.5837,0.6103,0.6180
13,act_mag,act_mag,25,0.01,False,0.8125,0.6442,0.0216,0.0124,0.8349,0.8108,0.7917,0.6308,0.6551,0.6467
13,act_mag,act_mag,25,0.001,False,0.8388,0.7069,0.0197,0.0184,0.8610,0.8320,0.8233,0.6862,0.7214,0.7133
13,act_mag,act_mag,25,0.0001,True,0.8573,0.7731,0.0177,0.0255,0.8774,0.8506,0.8440,0.7445,0.7937,0.7811
13,act_mag,act_mag,25,1e-05,False,0.8563,0.7964,0.0201,0.0393,0.8782,0.8519,0.8388,0.7546,0.8327,0.8018
13,act_mag,act_mag,25,1e-06,False,0.8345,0.7834,0.0255,0.0492,0.8608,0.8331,0.8098,0.7306,0.8281,0.7916
13,emb_temp,emb_temp[13],0,1,False,0.7075,0.6694,0.0321,0.0362,0.7429,0.6804,0.6990,0.6314,0.7035,0.6732
13,emb_temp,emb_temp[13],0,0.01,False,0.7187,0.6830,0.0329,0.0390,0.7552,0.6912,0.7097,0.6415,0.7189,0.6885
13,emb_temp,emb_temp[13],0,0.001,False,0.7472,0.7210,0.0341,0.0426,0.7855,0.7201,0.7360,0.6739,0.7567,0.7323
13,emb_temp,emb_temp[13],0,0.0001,True,0.7689,0.7535,0.0354,0.0405,0.8090,0.7420,0.7557,0.7075,0.7836,0.7695
13,emb_temp,emb_temp[13],0,1e-05,False,0.7697,0.7606,0.0344,0.0387,0.8093,0.7469,0.7529,0.7169,0.7907,0.7743
13,emb_temp,emb_temp[13],0,1e-06,False,0.7574,0.7513,0.0345,0.0402,0.7972,0.7380,0.7370,0.7064,0.7842,0.7633
13,emb_temp,emb_temp[13],10,1,False,0.7238,0.6329,0.0216,0.0205,0.7480,0.7167,0.7066,0.6145,0.6549,0.6292
13,emb_temp,emb_temp[13],10,0.01,False,0.7548,0.6647,0.0243,0.0289,0.7822,0.7460,0.7361,0.6330,0.6895,0.6716
13,emb_temp,emb_temp[13],10,0.001,False,0.7979,0.7259,0.0246,0.0362,0.8261,0.7859,0.7816,0.6845,0.7518,0.7413
13,emb_temp,emb_temp[13],10,0.0001,True,0.8283,0.7872,0.0233,0.0294,0.8551,0.8169,0.8128,0.7536,0.8083,0.7998
13,emb_temp,emb_temp[13],10,1e-05,False,0.8323,0.8053,0.0237,0.0276,0.8591,0.8239,0.8140,0.7738,0.8254,0.8166
13,emb_temp,emb_temp[13],10,1e-06,False,0.8178,0.7992,0.0241,0.0292,0.8447,0.8100,0.7985,0.7661,0.8211,0.8105
13,emb_temp,emb_temp[13],25,1,False,0.6433,0.5157,0.0283,0.0348,0.6608,0.6585,0.6107,0.5301,0.5410,0.4760
13,emb_temp,emb_temp[13],25,0.01,False,0.7327,0.5818,0.0206,0.0525,0.7461,0.7430,0.7090,0.5623,0.6413,0.5419
13,emb_temp,emb_temp[13],25,0.001,False,0.7828,0.6305,0.0170,0.0421,0.7983,0.7855,0.7646,0.6164,0.6779,0.5973
13,emb_temp,emb_temp[13],25,0.0001,True,0.8220,0.6935,0.0163,0.0226,0.8405,0.8162,0.8094,0.6903,0.7176,0.6727
13,emb_temp,emb_temp[13],25,1e-05,False,0.8314,0.7474,0.0185,0.0101,0.8528,0.8195,0.8219,0.7396,0.7587,0.7439
13,emb_temp,emb_temp[13],25,1e-06,False,0.8113,0.7566,0.0205,0.0116,0.8348,0.7971,0.8021,0.7488,0.7699,0.7511
13,xl_final,xl_final[13],0,1,False,0.8521,0.6645,0.0319,0.0439,0.8723,0.8687,0.8154,0.7148,0.6449,0.6337
13,xl_final,xl_final[13],0,0.01,False,0.8943,0.7354,0.0222,0.0286,0.9107,0.9033,0.8690,0.7646,0.7341,0.7074
13,xl_final,xl_final[13],0,0.001,False,0.9151,0.7834,0.0141,0.0187,0.9253,0.9210,0.8990,0.8038,0.7670,0.7795
13,xl_final,xl_final[13],0,0.0001,True,0.9206,0.8083,0.0059,0.0165,0.9268,0.9200,0.9151,0.8137,0.7897,0.8215
13,xl_final,xl_final[13],0,1e-05,False,0.9102,0.8070,0.0040,0.0194,0.9144,0.9065,0.9098,0.7870,0.8082,0.8257
13,xl_final,xl_final[13],0,1e-06,False,0.8868,0.7726,0.0016,0.0560,0.8861,0.8856,0.8886,0.7080,0.8062,0.8037
13,xl_final,xl_final[13],10,1,False,0.8639,0.6746,0.0269,0.0313,0.8802,0.8786,0.8328,0.6394,0.6851,0.6992
13,xl_final,xl_final[13],10,0.01,False,0.8989,0.7422,0.0225,0.0083,0.9125,0.9113,0.8729,0.7445,0.7492,0.7331
13,xl_final,xl_final[13],10,0.001,False,0.9131,0.7834,0.0126,0.0219,0.9205,0.9204,0.8985,0.8086,0.7706,0.7709
13,xl_final,xl_final[13],10,0.0001,True,0.9163,0.8052,0.0022,0.0171,0.9188,0.9154,0.9146,0.8184,0.7859,0.8114
13,xl_final,xl_final[13],10,1e-05,False,0.9036,0.8070,0.0070,0.0152,0.9053,0.8958,0.9096,0.7976,0.7988,0.8246
13,xl_final,xl_final[13],10,1e-06,False,0.8769,0.7743,0.0065,0.0479,0.8753,0.8714,0.8841,0.7196,0.7948,0.8084
13,xl_final,xl_final[13],25,1,False,0.8391,0.6608,0.0151,0.0399,0.8487,0.8468,0.8217,0.6857,0.6820,0.6148
13,xl_final,xl_final[13],25,0.01,False,0.8718,0.7096,0.0149,0.0497,0.8822,0.8785,0.8547,0.7445,0.7316,0.6527
13,xl_final,xl_final[13],25,0.001,False,0.8916,0.7424,0.0121,0.0530,0.8997,0.8975,0.8777,0.7939,0.7454,0.6880
13,xl_final,xl_final[13],25,0.0001,True,0.9001,0.7749,0.0039,0.0384,0.9038,0.9003,0.8961,0.8193,0.7541,0.7514
13,xl_final,xl_final[13],25,1e-05,False,0.8883,0.7868,0.0045,0.0191,0.8906,0.8830,0.8911,0.8071,0.7691,0.7843
13,xl_final,xl_final[13],25,1e-06,False,0.8605,0.7552,0.0035,0.0285,0.8585,0.8585,0.8645,0.7227,0.7672,0.7757
14,act_rep,act_rep,0,1,False,0.7388,0.6077,0.0041,0.0456,0.7341,0.7408,0.7415,0.6071,0.6537,0.5625
14,act_rep,act_rep,0,0.01,False,0.8038,0.6949,0.0108,0.0558,0.7914,0.8087,0.8114,0.6949,0.7507,0.6392
14,act_rep,act_rep,0,0.001,False,0.8439,0.7837,0.0083,0.0272,0.8439,0.8355,0.8521,0.7880,0.8084,0.7545
14,act_rep,act_rep,0,0.0001,True,0.8785,0.8572,0.0155,0.0064,0.8873,0.8606,0.8877,0.8517,0.8556,0.8643
14,act_rep,act_rep,0,1e-05,False,0.8930,0.8777,0.0160,0.0133,0.9032,0.8745,0.9013,0.8623,0.8850,0.8857
14,act_rep,act_rep,0,1e-06,False,0.8860,0.8697,0.0174,0.0196,0.8993,0.8663,0.8924,0.8487,0.8875,0.8730
14,act_rep,act_rep,10,1,False,0.7590,0.6634,0.0219,0.0480,0.7746,0.7684,0.7340,0.6215,0.7157,0.6530
14,act_rep,act_rep,10,0.01,False,0.8176,0.7320,0.0140,0.0514,0.8262,0.8252,0.8015,0.7262,0.7860,0.6837
14,act_rep,act_rep,10,0.001,False,0.8556,0.8081,0.0077,0.0256,0.8644,0.8500,0.8523,0.8057,0.8348,0.7838
14,act_rep,act_rep,10,0.0001,True,0.8883,0.8692,0.0166,0.0086,0.8998,0.8693,0.8959,0.8600,0.8706,0.8771
14,act_rep,act_rep,10,1e-05,False,0.9023,0.8866,0.0166,0.0148,0.9150,0.8836,0.9084,0.8696,0.8933,0.8968
14,act_rep,act_rep,10,1e-06,False,0.8948,0.8787,0.0175,0.0187,0.9107,0.8761,0.8975,0.8577,0.8938,0.8844
14,act_rep,act_rep,25,1,False,0.7736,0.6625,0.0173,0.0835,0.7626,0.7936,0.7646,0.6045,0.7582,0.6249
14,act_rep,act_rep,25,0.01,False,0.8266,0.7489,0.0094,0.0586,0.8271,0.8357,0.8170,0.7232,0.8159,0.7075
14,act_rep,act_rep,25,0.001,False,0.8602,0.8124,0.0019,0.0336,0.8622,0.8598,0.8585,0.8025,0.8498,0.7850
14,act_rep,act_rep,25,0.0001,True,0.8909,0.8711,0.0094,0.0076,0.8990,0.8806,0.8931,0.8623,0.8763,0.8746
14,act_rep,act_rep,25,1e-05,False,0.9057,0.8904,0.0139,0.0128,0.9176,0.8905,0.9091,0.8763,0.8938,0.9012
14,act_rep,act_rep,25,1e-06,False,0.8985,0.8830,0.0157,0.0156,0.9136,0.8822,0.8997,0.8652,0.8941,0.8898
14,act_mag,act_mag,0,1,False,0.7679,0.6361,0.0102,0.0472,0.7785,0.7581,0.7671,0.5890,0.6361,0.6833
14,act_mag,act_mag,0,0.01,False,0.8005,0.6821,0.0103,0.0478,0.8124,0.7942,0.7949,0.6284,0.6979,0.7199
14,act_mag,act_mag,0,0.001,False,0.8321,0.7392,0.0142,0.0394,0.8477,0.8289,0.8198,0.6937,0.7627,0.7613
14,act_mag,act_mag,0,0.0001,True,0.8531,0.7856,0.0189,0.0281,0.8732,0.8505,0.8357,0.7553,0.8109,0.7906
14,act_mag,act_mag,0,1e-05,False,0.8485,0.7932,0.0214,0.0385,0.8717,0.8443,0.8296,0.7561,0.8330,0.7906
14,act_mag,act_mag,0,1e-06,False,0.8240,0.7729,0.0241,0.0491,0.8490,0.8220,0.8008,0.7237,0.8220,0.7730
14,act_mag,act_mag,10,1,False,0.7806,0.6308,0.0191,0.0579,0.8016,0.7757,0.7644,0.5647,0.6550,0.6727
14,act_mag,act_mag,10,0.01,False,0.8168,0.6854,0.0176,0.0369,0.8369,0.8096,0.8041,0.6428,0.7048,0.7086
14,act_mag,act_mag,10,0.001,False,0.8453,0.7420,0.0181,0.0336,0.8657,0.8390,0.8311,0.7033,0.7633,0.7594
14,act_mag,act_mag,10,0.0001,True,0.8618,0.7929,0.0192,0.0290,0.8830,0.8565,0.8458,0.7606,0.8167,0.8016
14,act_mag,act_mag,10,1e-05,False,0.8569,0.8037,0.0212,0.0387,0.8804,0.8512,0.8392,0.7632,0.8404,0.8076
14,act_mag,act_mag,10,1e-06,False,0.8334,0.7850,0.0249,0.0492,0.8593,0.8314,0.8096,0.7334,0.8313,0.7902
14,act_mag,act_mag,25,1,False,0.7827,0.6349,0.0346,0.0100,0.8183,0.7807,0.7492,0.6273,0.6463,0.6312
14,act_mag,act_mag,25,0.01,False,0.8128,0.6735,0.0261,0.0202,0.8414,0.8068,0.7903,0.6516,0.6913,0.6776
14,act_mag,act_mag,25,0.001,False,0.8392,0.7259,0.0204,0.0268,0.8621,0.8326,0.8229,0.6959,0.7474,0.7346
14,act_mag,act_mag,25,0.0001,True,0.8575,0.7853,0.0179,0.0269,0.8776,0.8515,0.8433,0.7547,0.8050,0.7963
14,act_mag,act_mag,25,1e-05,False,0.8557,0.8053,0.0199,0.0347,0.8780,0.8494,0.8397,0.7671,0.8349,0.8139
14,act_mag,act_mag,25,1e-06,False,0.8355,0.7911,0.0244,0.0441,0.8612,0.8327,0.8126,0.7429,0.8294,0.8009
14,emb_temp,emb_temp[14],0,1,False,0.7063,0.6464,0.0237,0.0363,0.7335,0.6900,0.6954,0.6177,0.6872,0.6345
14,emb_temp,emb_temp[14],0,0.01,False,0.7167,0.6638,0.0259,0.0348,0.7465,0.6992,0.7044,0.6333,0.7018,0.6562
14,emb_temp,emb_temp[14],0,0.001,False,0.7428,0.7085,0.0310,0.0309,0.7785,0.7224,0.7276,0.6757,0.7372,0.7125
14,emb_temp,emb_temp[14],0,0.0001,True,0.7610,0.7437,0.0343,0.0332,0.8003,0.7366,0.7461,0.7057,0.7664,0.7592
14,emb_temp,emb_temp[14],0,1e-05,False,0.7605,0.7520,0.0344,0.0342,0.8000,0.7377,0.7436,0.7132,0.7780,0.7649
14,emb_temp,emb_temp[14],0,1e-06,False,0.7469,0.7431,0.0349,0.0364,0.7872,0.7275,0.7261,0.7026,0.7730,0.7536
14,emb_temp,emb_temp[14],10,1,False,0.7212,0.5953,0.0132,0.0523,0.7354,0.7189,0.7092,0.5521,0.6535,0.5802
14,emb_temp,emb_temp[14],10,0.01,False,0.7526,0.6299,0.0168,0.0486,0.7715,0.7466,0.7396,0.5868,0.6825,0.6204
14,emb_temp,emb_temp[14],10,0.001,False,0.7982,0.7014,0.0201,0.0399,0.8214,0.7878,0.7854,0.6640,0.7434,0.6968
14,emb_temp,emb_temp[14],10,0.0001,True,0.8304,0.7749,0.0218,0.0249,0.8553,0.8208,0.8152,0.7495,0.7991,0.7762
14,emb_temp,emb_temp[14],10,1e-05,False,0.8335,0.8010,0.0231,0.0267,0.8594,0.8262,0.8149,0.7704,0.8196,0.8129
14,emb_temp,emb_temp[14],10,1e-06,False,0.8186,0.7985,0.0241,0.0279,0.8455,0.8114,0.7990,0.7664,0.8171,0.8120
14,emb_temp,emb_temp[14],25,1,False,0.6581,0.5490,0.0108,0.0206,0.6459,0.6661,0.6624,0.5315,0.5717,0.5439
14,emb_temp,emb_temp[14],25,0.01,False,0.7435,0.5953,0.0026,0.0231,0.7464,0.7413,0.7427,0.5769,0.6212,0.5878
14,emb_temp,emb_temp[14],25,0.001,False,0.7868,0.6332,0.0103,0.0261,0.7981,0.7780,0.7844,0.6176,0.6633,0.6188
14,emb_temp,emb_temp[14],25,0.0001,True,0.8253,0.6894,0.0183,0.0206,0.8455,0.8097,0.8207,0.6869,0.7112,0.6702
14,emb_temp,emb_temp[14],25,1e-05,False,0.8346,0.7455,0.0219,0.0112,0.8583,0.8151,0.8303,0.7403,0.7584,0.7379
14,emb_temp,emb_temp[14],25,1e-06,False,0.8147,0.7617,0.0230,0.0111,0.8399,0.7948,0.8094,0.7532,0.7744,0.7576
14,xl_final,xl_final[14],0,1,False,0.8699,0.7244,0.0267,0.0579,0.8951,0.8724,0.8420,0.7737,0.7387,0.6606
14,xl_final,xl_final[14],0,0.01,False,0.9068,0.7823,0.0116,0.0406,0.9173,0.9088,0.8943,0.8238,0.7804,0.7427
14,xl_final,xl_final[14],0,0.001,False,0.9267,0.8316,0.0063,0.0295,0.9329,0.9269,0.9202,0.8625,0.8037,0.8285
14,xl_final,xl_final[14],0,0.0001,True,0.9332,0.8521,0.0071,0.0319,0.9408,0.9320,0.9268,0.8770,0.8162,0.8631
14,xl_final,xl_final[14],0,1e-05,False,0.9202,0.8427,0.0105,0.0193,0.9317,0.9177,0.9111,0.8478,0.8214,0.8591
14,xl_final,xl_final[14],0,1e-06,False,0.8873,0.7986,0.0108,0.0390,0.8991,0.8847,0.8781,0.7565,0.8058,0.8335
14,xl_final,xl_final[14],10,1,False,0.8749,0.7590,0.0262,0.0414,0.9034,0.8692,0.8519,0.8010,0.7579,0.7181
14,xl_final,xl_final[14],10,0.01,False,0.9140,0.8230,0.0182,0.0174,0.9336,0.9106,0.8978,0.8405,0.8228,0.8057
14,xl_final,xl_final[14],10,0.001,False,0.9328,0.8555,0.0135,0.0233,0.9475,0.9299,0.9210,0.8821,0.8386,0.8457
14,xl_final,xl_final[14],10,0.0001,True,0.9370,0.8628,0.0114,0.0285,0.9497,0.9334,0.9278,0.8893,0.8326,0.8665
14,xl_final,xl_final[14],10,1e-05,False,0.9212,0.8521,0.0133,0.0199,0.9361,0.9167,0.9107,0.8634,0.8291,0.8637
14,xl_final,xl_final[14],10,1e-06,False,0.8875,0.8121,0.0143,0.0308,0.9025,0.8860,0.8739,0.7801,0.8147,0.8414
14,xl_final,xl_final[14],25,1,False,0.8574,0.7250,0.0155,0.0519,0.8752,0.8462,0.8509,0.7568,0.7531,0.6650
14,xl_final,xl_final[14],25,0.01,False,0.9054,0.7762,0.0107,0.0374,0.9176,0.8974,0.9013,0.7965,0.7990,0.7330
14,xl_final,xl_final[14],25,0.001,False,0.9244,0.8198,0.0089,0.0281,0.9347,0.9198,0.9187,0.8482,0.8191,0.7921
14,xl_final,xl_final[14],25,0.0001,True,0.9267,0.8405,0.0096,0.0257,0.9378,0.9213,0.9210,0.8700,0.8233,0.8281
14,xl_final,xl_final[14],25,1e-05,False,0.9086,0.8329,0.0125,0.0202,0.9230,0.9017,0.9009,0.8520,0.8117,0.8350
14,xl_final,xl_final[14],25,1e-06,False,0.8716,0.7962,0.0137,0.0245,0.8861,0.8697,0.8589,0.7713,0.7971,0.8203
15,act_rep,act_rep,0,1,False,0.7660,0.6392,0.0107,0.0009,0.7782,0.7616,0.7583,0.6382,0.6400,0.6394
15,act_rep,act_rep,0,0.01,False,0.8203,0.7032,0.0162,0.0373,0.8181,0.8054,0.8375,0.6820,0.7463,0.6812
15,act_rep,act_rep,0,0.001,False,0.8458,0.7888,0.0209,0.0140,0.8493,0.8233,0.8646,0.7775,0.8045,0.7845
15,act_rep,act_rep,0,0.0001,True,0.8737,0.8577,0.0198,0.0129,0.8841,0.8509,0.8862,0.8502,0.8503,0.8725
15,act_rep,act_rep,0,1e-05,False,0.8913,0.8754,0.0161,0.0152,0.9020,0.8728,0.8992,0.8582,0.8810,0.8870
15,act_rep,act_rep,0,1e-06,False,0.8850,0.8669,0.0166,0.0218,0.8986,0.8665,0.8899,0.8433,0.8864,0.8710
15,act_rep,act_rep,10,1,False,0.7699,0.6628,0.0170,0.0269,0.7885,0.7661,0.7552,0.6441,0.6936,0.6506
15,act_rep,act_rep,10,0.01,False,0.8286,0.7463,0.0127,0.0370,0.8423,0.8171,0.8264,0.7100,0.7839,0.7449
15,act_rep,act_rep,10,0.001,False,0.8579,0.8178,0.0171,0.0162,0.8688,0.8381,0.8667,0.8000,0.8315,0.8219
15,act_rep,act_rep,10,0.0001,True,0.8840,0.8705,0.0212,0.0127,0.8970,0.8596,0.8956,0.8606,0.8660,0.8848
15,act_rep,act_rep,10,1e-05,False,0.9009,0.8846,0.0172,0.0162,0.9141,0.8815,0.9070,0.8665,0.8898,0.8975
15,act_rep,act_rep,10,1e-06,False,0.8940,0.8762,0.0172,0.0205,0.9104,0.8760,0.8957,0.8533,0.8929,0.8824
15,act_rep,act_rep,25,1,False,0.7900,0.6925,0.0154,0.0598,0.7726,0.7955,0.8018,0.6256,0.7405,0.7113
15,act_rep,act_rep,25,0.01,False,0.8291,0.7615,0.0105,0.0445,0.8330,0.8171,0.8370,0.7144,0.8029,0.7674
15,act_rep,act_rep,25,0.001,False,0.8600,0.8180,0.0125,0.0222,0.8647,0.8459,0.8695,0.7979,0.8418,0.8144
15,act_rep,act_rep,25,0.0001,True,0.8877,0.8715,0.0152,0.0086,0.8982,0.8703,0.8948,0.8630,0.8713,0.8803
15,act_rep,act_rep,25,1e-05,False,0.9046,0.8882,0.0151,0.0137,0.9176,0.8881,0.9082,0.8735,0.8905,0.9005
15,act_rep,act_rep,25,1e-06,False,0.8980,0.8807,0.0159,0.0170,0.9136,0.8818,0.8985,0.8613,0.8930,0.8877
15,act_mag,act_mag,0,1,False,0.7597,0.6475,0.0151,0.0405,0.7771,0.7501,0.7519,0.6160,0.6334,0.6932
15,act_mag,act_mag,0,0.01,False,0.7935,0.6954,0.0133,0.0349,0.8086,0.7832,0.7887,0.6648,0.6880,0.7334
15,act_mag,act_mag,0,0.001,False,0.8264,0.7468,0.0159,0.0279,0.8448,0.8161,0.8184,0.7168,0.7516,0.7721
15,act_mag,act_mag,0,0.0001,True,0.8522,0.7904,0.0182,0.0202,0.8729,0.8450,0.8387,0.7675,0.8057,0.7980
15,act_mag,act_mag,0,1e-05,False,0.8502,0.7986,0.0204,0.0353,0.8726,0.8451,0.8329,0.7627,0.8332,0.7997
15,act_mag,act_mag,0,1e-06,False,0.8266,0.7782,0.0238,0.0499,0.8514,0.8244,0.8040,0.7282,0.8280,0.7783
15,act_mag,act_mag,10,1,False,0.7772,0.6690,0.0227,0.0252,0.8032,0.7671,0.7612,0.6511,0.6580,0.6979
15,act_mag,act_mag,10,0.01,False,0.8121,0.7103,0.0193,0.0233,0.8342,0.7996,0.8023,0.6932,0.7009,0.7368
15,act_mag,act_mag,10,0.001,False,0.8414,0.7547,0.0187,0.0235,0.8630,0.8294,0.8318,0.7320,0.7531,0.7790
15,act_mag,act_mag,10,0.0001,True,0.8618,0.8027,0.0185,0.0187,0.8831,0.8532,0.8492,0.7811,0.8139,0.8130
15,act_mag,act_mag,10,1e-05,False,0.8591,0.8109,0.0203,0.0348,0.8818,0.8528,0.8427,0.7732,0.8419,0.8176
15,act_mag,act_mag,10,1e-06,False,0.8364,0.7906,0.0243,0.0496,0.8616,0.8346,0.8131,0.7386,0.8373,0.7958
15,act_mag,act_mag,25,1,False,0.7728,0.6284,0.0152,0.0200,0.7897,0.7682,0.7605,0.6068,0.6319,0.6465
15,act_mag,act_mag,25,0.01,False,0.8081,0.6733,0.0184,0.0305,0.8294,0.7985,0.7965,0.6398,0.6807,0.6994
15,act_mag,act_mag,25,0.001,False,0.8375,0.7293,0.0178,0.0299,0.8579,0.8258,0.8287,0.6957,0.7390,0.7530
15,act_mag,act_mag,25,0.0001,True,0.8577,0.7940,0.0166,0.0231,0.8768,0.8486,0.8476,0.7674,0.8062,0.8084
15,act_mag,act_mag,25,1e-05,False,0.8579,0.8118,0.0187,0.0332,0.8791,0.8508,0.8439,0.7745,0.8380,0.8231
15,act_mag,act_mag,25,1e-06,False,0.8383,0.7957,0.0237,0.0453,0.8633,0.8355,0.8161,0.7462,0.8350,0.8060
15,xl_final,xl_final[15],0,1,False,0.8615,0.7139,0.0004,0.0752,0.8619,0.8614,0.8611,0.7953,0.6469,0.6994
15,xl_final,xl_final[15],0,0.01,False,0.9091,0.7712,0.0039,0.0498,0.9046,0.9113,0.9114,0.8288,0.7411,0.7438
15,xl_final,xl_final[15],0,0.001,False,0.9283,0.8155,0.0040,0.0344,0.9243,0.9285,0.9323,0.8539,0.7874,0.8052
15,xl_final,xl_final[15],0,0.0001,True,0.9338,0.8478,0.0055,0.0295,0.9308,0.9304,0.9402,0.8718,0.8149,0.8567
15,xl_final,xl_final[15],0,1e-05,False,0.9229,0.8388,0.0064,0.0209,0.9200,0.9185,0.9303,0.8421,0.8164,0.8578
15,xl_final,xl_final[15],0,1e-06,False,0.8916,0.7987,0.0046,0.0363,0.8881,0.8899,0.8968,0.7600,0.8041,0.8319
15,xl_final,xl_final[15],10,1,False,0.8768,0.7580,0.0062,0.0383,0.8709,0.8832,0.8763,0.8022,0.7332,0.7386
15,xl_final,xl_final[15],10,0.01,False,0.9207,0.8112,0.0043,0.0385,0.9192,0.9255,0.9173,0.8460,0.8176,0.7699
15,xl_final,xl_final[15],10,0.001,False,0.9370,0.8429,0.0019,0.0243,0.9358,0.9392,0.9361,0.8709,0.8314,0.8265
15,xl_final,xl_final[15],10,0.0001,True,0.9389,0.8542,0.0021,0.0297,0.9377,0.9376,0.9413,0.8823,0.8232,0.8572
15,xl_final,xl_final[15],10,1e-05,False,0.9252,0.8392,0.0035,0.0194,0.9240,0.9224,0.9291,0.8513,0.8168,0.8494
15,xl_final,xl_final[15],10,1e-06,False,0.8927,0.7997,0.0025,0.0246,0.8909,0.8916,0.8956,0.7733,0.8040,0.8218
15,xl_final,xl_final[15],25,1,False,0.8600,0.6767,0.0035,0.0460,0.8586,0.8640,0.8574,0.7270,0.6370,0.6660
15,xl_final,xl_final[15],25,0.01,False,0.8988,0.7556,0.0105,0.0480,0.9106,0.8952,0.8906,0.8069,0.7481,0.7117
15,xl_final,xl_final[15],25,0.001,False,0.9168,0.7998,0.0098,0.0535,0.9280,0.9099,0.9124,0.8575,0.7902,0.7517
15,xl_final,xl_final[15],25,0.0001,True,0.9222,0.8232,0.0106,0.0417,0.9324,0.9112,0.9232,0.8714,0.8001,0.7981
15,xl_final,xl_final[15],25,1e-05,False,0.9086,0.8166,0.0081,0.0232,0.9155,0.8997,0.9105,0.8431,0.8001,0.8066
15,xl_final,xl_final[15],25,1e-06,False,0.8758,0.7818,0.0037,0.0126,0.8789,0.8718,0.8768,0.7676,0.7917,0.7861
16,act_rep,act_rep,0,1,False,0.7402,0.6477,0.0360,0.0135,0.7644,0.6988,0.7574,0.6325,0.6520,0.6585
16,act_rep,act_rep,0,0.01,False,0.8016,0.7112,0.0349,0.0392,0.8121,0.7627,0.8300,0.6827,0.7559,0.6951
16,act_rep,act_rep,0,0.001,False,0.8324,0.7843,0.0271,0.0273,0.8423,0.8017,0.8532,0.7650,0.8155,0.7723
16,act_rep,act_rep,0,0.0001,True,0.8692,0.8550,0.0190,0.0105,0.8788,0.8473,0.8814,0.8432,0.8585,0.8633
16,act_rep,act_rep,0,1e-05,False,0.8896,0.8725,0.0157,0.0140,0.8997,0.8715,0.8975,0.8565,0.8823,0.8788
16,act_rep,act_rep,0,1e-06,False,0.8844,0.8636,0.0165,0.0222,0.8973,0.8658,0.8899,0.8411,0.8855,0.8641
16,act_rep,act_rep,10,1,False,0.7383,0.6419,0.0257,0.0288,0.7662,0.7155,0.7331,0.6641,0.6523,0.6094
16,act_rep,act_rep,10,0.01,False,0.8108,0.7394,0.0240,0.0378,0.8319,0.7847,0.8159,0.7205,0.7828,0.7147
16,act_rep,act_rep,10,0.001,False,0.8459,0.8063,0.0208,0.0239,0.8587,0.8220,0.8571,0.7909,0.8338,0.7941
16,act_rep,act_rep,10,0.0001,True,0.8805,0.8660,0.0200,0.0106,0.8918,0.8574,0.8923,0.8542,0.8693,0.8745
16,act_rep,act_rep,10,1e-05,False,0.8993,0.8813,0.0170,0.0146,0.9122,0.8801,0.9056,0.8644,0.8899,0.8897
16,act_rep,act_rep,10,1e-06,False,0.8935,0.8729,0.0168,0.0208,0.9090,0.8757,0.8959,0.8506,0.8919,0.8761
16,act_rep,act_rep,25,1,False,0.7614,0.6530,0.0382,0.0600,0.7914,0.7184,0.7742,0.5838,0.6907,0.6844
16,act_rep,act_rep,25,0.01,False,0.8077,0.7442,0.0296,0.0484,0.8292,0.7739,0.8200,0.6900,0.7828,0.7599
16,act_rep,act_rep,25,0.001,False,0.8466,0.8121,0.0173,0.0330,0.8562,0.8266,0.8569,0.7801,0.8459,0.8104
16,act_rep,act_rep,25,0.0001,True,0.8845,0.8686,0.0153,0.0126,0.8947,0.8669,0.8918,0.8540,0.8771,0.8746
16,act_rep,act_rep,25,1e-05,False,0.9033,0.8852,0.0153,0.0125,0.9161,0.8864,0.9074,0.8709,0.8910,0.8937
16,act_rep,act_rep,25,1e-06,False,0.8976,0.8775,0.0155,0.0176,0.9124,0.8815,0.8991,0.8581,0.8924,0.8821
16,act_mag,act_mag,0,1,False,0.7748,0.6286,0.0218,0.0443,0.7987,0.7562,0.7694,0.5887,0.6764,0.6208
16,act_mag,act_mag,0,0.01,False,0.8047,0.6822,0.0203,0.0447,0.8272,0.7878,0.7991,0.6314,0.7152,0.7001
16,act_mag,act_mag,0,0.001,False,0.8351,0.7323,0.0183,0.0439,0.8562,0.8240,0.8251,0.6820,0.7632,0.7516
16,act_mag,act_mag,0,0.0001,True,0.8565,0.7818,0.0179,0.0291,0.8770,0.8489,0.8437,0.7512,0.8090,0.7854
16,act_mag,act_mag,0,1e-05,False,0.8516,0.7926,0.0190,0.0379,0.8729,0.8456,0.8364,0.7555,0.8313,0.7911
16,act_mag,act_mag,0,1e-06,False,0.8259,0.7730,0.0226,0.0492,0.8499,0.8228,0.8050,0.7262,0.8242,0.7684
16,act_mag,act_mag,10,1,False,0.7913,0.6554,0.0182,0.0279,0.8122,0.7795,0.7821,0.6252,0.6800,0.6611
16,act_mag,act_mag,10,0.01,False,0.8221,0.6942,0.0195,0.0317,0.8446,0.8098,0.8118,0.6617,0.7250,0.6961
16,act_mag,act_mag,10,0.001,False,0.8491,0.7419,0.0194,0.0327,0.8715,0.8379,0.8378,0.7066,0.7712,0.7480
16,act_mag,act_mag,10,0.0001,True,0.8658,0.7950,0.0185,0.0259,0.8870,0.8568,0.8536,0.7674,0.8190,0.7985
16,act_mag,act_mag,10,1e-05,False,0.8601,0.8053,0.0194,0.0367,0.8820,0.8530,0.8453,0.7668,0.8398,0.8094
16,act_mag,act_mag,10,1e-06,False,0.8353,0.7855,0.0232,0.0483,0.8596,0.8330,0.8133,0.7368,0.8333,0.7865
16,act_mag,act_mag,25,1,False,0.7849,0.6403,0.0148,0.0486,0.7979,0.7688,0.7881,0.5947,0.6915,0.6348
16,act_mag,act_mag,25,0.01,False,0.8182,0.6737,0.0164,0.0556,0.8362,0.8043,0.8140,0.6134,0.7229,0.6847
16,act_mag,act_mag,25,0.001,False,0.8447,0.7268,0.0173,0.0478,0.8642,0.8311,0.8389,0.6729,0.7642,0.7432
16,act_mag,act_mag,25,0.0001,True,0.8620,0.7896,0.0162,0.0314,0.8806,0.8511,0.8541,0.7536,0.8114,0.8037
16,act_mag,act_mag,25,1e-05,False,0.8589,0.8072,0.0175,0.0349,0.8790,0.8508,0.8469,0.7683,0.8355,0.8180
16,act_mag,act_mag,25,1e-06,False,0.8371,0.7910,0.0225,0.0434,0.8610,0.8340,0.8164,0.7445,0.8303,0.7982
16,emb_temp,emb_temp[16],0,1,False,0.7058,0.6350,0.0359,0.0280,0.7459,0.6768,0.6946,0.6068,0.6629,0.6354
16,emb_temp,emb_temp[16],0,0.01,False,0.7153,0.6476,0.0364,0.0285,0.7558,0.6856,0.7044,0.6179,0.6747,0.6502
16,emb_temp,emb_temp[16],0,0.001,False,0.7409,0.6910,0.0366,0.0297,0.7813,0.7099,0.7317,0.6580,0.7155,0.6995
16,emb_temp,emb_temp[16],0,0.0001,True,0.7594,0.7386,0.0345,0.0273,0.7982,0.7320,0.7482,0.7076,0.7590,0.7491
16,emb_temp,emb_temp[16],0,1e-05,False,0.7586,0.7477,0.0321,0.0311,0.7957,0.7381,0.7421,0.7128,0.7729,0.7572
16,emb_temp,emb_temp[16],0,1e-06,False,0.7430,0.7375,0.0321,0.0359,0.7801,0.7254,0.7236,0.6984,0.7689,0.7454
16,emb_temp,emb_temp[16],10,1,False,0.7164,0.5869,0.0259,0.0575,0.7463,0.7029,0.6999,0.5647,0.6523,0.5439
16,emb_temp,emb_temp[16],10,0.01,False,0.7439,0.6197,0.0285,0.0520,0.7768,0.7298,0.7252,0.5873,0.6796,0.5921
16,emb_temp,emb_temp[16],10,0.001,False,0.7921,0.6954,0.0272,0.0454,0.8233,0.7797,0.7733,0.6535,0.7436,0.6891
16,emb_temp,emb_temp[16],10,0.0001,True,0.8301,0.7792,0.0235,0.0256,0.8561,0.8240,0.8102,0.7504,0.7992,0.7881
16,emb_temp,emb_temp[16],10,1e-05,False,0.8354,0.8027,0.0230,0.0302,0.8603,0.8308,0.8150,0.7679,0.8225,0.8177
16,emb_temp,emb_temp[16],10,1e-06,False,0.8210,0.8003,0.0240,0.0331,0.8475,0.8149,0.8008,0.7621,0.8216,0.8171
16,emb_temp,emb_temp[16],25,1,False,0.6716,0.5683,0.0200,0.0408,0.6946,0.6612,0.6589,0.6070,0.5722,0.5257
16,emb_temp,emb_temp[16],25,0.01,False,0.7593,0.6215,0.0295,0.0307,0.7933,0.7447,0.7398,0.6365,0.6418,0.5862
16,emb_temp,emb_temp[16],25,0.001,False,0.8009,0.6700,0.0328,0.0252,0.8380,0.7893,0.7754,0.6694,0.6955,0.6452
16,emb_temp,emb_temp[16],25,0.0001,True,0.8332,0.7326,0.0290,0.0135,0.8665,0.8197,0.8134,0.7295,0.7474,0.7209
16,emb_temp,emb_temp[16],25,1e-05,False,0.8397,0.7662,0.0254,0.0168,0.8685,0.8204,0.8303,0.7523,0.7849,0.7613
16,emb_temp,emb_temp[16],25,1e-06,False,0.8187,0.7708,0.0255,0.0167,0.8466,0.7968,0.8126,0.7577,0.7896,0.7650
16,xl_final,xl_final[16],0,1,False,0.8553,0.7100,0.0099,0.0161,0.8647,0.8563,0.8450,0.7226,0.7156,0.6919
16,xl_final,xl_final[16],0,0.01,False,0.9001,0.7653,0.0022,0.0116,0.9025,0.8983,0.8995,0.7618,0.7782,0.7558
16,xl_final,xl_final[16],0,0.001,False,0.9187,0.8169,0.0045,0.0174,0.9212,0.9136,0.9214,0.8064,0.8370,0.8074
16,xl_final,xl_final[16],0,0.0001,True,0.9232,0.8437,0.0078,0.0187,0.9292,0.9145,0.9260,0.8267,0.8637,0.8408
16,xl_final,xl_final[16],0,1e-05,False,0.9114,0.8303,0.0074,0.0246,0.9163,0.9029,0.9151,0.8053,0.8545,0.8311
16,xl_final,xl_final[16],0,1e-06,False,0.8800,0.7951,0.0087,0.0431,0.8804,0.8711,0.8886,0.7486,0.8336,0.8031
16,xl_final,xl_final[16],10,1,False,0.8909,0.7082,0.0047,0.0131,0.8855,0.8935,0.8936,0.7075,0.7217,0.6954
16,xl_final,xl_final[16],10,0.01,False,0.9239,0.7903,0.0034,0.0229,0.9241,0.9204,0.9271,0.7924,0.8121,0.7664
16,xl_final,xl_final[16],10,0.001,False,0.9347,0.8313,0.0035,0.0202,0.9357,0.9308,0.9377,0.8256,0.8537,0.8145
16,xl_final,xl_final[16],10,0.0001,True,0.9341,0.8418,0.0042,0.0187,0.9369,0.9293,0.9362,0.8249,0.8620,0.8386
16,xl_final,xl_final[16],10,1e-05,False,0.9201,0.8286,0.0040,0.0213,0.9224,0.9155,0.9225,0.8054,0.8471,0.8333
16,xl_final,xl_final[16],10,1e-06,False,0.8887,0.7980,0.0057,0.0383,0.8865,0.8844,0.8952,0.7569,0.8328,0.8042
16,xl_final,xl_final[16],25,1,False,0.8716,0.7099,0.0287,0.0466,0.8791,0.8399,0.8958,0.7509,0.7195,0.6593
16,xl_final,xl_final[16],25,0.01,False,0.9076,0.7495,0.0180,0.0446,0.9129,0.8876,0.9223,0.7883,0.7593,0.7008
16,xl_final,xl_final[16],25,0.001,False,0.9205,0.7798,0.0100,0.0336,0.9241,0.9092,0.9282,0.8064,0.7909,0.7421
16,xl_final,xl_final[16],25,0.0001,True,0.9214,0.8041,0.0074,0.0109,0.9259,0.9129,0.9255,0.8081,0.8124,0.7918
16,xl_final,xl_final[16],25,1e-05,False,0.9063,0.8010,0.0070,0.0132,0.9102,0.8982,0.9105,0.7867,0.8127,0.8035
16,xl_final,xl_final[16],25,1e-06,False,0.8724,0.7750,0.0091,0.0367,0.8715,0.8638,0.8819,0.7362,0.8092,0.7794
17,act_rep,act_rep,0,1,False,0.7459,0.6385,0.0576,0.0254,0.7748,0.6796,0.7834,0.6104,0.6452,0.6599
17,act_rep,act_rep,0,0.01,False,0.8117,0.7048,0.0232,0.0392,0.8144,0.7874,0.8335,0.6623,0.7395,0.7126
17,act_rep,act_rep,0,0.001,False,0.8445,0.7792,0.0210,0.0267,0.8545,0.8203,0.8586,0.7484,0.7932,0.7960
17,act_rep,act_rep,0,0.0001,True,0.8748,0.8504,0.0187,0.0138,0.8849,0.8532,0.8863,0.8427,0.8421,0.8663
17,act_rep,act_rep,0,1e-05,False,0.8906,0.8708,0.0155,0.0126,0.9006,0.8728,0.8984,0.8563,0.8765,0.8795
17,act_rep,act_rep,0,1e-06,False,0.8834,0.8615,0.0158,0.0231,0.8957,0.8657,0.8889,0.8372,0.8831,0.8640
17,act_rep,act_rep,10,1,False,0.7435,0.6380,0.0430,0.0339,0.7886,0.7028,0.7390,0.5997,0.6504,0.6640
17,act_rep,act_rep,10,0.01,False,0.8224,0.7362,0.0265,0.0327,0.8444,0.7930,0.8299,0.6988,0.7592,0.7508
17,act_rep,act_rep,10,0.001,False,0.8577,0.8039,0.0237,0.0216,0.8746,0.8306,0.8679,0.7793,0.8130,0.8195
17,act_rep,act_rep,10,0.0001,True,0.8856,0.8627,0.0215,0.0125,0.8985,0.8608,0.8976,0.8549,0.8562,0.8771
17,act_rep,act_rep,10,1e-05,False,0.9003,0.8798,0.0167,0.0136,0.9131,0.8814,0.9063,0.8643,0.8849,0.8901
17,act_rep,act_rep,10,1e-06,False,0.8928,0.8711,0.0163,0.0219,0.9079,0.8756,0.8950,0.8471,0.8901,0.8762
17,act_rep,act_rep,25,1,False,0.7694,0.6552,0.0436,0.0579,0.7886,0.7196,0.8001,0.5899,0.7002,0.6756
17,act_rep,act_rep,25,0.01,False,0.8199,0.7421,0.0295,0.0593,0.8353,0.7858,0.8385,0.6757,0.7897,0.7610
17,act_rep,act_rep,25,0.001,False,0.8567,0.8111,0.0199,0.0323,0.8693,0.8337,0.8671,0.7751,0.8377,0.8205
17,act_rep,act_rep,25,0.0001,True,0.8891,0.8677,0.0171,0.0101,0.9007,0.8695,0.8971,0.8579,0.8671,0.8781
17,act_rep,act_rep,25,1e-05,False,0.9044,0.8844,0.0151,0.0122,0.9170,0.8877,0.9084,0.8711,0.8871,0.8949
17,act_rep,act_rep,25,1e-06,False,0.8972,0.8762,0.0150,0.0188,0.9115,0.8816,0.8986,0.8550,0.8908,0.8828
17,act_mag,act_mag,0,1,False,0.7740,0.6336,0.0178,0.0668,0.7944,0.7619,0.7657,0.5566,0.6698,0.6745
17,act_mag,act_mag,0,0.01,False,0.8054,0.6758,0.0201,0.0648,0.8287,0.7940,0.7936,0.6014,0.7053,0.7206
17,act_mag,act_mag,0,0.001,False,0.8366,0.7265,0.0231,0.0513,0.8632,0.8262,0.8205,0.6673,0.7574,0.7547
17,act_mag,act_mag,0,0.0001,True,0.8575,0.7809,0.0213,0.0339,0.8814,0.8508,0.8404,0.7451,0.8125,0.7851
17,act_mag,act_mag,0,1e-05,False,0.8518,0.7922,0.0206,0.0408,0.8745,0.8464,0.8344,0.7521,0.8337,0.7910
17,act_mag,act_mag,0,1e-06,False,0.8262,0.7710,0.0218,0.0524,0.8494,0.8233,0.8061,0.7209,0.8254,0.7666
17,act_mag,act_mag,10,1,False,0.7941,0.6654,0.0227,0.0469,0.8201,0.7836,0.7786,0.6114,0.6952,0.6897
17,act_mag,act_mag,10,0.01,False,0.8228,0.6985,0.0218,0.0426,0.8479,0.8108,0.8096,0.6494,0.7242,0.7219
17,act_mag,act_mag,10,0.001,False,0.8485,0.7405,0.0234,0.0335,0.8756,0.8362,0.8339,0.7026,0.7662,0.7527
17,act_mag,act_mag,10,0.0001,True,0.8658,0.7930,0.0206,0.0273,0.8892,0.8576,0.8505,0.7641,0.8185,0.7965
17,act_mag,act_mag,10,1e-05,False,0.8601,0.8042,0.0203,0.0383,0.8828,0.8537,0.8438,0.7643,0.8407,0.8078
17,act_mag,act_mag,10,1e-06,False,0.8355,0.7833,0.0225,0.0511,0.8589,0.8334,0.8141,0.7320,0.8342,0.7836
17,act_mag,act_mag,25,1,False,0.7833,0.6369,0.0171,0.0413,0.8031,0.7728,0.7742,0.5916,0.6723,0.6469
17,act_mag,act_mag,25,0.01,False,0.8182,0.6738,0.0207,0.0544,0.8421,0.8055,0.8072,0.6116,0.7121,0.6976
17,act_mag,act_mag,25,0.001,False,0.8449,0.7230,0.0191,0.0447,0.8670,0.8330,0.8348,0.6721,0.7558,0.7410
17,act_mag,act_mag,25,0.0001,True,0.8617,0.7872,0.0171,0.0282,0.8815,0.8524,0.8513,0.7549,0.8073,0.7994
17,act_mag,act_mag,25,1e-05,False,0.8587,0.8064,0.0183,0.0345,0.8796,0.8511,0.8454,0.7682,0.8354,0.8156
17,act_mag,act_mag,25,1e-06,False,0.8368,0.7890,0.0221,0.0457,0.8601,0.8341,0.8162,0.7407,0.8314,0.7950
17,emb_temp,emb_temp[17],0,1,False,0.7069,0.6340,0.0272,0.0368,0.7373,0.6849,0.6987,0.5923,0.6617,0.6481
17,emb_temp,emb_temp[17],0,0.01,False,0.7152,0.6432,0.0276,0.0390,0.7463,0.6934,0.7060,0.5988,0.6719,0.6589
17,emb_temp,emb_temp[17],0,0.001,False,0.7399,0.6792,0.0309,0.0395,0.7752,0.7173,0.7273,0.6339,0.7063,0.6973
17,emb_temp,emb_temp[17],0,0.0001,True,0.7575,0.7339,0.0331,0.0269,0.7955,0.7348,0.7421,0.7030,0.7515,0.7473
17,emb_temp,emb_temp[17],0,1e-05,False,0.7554,0.7463,0.0311,0.0293,0.7914,0.7376,0.7373,0.7132,0.7692,0.7564
17,emb_temp,emb_temp[17],0,1e-06,False,0.7390,0.7353,0.0302,0.0340,0.7738,0.7243,0.7190,0.6981,0.7649,0.7427
17,emb_temp,emb_temp[17],10,1,False,0.7225,0.6123,0.0300,0.0469,0.7558,0.7142,0.6974,0.5904,0.6662,0.5803
17,emb_temp,emb_temp[17],10,0.01,False,0.7498,0.6409,0.0304,0.0479,0.7832,0.7424,0.7238,0.6090,0.6960,0.6177
17,emb_temp,emb_temp[17],10,0.001,False,0.7967,0.7059,0.0284,0.0427,0.8273,0.7913,0.7714,0.6666,0.7512,0.6998
17,emb_temp,emb_temp[17],10,0.0001,True,0.8323,0.7829,0.0246,0.0257,0.8586,0.8282,0.8099,0.7542,0.8039,0.7905
17,emb_temp,emb_temp[17],10,1e-05,False,0.8366,0.8057,0.0241,0.0307,0.8622,0.8333,0.8143,0.7704,0.8251,0.8217
17,emb_temp,emb_temp[17],10,1e-06,False,0.8215,0.8022,0.0241,0.0322,0.8474,0.8174,0.7997,0.7651,0.8227,0.8189
17,emb_temp,emb_temp[17],25,1,False,0.6656,0.5671,0.0210,0.0408,0.6894,0.6572,0.6501,0.6089,0.5274,0.5649
17,emb_temp,emb_temp[17],25,0.01,False,0.7603,0.6259,0.0338,0.0145,0.7993,0.7401,0.7414,0.6413,0.6240,0.6124
17,emb_temp,emb_temp[17],25,0.001,False,0.8013,0.6709,0.0358,0.0122,0.8424,0.7852,0.7764,0.6655,0.6849,0.6623
17,emb_temp,emb_temp[17],25,0.0001,True,0.8325,0.7341,0.0329,0.0057,0.8703,0.8168,0.8105,0.7275,0.7376,0.7371
17,emb_temp,emb_temp[17],25,1e-05,False,0.8398,0.7689,0.0291,0.0124,0.8733,0.8205,0.8256,0.7549,0.7785,0.7732
17,emb_temp,emb_temp[17],25,1e-06,False,0.8202,0.7748,0.0282,0.0129,0.8524,0.7997,0.8086,0.7629,0.7885,0.7729
18,act_rep,act_rep,0,1,False,0.7335,0.6325,0.0251,0.0649,0.7479,0.7044,0.7481,0.5586,0.6798,0.6592
18,act_rep,act_rep,0,0.01,False,0.8005,0.7026,0.0264,0.0655,0.8112,0.7705,0.8198,0.6355,0.7663,0.7061
18,act_rep,act_rep,0,0.001,False,0.8393,0.7760,0.0222,0.0357,0.8483,0.8141,0.8556,0.7386,0.8096,0.7798
18,act_rep,act_rep,0,0.0001,True,0.8741,0.8516,0.0191,0.0120,0.8842,0.8521,0.8860,0.8410,0.8492,0.8646
18,act_rep,act_rep,0,1e-05,False,0.8912,0.8726,0.0162,0.0128,0.9021,0.8725,0.8990,0.8578,0.8785,0.8813
18,act_rep,act_rep,0,1e-06,False,0.8849,0.8635,0.0163,0.0226,0.8982,0.8666,0.8899,0.8395,0.8844,0.8665
18,act_rep,act_rep,10,1,False,0.7467,0.6623,0.0116,0.0626,0.7600,0.7408,0.7392,0.5975,0.7224,0.6670
18,act_rep,act_rep,10,0.01,False,0.8195,0.7283,0.0194,0.0542,0.8382,0.7994,0.8209,0.6764,0.7846,0.7239
18,act_rep,act_rep,10,0.001,False,0.8553,0.7974,0.0199,0.0292,0.8689,0.8325,0.8646,0.7676,0.8260,0.7986
18,act_rep,act_rep,10,0.0001,True,0.8855,0.8626,0.0206,0.0106,0.8978,0.8617,0.8969,0.8528,0.8613,0.8739
18,act_rep,act_rep,10,1e-05,False,0.9007,0.8814,0.0175,0.0138,0.9146,0.8811,0.9065,0.8657,0.8869,0.8915
18,act_rep,act_rep,10,1e-06,False,0.8942,0.8730,0.0169,0.0217,0.9102,0.8766,0.8958,0.8492,0.8914,0.8785
18,act_rep,act_rep,25,1,False,0.7694,0.6673,0.0447,0.0502,0.7850,0.7189,0.8041,0.6123,0.7109,0.6786
18,act_rep,act_rep,25,0.01,False,0.8144,0.7437,0.0339,0.0616,0.8387,0.7757,0.8288,0.6762,0.7969,0.7581
18,act_rep,act_rep,25,0.001,False,0.8563,0.8080,0.0199,0.0364,0.8706,0.8336,0.8646,0.7697,0.8423,0.8120
18,act_rep,act_rep,25,0.0001,True,0.8895,0.8681,0.0165,0.0096,0.9011,0.8706,0.8968,0.8580,0.8692,0.8771
18,act_rep,act_rep,25,1e-05,False,0.9051,0.8862,0.0160,0.0122,0.9190,0.8877,0.9088,0.8729,0.8888,0.8968
18,act_rep,act_rep,25,1e-06,False,0.8985,0.8781,0.0160,0.0187,0.9141,0.8821,0.8995,0.8569,0.8923,0.8851
18,act_mag,act_mag,0,1,False,0.7697,0.6573,0.0292,0.0301,0.7942,0.7774,0.7374,0.6227,0.6780,0.6712
18,act_mag,act_mag,0,0.01,False,0.7995,0.6802,0.0208,0.0342,0.8200,0.8001,0.7785,0.6416,0.7067,0.6923
18,act_mag,act_mag,0,0.001,False,0.8322,0.7246,0.0201,0.0427,0.8537,0.8291,0.8139,0.6773,0.7602,0.7363
18,act_mag,act_mag,0,0.0001,True,0.8556,0.7791,0.0198,0.0360,0.8769,0.8520,0.8379,0.7432,0.8151,0.7789
18,act_mag,act_mag,0,1e-05,False,0.8512,0.7917,0.0209,0.0424,0.8741,0.8463,0.8333,0.7523,0.8365,0.7862
18,act_mag,act_mag,0,1e-06,False,0.8260,0.7716,0.0220,0.0538,0.8496,0.8225,0.8061,0.7221,0.8289,0.7639
18,act_mag,act_mag,10,1,False,0.7837,0.6603,0.0248,0.0472,0.8037,0.7913,0.7560,0.6077,0.6990,0.6741
18,act_mag,act_mag,10,0.01,False,0.8152,0.6853,0.0209,0.0445,0.8347,0.8180,0.7931,0.6393,0.7281,0.6885
18,act_mag,act_mag,10,0.001,False,0.8439,0.7329,0.0201,0.0386,0.8653,0.8409,0.8256,0.6921,0.7690,0.7376
18,act_mag,act_mag,10,0.0001,True,0.8640,0.7912,0.0189,0.0316,0.8850,0.8589,0.8482,0.7590,0.8222,0.7925
18,act_mag,act_mag,10,1e-05,False,0.8597,0.8042,0.0206,0.0401,0.8826,0.8539,0.8426,0.7642,0.8444,0.8038
18,act_mag,act_mag,10,1e-06,False,0.8353,0.7840,0.0227,0.0524,0.8590,0.8329,0.8139,0.7332,0.8378,0.7811
18,act_mag,act_mag,25,1,False,0.7884,0.6258,0.0206,0.0694,0.8102,0.7858,0.7692,0.5667,0.7023,0.6085
18,act_mag,act_mag,25,0.01,False,0.8159,0.6581,0.0188,0.0554,0.8374,0.8074,0.8027,0.6072,0.7170,0.6502
18,act_mag,act_mag,25,0.001,False,0.8422,0.7144,0.0169,0.0434,0.8618,0.8326,0.8323,0.6726,0.7592,0.7115
18,act_mag,act_mag,25,0.0001,True,0.8611,0.7842,0.0159,0.0296,0.8793,0.8531,0.8508,0.7525,0.8110,0.7891
18,act_mag,act_mag,25,1e-05,False,0.8586,0.8058,0.0187,0.0357,0.8798,0.8511,0.8448,0.7677,0.8385,0.8113
18,act_mag,act_mag,25,1e-06,False,0.8367,0.7895,0.0222,0.0466,0.8603,0.8335,0.8162,0.7415,0.8345,0.7926
18,emb_temp,emb_temp[18],0,1,False,0.7086,0.6332,0.0244,0.0325,0.7365,0.6913,0.6979,0.5961,0.6567,0.6468
18,emb_temp,emb_temp[18],0,0.01,False,0.7159,0.6432,0.0253,0.0339,0.7449,0.6982,0.7047,0.6045,0.6678,0.6572
18,emb_temp,emb_temp[18],0,0.001,False,0.7383,0.6836,0.0291,0.0362,0.7717,0.7188,0.7244,0.6431,0.7128,0.6948
18,emb_temp,emb_temp[18],0,0.0001,True,0.7547,0.7350,0.0327,0.0289,0.7922,0.7316,0.7403,0.7023,0.7569,0.7458
18,emb_temp,emb_temp[18],0,1e-05,False,0.7535,0.7452,0.0311,0.0302,0.7894,0.7354,0.7358,0.7116,0.7700,0.7540
18,emb_temp,emb_temp[18],0,1e-06,False,0.7376,0.7339,0.0304,0.0347,0.7725,0.7233,0.7170,0.6960,0.7643,0.7413
18,emb_temp,emb_temp[18],10,1,False,0.7228,0.6183,0.0320,0.0516,0.7569,0.7183,0.6933,0.5865,0.6778,0.5906
18,emb_temp,emb_temp[18],10,0.01,False,0.7481,0.6426,0.0299,0.0507,0.7796,0.7444,0.7202,0.6058,0.7005,0.6214
18,emb_temp,emb_temp[18],10,0.001,False,0.7933,0.7030,0.0283,0.0489,0.8233,0.7894,0.7672,0.6594,0.7559,0.6937
18,emb_temp,emb_temp[18],10,0.0001,True,0.8300,0.7815,0.0256,0.0274,0.8574,0.8257,0.8068,0.7528,0.8074,0.7841
18,emb_temp,emb_temp[18],10,1e-05,False,0.8349,0.8074,0.0249,0.0293,0.8616,0.8310,0.8123,0.7737,0.8271,0.8213
18,emb_temp,emb_temp[18],10,1e-06,False,0.8199,0.8031,0.0246,0.0314,0.8464,0.8152,0.7980,0.7669,0.8232,0.8191
18,emb_temp,emb_temp[18],25,1,False,0.6641,0.5621,0.0324,0.0402,0.6994,0.6572,0.6357,0.6085,0.5382,0.5395
18,emb_temp,emb_temp[18],25,0.01,False,0.7562,0.6127,0.0355,0.0185,0.7956,0.7464,0.7267,0.6326,0.6099,0.5958
18,emb_temp,emb_temp[18],25,0.001,False,0.8003,0.6647,0.0380,0.0137,0.8430,0.7880,0.7700,0.6591,0.6803,0.6546
18,emb_temp,emb_temp[18],25,0.0001,True,0.8338,0.7335,0.0351,0.0080,0.8740,0.8188,0.8087,0.7253,0.7414,0.7337
18,emb_temp,emb_temp[18],25,1e-05,False,0.8420,0.7732,0.0308,0.0141,0.8776,0.8231,0.8254,0.7576,0.7850,0.7769
18,emb_temp,emb_temp[18],25,1e-06,False,0.8219,0.7773,0.0301,0.0136,0.8564,0.8013,0.8079,0.7638,0.7911,0.7769
19,act_rep,act_rep,0,1,False,0.7290,0.7013,0.0328,0.0049,0.7663,0.7049,0.7158,0.7040,0.6957,0.7041
19,act_rep,act_rep,0,0.01,False,0.7997,0.7439,0.0161,0.0257,0.8171,0.7853,0.7967,0.7182,0.7695,0.7441
19,act_rep,act_rep,0,0.001,False,0.8373,0.8023,0.0171,0.0249,0.8486,0.8176,0.8456,0.7737,0.8140,0.8192
19,act_rep,act_rep,0,0.0001,True,0.8736,0.8578,0.0191,0.0191,0.8851,0.8516,0.8842,0.8428,0.8511,0.8793
19,act_rep,act_rep,0,1e-05,False,0.8905,0.8724,0.0170,0.0156,0.9025,0.8710,0.8979,0.8548,0.8779,0.8845
19,act_rep,act_rep,0,1e-06,False,0.8841,0.8629,0.0168,0.0231,0.8978,0.8653,0.8893,0.8380,0.8835,0.8673
19,act_rep,act_rep,10,1,False,0.7457,0.6808,0.0192,0.0344,0.7661,0.7428,0.7281,0.6439,0.7119,0.6866
19,act_rep,act_rep,10,0.01,False,0.8120,0.7471,0.0135,0.0500,0.8274,0.8026,0.8060,0.6957,0.7956,0.7502
19,act_rep,act_rep,10,0.001,False,0.8515,0.8140,0.0174,0.0314,0.8643,0.8316,0.8586,0.7778,0.8333,0.8309
19,act_rep,act_rep,10,0.0001,True,0.8845,0.8667,0.0213,0.0183,0.8973,0.8599,0.8964,0.8510,0.8623,0.8868
19,act_rep,act_rep,10,1e-05,False,0.9000,0.8810,0.0181,0.0165,0.9146,0.8797,0.9057,0.8626,0.8858,0.8945
19,act_rep,act_rep,10,1e-06,False,0.8933,0.8723,0.0174,0.0222,0.9097,0.8751,0.8952,0.8474,0.8903,0.8792
19,act_rep,act_rep,25,1,False,0.7718,0.6829,0.0488,0.0869,0.8078,0.7163,0.7913,0.5844,0.7489,0.7153
19,act_rep,act_rep,25,0.01,False,0.8182,0.7550,0.0244,0.0702,0.8394,0.7916,0.8236,0.6741,0.7995,0.7915
19,act_rep,act_rep,25,0.001,False,0.8573,0.8251,0.0194,0.0388,0.8710,0.8351,0.8659,0.7805,0.8451,0.8499
19,act_rep,act_rep,25,0.0001,True,0.8905,0.8742,0.0184,0.0161,0.9022,0.8693,0.9001,0.8597,0.8713,0.8916
19,act_rep,act_rep,25,1e-05,False,0.9049,0.8864,0.0166,0.0147,0.9192,0.8867,0.9088,0.8707,0.8884,0.9000
19,act_rep,act_rep,25,1e-06,False,0.8978,0.8775,0.0164,0.0193,0.9135,0.8809,0.8990,0.8554,0.8911,0.8860
19,act_mag,act_mag,0,1,False,0.7725,0.6565,0.0322,0.0421,0.8011,0.7787,0.7377,0.6159,0.6999,0.6535
19,act_mag,act_mag,0,0.01,False,0.7980,0.6846,0.0244,0.0451,0.8213,0.8001,0.7726,0.6369,0.7265,0.6904
19,act_mag,act_mag,0,0.001,False,0.8323,0.7288,0.0198,0.0461,0.8525,0.8317,0.8128,0.6783,0.7685,0.7396
19,act_mag,act_mag,0,0.0001,True,0.8571,0.7753,0.0187,0.0387,0.8762,0.8562,0.8388,0.7360,0.8134,0.7766
19,act_mag,act_mag,0,1e-05,False,0.8532,0.7894,0.0204,0.0433,0.8749,0.8501,0.8345,0.7483,0.8347,0.7852
19,act_mag,act_mag,0,1e-06,False,0.8273,0.7706,0.0216,0.0542,0.8500,0.8249,0.8069,0.7201,0.8278,0.7640
19,act_mag,act_mag,10,1,False,0.7864,0.6494,0.0198,0.0452,0.8072,0.7839,0.7679,0.6065,0.6966,0.6450
19,act_mag,act_mag,10,0.01,False,0.8139,0.6887,0.0190,0.0416,0.8335,0.8125,0.7956,0.6460,0.7291,0.6910
19,act_mag,act_mag,10,0.001,False,0.8434,0.7379,0.0187,0.0426,0.8633,0.8405,0.8262,0.6907,0.7735,0.7496
19,act_mag,act_mag,10,0.0001,True,0.8650,0.7873,0.0173,0.0366,0.8835,0.8623,0.8492,0.7482,0.8207,0.7931
19,act_mag,act_mag,10,1e-05,False,0.8615,0.8023,0.0199,0.0414,0.8831,0.8574,0.8440,0.7601,0.8427,0.8040
19,act_mag,act_mag,10,1e-06,False,0.8364,0.7831,0.0224,0.0527,0.8595,0.8351,0.8147,0.7313,0.8367,0.7814
19,act_mag,act_mag,25,1,False,0.7737,0.6353,0.0188,0.0494,0.7953,0.7642,0.7614,0.5811,0.6780,0.6468
19,act_mag,act_mag,25,0.01,False,0.8073,0.6773,0.0154,0.0491,0.8249,0.7962,0.8007,0.6226,0.7178,0.6913
19,act_mag,act_mag,25,0.001,False,0.8389,0.7279,0.0135,0.0498,0.8545,0.8301,0.8322,0.6711,0.7642,0.7483
19,act_mag,act_mag,25,0.0001,True,0.8611,0.7840,0.0135,0.0373,0.8765,0.8550,0.8517,0.7413,0.8102,0.8006
19,act_mag,act_mag,25,1e-05,False,0.8600,0.8055,0.0179,0.0370,0.8801,0.8541,0.8458,0.7647,0.8371,0.8146
19,act_mag,act_mag,25,1e-06,False,0.8374,0.7893,0.0222,0.0470,0.8607,0.8350,0.8165,0.7400,0.8337,0.7941
19,emb_temp,emb_temp[19],0,1,False,0.7016,0.6426,0.0394,0.0259,0.7447,0.6675,0.6925,0.6134,0.6628,0.6516
19,emb_temp,emb_temp[19],0,0.01,False,0.7092,0.6529,0.0388,0.0287,0.7520,0.6765,0.6990,0.6210,0.6764,0.6613
19,emb_temp,emb_temp[19],0,0.001,False,0.7345,0.6931,0.0368,0.0358,0.7761,0.7061,0.7213,0.6540,0.7244,0.7010
19,emb_temp,emb_temp[19],0,0.0001,True,0.7560,0.7360,0.0346,0.0349,0.7956,0.7316,0.7407,0.6961,0.7612,0.7507
19,emb_temp,emb_temp[19],0,1e-05,False,0.7567,0.7471,0.0314,0.0324,0.7929,0.7396,0.7375,0.7107,0.7729,0.7576
19,emb_temp,emb_temp[19],0,1e-06,False,0.7405,0.7363,0.0311,0.0346,0.7761,0.7266,0.7188,0.6983,0.7659,0.7446
19,emb_temp,emb_temp[19],10,1,False,0.7274,0.6063,0.0311,0.0533,0.7561,0.7316,0.6944,0.5550,0.6614,0.6025
19,emb_temp,emb_temp[19],10,0.01,False,0.7486,0.6284,0.0300,0.0589,0.7778,0.7501,0.7180,0.5695,0.6874,0.6282
19,emb_temp,emb_temp[19],10,0.001,False,0.7923,0.6959,0.0279,0.0592,0.8217,0.7890,0.7663,0.6335,0.7513,0.7028
19,emb_temp,emb_temp[19],10,0.0001,True,0.8301,0.7831,0.0253,0.0301,0.8573,0.8257,0.8072,0.7504,0.8097,0.7890
19,emb_temp,emb_temp[19],10,1e-05,False,0.8354,0.8066,0.0247,0.0305,0.8615,0.8322,0.8126,0.7719,0.8292,0.8188
19,emb_temp,emb_temp[19],10,1e-06,False,0.8196,0.8013,0.0241,0.0331,0.8455,0.8156,0.7978,0.7633,0.8240,0.8164
19,emb_temp,emb_temp[19],25,1,False,0.6514,0.5814,0.0147,0.0099,0.6647,0.6539,0.6357,0.5785,0.5732,0.5923
19,emb_temp,emb_temp[19],25,0.01,False,0.7513,0.6337,0.0325,0.0221,0.7872,0.7429,0.7237,0.6139,0.6298,0.6575
19,emb_temp,emb_temp[19],25,0.001,False,0.7960,0.6798,0.0347,0.0242,0.8355,0.7826,0.7700,0.6522,0.6975,0.6897
19,emb_temp,emb_temp[19],25,0.0001,True,0.8315,0.7430,0.0313,0.0168,0.8675,0.8169,0.8102,0.7257,0.7594,0.7440
19,emb_temp,emb_temp[19],25,1e-05,False,0.8408,0.7759,0.0265,0.0159,0.8712,0.8224,0.8287,0.7602,0.7921,0.7756
19,emb_temp,emb_temp[19],25,1e-06,False,0.8199,0.7773,0.0267,0.0138,0.8501,0.7993,0.8104,0.7661,0.7927,0.7731
19,xl_final,xl_final[19],0,1,False,0.8419,0.7370,0.0036,0.0432,0.8380,0.8425,0.8452,0.7775,0.7419,0.6915
19,xl_final,xl_final[19],0,0.01,False,0.8804,0.7764,0.0024,0.0407,0.8795,0.8787,0.8831,0.8169,0.7769,0.7354
19,xl_final,xl_final[19],0,0.001,False,0.9035,0.7906,0.0050,0.0519,0.9079,0.9043,0.8981,0.8482,0.7764,0.7473
19,xl_final,xl_final[19],0,0.0001,True,0.9027,0.7812,0.0076,0.0655,0.9062,0.9079,0.8940,0.8564,0.7506,0.7365
19,xl_final,xl_final[19],0,1e-05,False,0.8738,0.7532,0.0061,0.0758,0.8741,0.8798,0.8676,0.8403,0.7025,0.7168
19,xl_final,xl_final[19],0,1e-06,False,0.8299,0.7164,0.0151,0.0747,0.8179,0.8468,0.8251,0.8014,0.6617,0.6859
19,xl_final,xl_final[19],10,1,False,0.8602,0.7505,0.0166,0.0177,0.8678,0.8717,0.8412,0.7704,0.7442,0.7368
19,xl_final,xl_final[19],10,0.01,False,0.8995,0.7992,0.0099,0.0294,0.9036,0.9067,0.8882,0.8330,0.7857,0.7790
19,xl_final,xl_final[19],10,0.001,False,0.9156,0.8143,0.0119,0.0430,0.9228,0.9221,0.9019,0.8625,0.7796,0.8009
19,xl_final,xl_final[19],10,0.0001,True,0.9099,0.8008,0.0126,0.0584,0.9191,0.9151,0.8955,0.8659,0.7528,0.7838
19,xl_final,xl_final[19],10,1e-05,False,0.8775,0.7734,0.0102,0.0724,0.8850,0.8817,0.8658,0.8516,0.7088,0.7598
19,xl_final,xl_final[19],10,1e-06,False,0.8320,0.7407,0.0137,0.0735,0.8259,0.8476,0.8224,0.8204,0.6754,0.7263
19,xl_final,xl_final[19],25,1,False,0.8481,0.6913,0.0092,0.0509,0.8580,0.8464,0.8399,0.7400,0.6384,0.6954
19,xl_final,xl_final[19],25,0.01,False,0.8817,0.7386,0.0052,0.0636,0.8758,0.8852,0.8842,0.8058,0.6794,0.7305
19,xl_final,xl_final[19],25,0.001,False,0.8917,0.7605,0.0101,0.0587,0.8915,0.9020,0.8817,0.8253,0.7109,0.7454
19,xl_final,xl_final[19],25,0.0001,True,0.8851,0.7677,0.0203,0.0640,0.8925,0.9007,0.8621,0.8390,0.7154,0.7486
19,xl_final,xl_final[19],25,1e-05,False,0.8518,0.7591,0.0216,0.0795,0.8555,0.8714,0.8286,0.8455,0.6889,0.7428
19,xl_final,xl_final[19],25,1e-06,False,0.8082,0.7400,0.0297,0.0747,0.7947,0.8423,0.7877,0.8224,0.6769,0.7208
20,act_rep,act_rep,0,1,False,0.7330,0.6999,0.0474,0.0470,0.7861,0.6950,0.7178,0.7026,0.6516,0.7454
20,act_rep,act_rep,0,0.01,False,0.7998,0.7596,0.0326,0.0446,0.8229,0.7625,0.8141,0.7252,0.7437,0.8099
20,act_rep,act_rep,0,0.001,False,0.8351,0.8134,0.0273,0.0308,0.8440,0.8044,0.8568,0.7844,0.8099,0.8458
20,act_rep,act_rep,0,0.0001,True,0.8707,0.8630,0.0225,0.0152,0.8758,0.8462,0.8903,0.8518,0.8570,0.8803
20,act_rep,act_rep,0,1e-05,False,0.8888,0.8734,0.0181,0.0150,0.8987,0.8678,0.8997,0.8562,0.8804,0.8836
20,act_rep,act_rep,0,1e-06,False,0.8826,0.8637,0.0181,0.0231,0.8966,0.8622,0.8890,0.8390,0.8846,0.8675
20,act_rep,act_rep,10,1,False,0.7504,0.6766,0.0233,0.0363,0.7770,0.7339,0.7402,0.6717,0.6430,0.7151
20,act_rep,act_rep,10,0.01,False,0.8128,0.7561,0.0280,0.0342,0.8329,0.7809,0.8246,0.7173,0.7693,0.7818
20,act_rep,act_rep,10,0.001,False,0.8495,0.8223,0.0282,0.0218,0.8609,0.8174,0.8703,0.7974,0.8315,0.8380
20,act_rep,act_rep,10,0.0001,True,0.8813,0.8706,0.0253,0.0126,0.8894,0.8529,0.9014,0.8603,0.8670,0.8846
20,act_rep,act_rep,10,1e-05,False,0.8981,0.8818,0.0190,0.0156,0.9113,0.8763,0.9066,0.8641,0.8879,0.8935
20,act_rep,act_rep,10,1e-06,False,0.8918,0.8729,0.0183,0.0222,0.9086,0.8724,0.8945,0.8482,0.8910,0.8796
20,act_rep,act_rep,25,1,False,0.7741,0.6878,0.0486,0.0498,0.7936,0.7189,0.8099,0.6565,0.6617,0.7452
20,act_rep,act_rep,25,0.01,False,0.8200,0.7801,0.0369,0.0261,0.8407,0.7773,0.8419,0.7518,0.7849,0.8034
20,act_rep,act_rep,25,0.001,False,0.8562,0.8386,0.0280,0.0138,0.8668,0.8245,0.8774,0.8230,0.8440,0.8489
20,act_rep,act_rep,25,0.0001,True,0.8878,0.8790,0.0210,0.0082,0.8942,0.8643,0.9049,0.8732,0.8754,0.8883
20,act_rep,act_rep,25,1e-05,False,0.9031,0.8876,0.0171,0.0130,0.9160,0.8837,0.9096,0.8735,0.8902,0.8990
20,act_rep,act_rep,25,1e-06,False,0.8962,0.8779,0.0172,0.0190,0.9125,0.8782,0.8980,0.8561,0.8912,0.8863
20,act_mag,act_mag,0,1,False,0.7739,0.6602,0.0213,0.0220,0.7976,0.7677,0.7563,0.6482,0.6855,0.6469
20,act_mag,act_mag,0,0.01,False,0.7980,0.6854,0.0192,0.0310,0.8196,0.7911,0.7832,0.6506,0.7100,0.6957
20,act_mag,act_mag,0,0.001,False,0.8307,0.7226,0.0168,0.0479,0.8500,0.8234,0.8188,0.6682,0.7587,0.7408
20,act_mag,act_mag,0,0.0001,True,0.8561,0.7694,0.0173,0.0417,0.8747,0.8531,0.8405,0.7271,0.8104,0.7707
20,act_mag,act_mag,0,1e-05,False,0.8538,0.7883,0.0201,0.0446,0.8753,0.8509,0.8353,0.7467,0.8354,0.7827
20,act_mag,act_mag,0,1e-06,False,0.8285,0.7719,0.0221,0.0544,0.8518,0.8258,0.8079,0.7224,0.8301,0.7631
20,act_mag,act_mag,10,1,False,0.7919,0.6516,0.0171,0.0288,0.8115,0.7838,0.7802,0.6321,0.6846,0.6380
20,act_mag,act_mag,10,0.01,False,0.8170,0.6859,0.0159,0.0329,0.8352,0.8056,0.8103,0.6511,0.7165,0.6902
20,act_mag,act_mag,10,0.001,False,0.8441,0.7322,0.0148,0.0412,0.8612,0.8350,0.8362,0.6860,0.7652,0.7454
20,act_mag,act_mag,10,0.0001,True,0.8651,0.7832,0.0156,0.0364,0.8821,0.8618,0.8515,0.7461,0.8189,0.7847
20,act_mag,act_mag,10,1e-05,False,0.8625,0.8016,0.0195,0.0414,0.8833,0.8595,0.8446,0.7607,0.8434,0.8006
20,act_mag,act_mag,10,1e-06,False,0.8377,0.7846,0.0228,0.0523,0.8611,0.8363,0.8156,0.7344,0.8388,0.7807
20,act_mag,act_mag,25,1,False,0.7817,0.6653,0.0116,0.0337,0.7943,0.7715,0.7792,0.6449,0.7042,0.6469
20,act_mag,act_mag,25,0.01,False,0.8115,0.6915,0.0123,0.0404,0.8241,0.7995,0.8109,0.6530,0.7335,0.6880
20,act_mag,act_mag,25,0.001,False,0.8397,0.7290,0.0109,0.0444,0.8514,0.8298,0.8378,0.6805,0.7675,0.7389
20,act_mag,act_mag,25,0.0001,True,0.8607,0.7821,0.0119,0.0339,0.8744,0.8548,0.8528,0.7440,0.8091,0.7931
20,act_mag,act_mag,25,1e-05,False,0.8605,0.8058,0.0175,0.0369,0.8801,0.8550,0.8465,0.7661,0.8390,0.8122
20,act_mag,act_mag,25,1e-06,False,0.8385,0.7910,0.0227,0.0468,0.8624,0.8357,0.8173,0.7428,0.8362,0.7941
20,emb_temp,emb_temp[20],0,1,False,0.7034,0.6402,0.0232,0.0278,0.7297,0.6943,0.6862,0.6093,0.6482,0.6631
20,emb_temp,emb_temp[20],0,0.01,False,0.7103,0.6498,0.0245,0.0299,0.7383,0.6995,0.6930,0.6159,0.6604,0.6729
20,emb_temp,emb_temp[20],0,0.001,False,0.7339,0.6917,0.0308,0.0369,0.7695,0.7169,0.7154,0.6491,0.7128,0.7132
20,emb_temp,emb_temp[20],0,0.0001,True,0.7565,0.7397,0.0343,0.0354,0.7960,0.7345,0.7391,0.6990,0.7637,0.7564
20,emb_temp,emb_temp[20],0,1e-05,False,0.7578,0.7499,0.0316,0.0332,0.7942,0.7407,0.7383,0.7125,0.7761,0.7612
20,emb_temp,emb_temp[20],0,1e-06,False,0.7420,0.7389,0.0314,0.0357,0.7779,0.7280,0.7201,0.6990,0.7681,0.7496
20,emb_temp,emb_temp[20],10,1,False,0.7267,0.5736,0.0300,0.0369,0.7509,0.7361,0.6931,0.5449,0.6152,0.5608
20,emb_temp,emb_temp[20],10,0.01,False,0.7480,0.5946,0.0282,0.0397,0.7743,0.7513,0.7183,0.5590,0.6374,0.5876
20,emb_temp,emb_temp[20],10,0.001,False,0.7922,0.6642,0.0259,0.0488,0.8203,0.7870,0.7693,0.6098,0.7043,0.6786
20,emb_temp,emb_temp[20],10,0.0001,True,0.8297,0.7727,0.0254,0.0313,0.8579,0.8225,0.8087,0.7367,0.7926,0.7890
20,emb_temp,emb_temp[20],10,1e-05,False,0.8348,0.8042,0.0244,0.0298,0.8615,0.8294,0.8135,0.7701,0.8248,0.8178
20,emb_temp,emb_temp[20],10,1e-06,False,0.8179,0.7994,0.0237,0.0328,0.8439,0.8123,0.7975,0.7617,0.8214,0.8151
20,emb_temp,emb_temp[20],25,1,False,0.6486,0.5892,0.0194,0.0200,0.6499,0.6673,0.6286,0.5725,0.5837,0.6113
20,emb_temp,emb_temp[20],25,0.01,False,0.7456,0.6347,0.0235,0.0145,0.7696,0.7445,0.7228,0.6201,0.6347,0.6491
20,emb_temp,emb_temp[20],25,0.001,False,0.7951,0.6806,0.0249,0.0229,0.8230,0.7873,0.7750,0.6551,0.6871,0.6996
20,emb_temp,emb_temp[20],25,0.0001,True,0.8347,0.7462,0.0256,0.0211,0.8639,0.8245,0.8158,0.7218,0.7581,0.7585
20,emb_temp,emb_temp[20],25,1e-05,False,0.8434,0.7777,0.0240,0.0186,0.8711,0.8295,0.8296,0.7584,0.7956,0.7790
20,emb_temp,emb_temp[20],25,1e-06,False,0.8220,0.7784,0.0243,0.0159,0.8500,0.8078,0.8082,0.7645,0.7957,0.7751
20,xl_final,xl_final[20],0,1,False,0.8735,0.7427,0.0217,0.0344,0.8599,0.8984,0.8620,0.7698,0.7544,0.7041
20,xl_final,xl_final[20],0,0.01,False,0.9011,0.7831,0.0168,0.0288,0.8877,0.9200,0.8957,0.8058,0.7928,0.7508
20,xl_final,xl_final[20],0,0.001,False,0.9155,0.8123,0.0139,0.0275,0.9081,0.9316,0.9070,0.8341,0.8213,0.7813
20,xl_final,xl_final[20],0,0.0001,True,0.9116,0.8174,0.0115,0.0291,0.9073,0.9247,0.9029,0.8475,0.8154,0.7893
20,xl_final,xl_final[20],0,1e-05,False,0.8871,0.7922,0.0078,0.0409,0.8868,0.8950,0.8795,0.8392,0.7723,0.7650
20,xl_final,xl_final[20],0,1e-06,False,0.8517,0.7605,0.0056,0.0460,0.8494,0.8581,0.8476,0.8136,0.7329,0.7351
20,xl_final,xl_final[20],10,1,False,0.8744,0.7630,0.0167,0.0058,0.8781,0.8889,0.8562,0.7567,0.7643,0.7681
20,xl_final,xl_final[20],10,0.01,False,0.9097,0.8247,0.0128,0.0086,0.9134,0.9203,0.8956,0.8330,0.8254,0.8158
20,xl_final,xl_final[20],10,0.001,False,0.9210,0.8399,0.0112,0.0153,0.9251,0.9297,0.9083,0.8574,0.8291,0.8332
20,xl_final,xl_final[20],10,0.0001,True,0.9168,0.8307,0.0117,0.0280,0.9195,0.9269,0.9040,0.8620,0.8080,0.8223
20,xl_final,xl_final[20],10,1e-05,False,0.8933,0.8036,0.0109,0.0462,0.8970,0.9019,0.8811,0.8553,0.7666,0.7889
20,xl_final,xl_final[20],10,1e-06,False,0.8578,0.7740,0.0090,0.0504,0.8585,0.8664,0.8485,0.8288,0.7296,0.7636
20,xl_final,xl_final[20],25,1,False,0.8590,0.7047,0.0132,0.0482,0.8532,0.8741,0.8496,0.7296,0.6492,0.7352
20,xl_final,xl_final[20],25,0.01,False,0.8945,0.7651,0.0111,0.0492,0.8964,0.9045,0.8826,0.8004,0.7090,0.7860
20,xl_final,xl_final[20],25,0.001,False,0.9066,0.7932,0.0113,0.0426,0.9126,0.9137,0.8936,0.8301,0.7467,0.8027
20,xl_final,xl_final[20],25,0.0001,True,0.9029,0.8063,0.0144,0.0382,0.9123,0.9102,0.8863,0.8454,0.7691,0.8043
20,xl_final,xl_final[20],25,1e-05,False,0.8798,0.7949,0.0166,0.0505,0.8897,0.8891,0.8606,0.8496,0.7502,0.7847
20,xl_final,xl_final[20],25,1e-06,False,0.8446,0.7736,0.0152,0.0502,0.8432,0.8604,0.8301,0.8258,0.7256,0.7694
21,act_rep,act_rep,0,1,False,0.7518,0.6936,0.0349,0.0463,0.7903,0.7222,0.7429,0.6908,0.6487,0.7412
21,act_rep,act_rep,0,0.01,False,0.8082,0.7520,0.0203,0.0381,0.8148,0.7854,0.8244,0.7314,0.7287,0.7960
21,act_rep,act_rep,0,0.001,False,0.8411,0.8081,0.0210,0.0278,0.8462,0.8180,0.8591,0.7854,0.7999,0.8391
21,act_rep,act_rep,0,0.0001,True,0.8738,0.8625,0.0190,0.0135,0.8797,0.8526,0.8890,0.8531,0.8565,0.8779
21,act_rep,act_rep,0,1e-05,False,0.8903,0.8742,0.0166,0.0147,0.8997,0.8712,0.9001,0.8572,0.8832,0.8822
21,act_rep,act_rep,0,1e-06,False,0.8836,0.8644,0.0173,0.0235,0.8973,0.8642,0.8894,0.8399,0.8867,0.8664
21,act_rep,act_rep,10,1,False,0.7604,0.6858,0.0303,0.0340,0.7822,0.7259,0.7731,0.6740,0.6592,0.7241
21,act_rep,act_rep,10,0.01,False,0.8153,0.7593,0.0216,0.0173,0.8256,0.7905,0.8298,0.7393,0.7680,0.7706
21,act_rep,act_rep,10,0.001,False,0.8558,0.8202,0.0231,0.0154,0.8646,0.8296,0.8731,0.8031,0.8250,0.8326
21,act_rep,act_rep,10,0.0001,True,0.8850,0.8705,0.0212,0.0109,0.8935,0.8609,0.9008,0.8621,0.8666,0.8828
21,act_rep,act_rep,10,1e-05,False,0.8995,0.8824,0.0173,0.0151,0.9119,0.8798,0.9069,0.8650,0.8900,0.8923
21,act_rep,act_rep,10,1e-06,False,0.8926,0.8732,0.0177,0.0222,0.9091,0.8739,0.8946,0.8489,0.8925,0.8783
21,act_rep,act_rep,25,1,False,0.7915,0.6862,0.0269,0.0170,0.8006,0.7613,0.8127,0.6716,0.6822,0.7048
21,act_rep,act_rep,25,0.01,False,0.8299,0.7773,0.0209,0.0144,0.8382,0.8061,0.8454,0.7674,0.7938,0.7707
21,act_rep,act_rep,25,0.001,False,0.8630,0.8330,0.0183,0.0076,0.8676,0.8428,0.8786,0.8255,0.8407,0.8326
21,act_rep,act_rep,25,0.0001,True,0.8913,0.8779,0.0167,0.0057,0.8960,0.8726,0.9051,0.8748,0.8745,0.8846
21,act_rep,act_rep,25,1e-05,False,0.9042,0.8885,0.0152,0.0122,0.9158,0.8870,0.9099,0.8749,0.8920,0.8986
21,act_rep,act_rep,25,1e-06,False,0.8967,0.8785,0.0166,0.0189,0.9127,0.8795,0.8980,0.8571,0.8929,0.8855
21,act_mag,act_mag,0,1,False,0.7868,0.6646,0.0291,0.0278,0.8204,0.7701,0.7699,0.6332,0.6864,0.6740
21,act_mag,act_mag,0,0.01,False,0.8081,0.6863,0.0229,0.0403,0.8345,0.7931,0.7967,0.6398,0.7082,0.7108
21,act_mag,act_mag,0,0.001,False,0.8369,0.7221,0.0173,0.0507,0.8570,0.8265,0.8274,0.6641,0.7575,0.7448
21,act_mag,act_mag,0,0.0001,True,0.8596,0.7739,0.0160,0.0393,0.8773,0.8554,0.8461,0.7334,0.8117,0.7767
21,act_mag,act_mag,0,1e-05,False,0.8562,0.7920,0.0189,0.0436,0.8766,0.8527,0.8393,0.7509,0.8378,0.7871
21,act_mag,act_mag,0,1e-06,False,0.8303,0.7737,0.0214,0.0536,0.8529,0.8277,0.8103,0.7252,0.8313,0.7646
21,act_mag,act_mag,10,1,False,0.8006,0.6478,0.0192,0.0111,0.8227,0.7881,0.7910,0.6393,0.6604,0.6437
21,act_mag,act_mag,10,0.01,False,0.8221,0.6825,0.0179,0.0315,0.8422,0.8080,0.8162,0.6474,0.7085,0.6914
21,act_mag,act_mag,10,0.001,False,0.8479,0.7289,0.0145,0.0483,0.8646,0.8379,0.8411,0.6753,0.7687,0.7428
21,act_mag,act_mag,10,0.0001,True,0.8680,0.7871,0.0141,0.0358,0.8837,0.8640,0.8563,0.7494,0.8206,0.7912
21,act_mag,act_mag,10,1e-05,False,0.8649,0.8053,0.0181,0.0402,0.8843,0.8619,0.8485,0.7652,0.8456,0.8052
21,act_mag,act_mag,10,1e-06,False,0.8396,0.7864,0.0219,0.0514,0.8620,0.8386,0.8182,0.7377,0.8400,0.7816
21,act_mag,act_mag,25,1,False,0.7919,0.6675,0.0161,0.0296,0.8102,0.7799,0.7855,0.6439,0.7008,0.6579
21,act_mag,act_mag,25,0.01,False,0.8167,0.6925,0.0149,0.0443,0.8324,0.8028,0.8147,0.6510,0.7391,0.6873
21,act_mag,act_mag,25,0.001,False,0.8428,0.7297,0.0112,0.0465,0.8546,0.8324,0.8412,0.6814,0.7742,0.7335
21,act_mag,act_mag,25,0.0001,True,0.8629,0.7863,0.0106,0.0298,0.8751,0.8573,0.8562,0.7540,0.8128,0.7920
21,act_mag,act_mag,25,1e-05,False,0.8626,0.8092,0.0161,0.0355,0.8805,0.8582,0.8492,0.7718,0.8423,0.8134
21,act_mag,act_mag,25,1e-06,False,0.8400,0.7925,0.0216,0.0460,0.8626,0.8376,0.8197,0.7461,0.8380,0.7934
21,emb_temp,emb_temp[21],0,1,False,0.7092,0.6530,0.0296,0.0360,0.7433,0.6895,0.6949,0.6128,0.6823,0.6640
21,emb_temp,emb_temp[21],0,0.01,False,0.7157,0.6634,0.0312,0.0376,0.7516,0.6958,0.6995,0.6213,0.6936,0.6753
21,emb_temp,emb_temp[21],0,0.001,False,0.7384,0.7033,0.0341,0.0389,0.7777,0.7204,0.7171,0.6591,0.7327,0.7180
21,emb_temp,emb_temp[21],0,0.0001,True,0.7613,0.7452,0.0332,0.0334,0.7996,0.7426,0.7416,0.7071,0.7693,0.7594
21,emb_temp,emb_temp[21],0,1e-05,False,0.7608,0.7536,0.0311,0.0345,0.7967,0.7448,0.7410,0.7145,0.7798,0.7664
21,emb_temp,emb_temp[21],0,1e-06,False,0.7448,0.7418,0.0307,0.0370,0.7799,0.7312,0.7232,0.7001,0.7705,0.7547
21,emb_temp,emb_temp[21],10,1,False,0.7299,0.5755,0.0342,0.0265,0.7628,0.7323,0.6945,0.5522,0.6044,0.5700
21,emb_temp,emb_temp[21],10,0.01,False,0.7507,0.5972,0.0319,0.0286,0.7829,0.7499,0.7192,0.5705,0.6273,0.5939
21,emb_temp,emb_temp[21],10,0.001,False,0.7949,0.6709,0.0288,0.0343,0.8259,0.7902,0.7688,0.6339,0.7017,0.6771
21,emb_temp,emb_temp[21],10,0.0001,True,0.8329,0.7774,0.0261,0.0273,0.8612,0.8277,0.8099,0.7463,0.7975,0.7885
21,emb_temp,emb_temp[21],10,1e-05,False,0.8367,0.8037,0.0255,0.0304,0.8640,0.8329,0.8134,0.7695,0.8276,0.8139
21,emb_temp,emb_temp[21],10,1e-06,False,0.8188,0.7975,0.0250,0.0326,0.8456,0.8147,0.7962,0.7607,0.8227,0.8093
21,emb_temp,emb_temp[21],25,1,False,0.6673,0.5600,0.0240,0.0068,0.6849,0.6770,0.6400,0.5522,0.5629,0.5649
21,emb_temp,emb_temp[21],25,0.01,False,0.7529,0.5988,0.0254,0.0250,0.7812,0.7455,0.7321,0.5706,0.6184,0.6075
21,emb_temp,emb_temp[21],25,0.001,False,0.8014,0.6620,0.0290,0.0337,0.8348,0.7843,0.7851,0.6244,0.6894,0.6722
21,emb_temp,emb_temp[21],25,0.0001,True,0.8380,0.7431,0.0299,0.0277,0.8723,0.8173,0.8244,0.7127,0.7670,0.7495
21,emb_temp,emb_temp[21],25,1e-05,False,0.8455,0.7784,0.0277,0.0220,0.8766,0.8237,0.8361,0.7563,0.8003,0.7785
21,emb_temp,emb_temp[21],25,1e-06,False,0.8240,0.7794,0.0266,0.0165,0.8540,0.8035,0.8144,0.7661,0.7979,0.7742
21,xl_final,xl_final[21],0,1,False,0.8600,0.7948,0.0193,0.0332,0.8676,0.8743,0.8381,0.7709,0.8327,0.7807
21,xl_final,xl_final[21],0,0.01,False,0.8948,0.8274,0.0053,0.0196,0.8957,0.8995,0.8891,0.8070,0.8461,0.8291
21,xl_final,xl_final[21],0,0.001,False,0.9151,0.8513,0.0026,0.0109,0.9152,0.9176,0.9124,0.8393,0.8605,0.8542
21,xl_final,xl_final[21],0,0.0001,True,0.9185,0.8595,0.0028,0.0019,0.9212,0.9189,0.9156,0.8574,0.8597,0.8613
21,xl_final,xl_final[21],0,1e-05,False,0.8973,0.8395,0.0044,0.0126,0.8995,0.9001,0.8921,0.8466,0.8250,0.8470
21,xl_final,xl_final[21],0,1e-06,False,0.8619,0.8093,0.0113,0.0219,0.8650,0.8713,0.8494,0.8208,0.7841,0.8230
21,xl_final,xl_final[21],10,1,False,0.8664,0.7628,0.0065,0.0489,0.8603,0.8731,0.8656,0.7093,0.8053,0.7738
21,xl_final,xl_final[21],10,0.01,False,0.9005,0.8213,0.0012,0.0284,0.9004,0.9017,0.8993,0.7884,0.8391,0.8362
21,xl_final,xl_final[21],10,0.001,False,0.9165,0.8595,0.0020,0.0100,0.9187,0.9160,0.9148,0.8479,0.8654,0.8651
21,xl_final,xl_final[21],10,0.0001,True,0.9186,0.8728,0.0051,0.0020,0.9225,0.9206,0.9128,0.8736,0.8705,0.8743
21,xl_final,xl_final[21],10,1e-05,False,0.8999,0.8553,0.0114,0.0175,0.9031,0.9095,0.8873,0.8674,0.8353,0.8632
21,xl_final,xl_final[21],10,1e-06,False,0.8617,0.8234,0.0191,0.0296,0.8669,0.8776,0.8405,0.8396,0.7892,0.8414
21,xl_final,xl_final[21],25,1,False,0.8353,0.7184,0.0099,0.0442,0.8444,0.8248,0.8366,0.6932,0.7694,0.6925
21,xl_final,xl_final[21],25,0.01,False,0.8657,0.7587,0.0105,0.0373,0.8656,0.8553,0.8763,0.7296,0.8007,0.7458
21,xl_final,xl_final[21],25,0.001,False,0.8883,0.8023,0.0044,0.0355,0.8872,0.8846,0.8932,0.7754,0.8426,0.7890
21,xl_final,xl_final[21],25,0.0001,True,0.8997,0.8333,0.0020,0.0289,0.9012,0.9004,0.8974,0.8136,0.8665,0.8199
21,xl_final,xl_final[21],25,1e-05,False,0.8860,0.8305,0.0092,0.0066,0.8910,0.8916,0.8754,0.8302,0.8373,0.8241
21,xl_final,xl_final[21],25,1e-06,False,0.8494,0.8065,0.0161,0.0151,0.8584,0.8590,0.8307,0.8195,0.7900,0.8099
22,act_rep,act_rep,0,1,False,0.7524,0.6864,0.0154,0.0678,0.7667,0.7545,0.7360,0.6929,0.6156,0.7507
22,act_rep,act_rep,0,0.01,False,0.8149,0.7630,0.0046,0.0399,0.8201,0.8111,0.8137,0.7418,0.7383,0.8090
22,act_rep,act_rep,0,0.001,False,0.8465,0.8140,0.0133,0.0260,0.8507,0.8316,0.8572,0.8012,0.7970,0.8439
22,act_rep,act_rep,0,0.0001,True,0.8768,0.8627,0.0162,0.0098,0.8807,0.8590,0.8907,0.8573,0.8567,0.8739
22,act_rep,act_rep,0,1e-05,False,0.8912,0.8743,0.0161,0.0150,0.9003,0.8727,0.9007,0.8571,0.8848,0.8808
22,act_rep,act_rep,0,1e-06,False,0.8833,0.8648,0.0178,0.0238,0.8976,0.8634,0.8889,0.8404,0.8879,0.8662
22,act_rep,act_rep,10,1,False,0.7567,0.7169,0.0202,0.0429,0.7745,0.7348,0.7607,0.7328,0.6684,0.7496
22,act_rep,act_rep,10,0.01,False,0.8225,0.7800,0.0107,0.0137,0.8317,0.8107,0.8252,0.7673,0.7782,0.7946
22,act_rep,act_rep,10,0.001,False,0.8584,0.8258,0.0165,0.0111,0.8669,0.8394,0.8688,0.8186,0.8202,0.8385
22,act_rep,act_rep,10,0.0001,True,0.8872,0.8707,0.0180,0.0081,0.8940,0.8668,0.9007,0.8665,0.8656,0.8800
22,act_rep,act_rep,10,1e-05,False,0.9002,0.8829,0.0166,0.0152,0.9125,0.8814,0.9068,0.8653,0.8914,0.8919
22,act_rep,act_rep,10,1e-06,False,0.8921,0.8738,0.0182,0.0224,0.9095,0.8731,0.8938,0.8495,0.8935,0.8785
22,act_rep,act_rep,25,1,False,0.7964,0.7052,0.0105,0.0306,0.7956,0.7864,0.8073,0.6844,0.7403,0.6908
22,act_rep,act_rep,25,0.01,False,0.8378,0.7812,0.0107,0.0055,0.8486,0.8272,0.8378,0.7754,0.7865,0.7816
22,act_rep,act_rep,25,0.001,False,0.8673,0.8311,0.0155,0.0011,0.8756,0.8494,0.8768,0.8320,0.8299,0.8315
22,act_rep,act_rep,25,0.0001,True,0.8926,0.8776,0.0159,0.0054,0.8982,0.8746,0.9049,0.8774,0.8722,0.8830
22,act_rep,act_rep,25,1e-05,False,0.9047,0.8891,0.0152,0.0125,0.9168,0.8877,0.9097,0.8750,0.8933,0.8989
22,act_rep,act_rep,25,1e-06,False,0.8964,0.8793,0.0172,0.0190,0.9131,0.8788,0.8972,0.8578,0.8939,0.8863
22,act_mag,act_mag,0,1,False,0.7823,0.6687,0.0103,0.0045,0.7941,0.7746,0.7783,0.6644,0.6734,0.6682
22,act_mag,act_mag,0,0.01,False,0.8035,0.6943,0.0131,0.0185,0.8185,0.7941,0.7978,0.6730,0.7036,0.7063
22,act_mag,act_mag,0,0.001,False,0.8348,0.7320,0.0152,0.0357,0.8522,0.8280,0.8243,0.6917,0.7597,0.7446
22,act_mag,act_mag,0,0.0001,True,0.8605,0.7759,0.0168,0.0367,0.8782,0.8585,0.8447,0.7384,0.8118,0.7774
22,act_mag,act_mag,0,1e-05,False,0.8574,0.7904,0.0193,0.0443,0.8777,0.8551,0.8393,0.7481,0.8364,0.7866
22,act_mag,act_mag,0,1e-06,False,0.8308,0.7726,0.0220,0.0547,0.8540,0.8285,0.8101,0.7221,0.8307,0.7651
22,act_mag,act_mag,10,1,False,0.7905,0.6757,0.0154,0.0115,0.8063,0.7755,0.7895,0.6637,0.6866,0.6769
22,act_mag,act_mag,10,0.01,False,0.8152,0.6996,0.0144,0.0260,0.8306,0.8021,0.8129,0.6716,0.7230,0.7042
22,act_mag,act_mag,10,0.001,False,0.8452,0.7386,0.0134,0.0379,0.8606,0.8368,0.8382,0.6992,0.7748,0.7417
22,act_mag,act_mag,10,0.0001,True,0.8687,0.7885,0.0150,0.0337,0.8848,0.8662,0.8550,0.7541,0.8215,0.7897
22,act_mag,act_mag,10,1e-05,False,0.8660,0.8039,0.0186,0.0415,0.8855,0.8640,0.8484,0.7621,0.8451,0.8043
22,act_mag,act_mag,10,1e-06,False,0.8401,0.7854,0.0226,0.0527,0.8632,0.8392,0.8179,0.7346,0.8398,0.7819
22,act_mag,act_mag,25,1,False,0.7871,0.6711,0.0115,0.0379,0.7990,0.7761,0.7862,0.6583,0.7137,0.6413
22,act_mag,act_mag,25,0.01,False,0.8115,0.6984,0.0099,0.0374,0.8217,0.8019,0.8110,0.6690,0.7405,0.6858
22,act_mag,act_mag,25,0.001,False,0.8410,0.7385,0.0090,0.0393,0.8505,0.8327,0.8399,0.7001,0.7786,0.7368
22,act_mag,act_mag,25,0.0001,True,0.8638,0.7888,0.0107,0.0285,0.8761,0.8582,0.8570,0.7584,0.8147,0.7934
22,act_mag,act_mag,25,1e-05,False,0.8638,0.8084,0.0165,0.0370,0.8820,0.8597,0.8498,0.7693,0.8427,0.8131
22,act_mag,act_mag,25,1e-06,False,0.8404,0.7918,0.0224,0.0474,0.8640,0.8377,0.8196,0.7434,0.8382,0.7939
22,emb_temp,emb_temp[22],0,1,False,0.7035,0.6541,0.0300,0.0343,0.7374,0.6923,0.6807,0.6151,0.6677,0.6796
22,emb_temp,emb_temp[22],0,0.01,False,0.7104,0.6639,0.0306,0.0353,0.7450,0.6998,0.6866,0.6237,0.6781,0.6900
22,emb_temp,emb_temp[22],0,0.001,False,0.7360,0.7041,0.0323,0.0360,0.7719,0.7266,0.7095,0.6628,0.7215,0.7281
22,emb_temp,emb_temp[22],0,0.0001,True,0.7622,0.7480,0.0320,0.0323,0.7989,0.7479,0.7399,0.7106,0.7670,0.7663
22,emb_temp,emb_temp[22],0,1e-05,False,0.7628,0.7563,0.0311,0.0331,0.7985,0.7480,0.7418,0.7184,0.7796,0.7708
22,emb_temp,emb_temp[22],0,1e-06,False,0.7461,0.7443,0.0313,0.0359,0.7821,0.7319,0.7244,0.7034,0.7708,0.7588
22,emb_temp,emb_temp[22],10,1,False,0.7324,0.6091,0.0348,0.0277,0.7697,0.7267,0.7008,0.5773,0.6227,0.6274
22,emb_temp,emb_temp[22],10,0.01,False,0.7509,0.6279,0.0338,0.0279,0.7877,0.7437,0.7214,0.5957,0.6423,0.6457
22,emb_temp,emb_temp[22],10,0.001,False,0.7947,0.6925,0.0309,0.0318,0.8293,0.7851,0.7697,0.6558,0.7114,0.7104
22,emb_temp,emb_temp[22],10,0.0001,True,0.8347,0.7849,0.0268,0.0290,0.8651,0.8248,0.8142,0.7515,0.8043,0.7988
22,emb_temp,emb_temp[22],10,1e-05,False,0.8390,0.8070,0.0254,0.0317,0.8672,0.8317,0.8180,0.7714,0.8321,0.8174
22,emb_temp,emb_temp[22],10,1e-06,False,0.8210,0.7987,0.0249,0.0345,0.8488,0.8136,0.8007,0.7599,0.8257,0.8105
22,emb_temp,emb_temp[22],25,1,False,0.6734,0.5630,0.0500,0.0352,0.7245,0.6711,0.6247,0.5231,0.5760,0.5899
22,emb_temp,emb_temp[22],25,0.01,False,0.7568,0.6088,0.0341,0.0438,0.7937,0.7502,0.7264,0.5583,0.6350,0.6332
22,emb_temp,emb_temp[22],25,0.001,False,0.8061,0.6681,0.0316,0.0429,0.8425,0.7901,0.7858,0.6198,0.7018,0.6829
22,emb_temp,emb_temp[22],25,0.0001,True,0.8451,0.7469,0.0277,0.0331,0.8770,0.8267,0.8317,0.7115,0.7771,0.7522
22,emb_temp,emb_temp[22],25,1e-05,False,0.8519,0.7828,0.0237,0.0261,0.8785,0.8333,0.8438,0.7569,0.8091,0.7825
22,emb_temp,emb_temp[22],25,1e-06,False,0.8287,0.7819,0.0231,0.0210,0.8549,0.8111,0.8202,0.7639,0.8050,0.7767
22,xl_final,xl_final[22],0,1,False,0.8588,0.7861,0.0122,0.0210,0.8671,0.8645,0.8447,0.7624,0.8025,0.7934
22,xl_final,xl_final[22],0,0.01,False,0.8840,0.8090,0.0089,0.0216,0.8898,0.8885,0.8738,0.7854,0.8139,0.8277
22,xl_final,xl_final[22],0,0.001,False,0.8997,0.8366,0.0106,0.0138,0.9058,0.9059,0.8875,0.8283,0.8290,0.8525
22,xl_final,xl_final[22],0,0.0001,True,0.8991,0.8445,0.0092,0.0298,0.9024,0.9062,0.8887,0.8566,0.8106,0.8663
22,xl_final,xl_final[22],0,1e-05,False,0.8772,0.8238,0.0106,0.0549,0.8782,0.8872,0.8661,0.8496,0.7607,0.8610
22,xl_final,xl_final[22],0,1e-06,False,0.8367,0.7911,0.0125,0.0661,0.8364,0.8494,0.8243,0.8163,0.7161,0.8408
22,xl_final,xl_final[22],10,1,False,0.8442,0.7621,0.0282,0.0185,0.8655,0.8548,0.8121,0.7408,0.7737,0.7719
22,xl_final,xl_final[22],10,0.01,False,0.8768,0.8026,0.0170,0.0176,0.8897,0.8831,0.8575,0.7851,0.8026,0.8202
22,xl_final,xl_final[22],10,0.001,False,0.8922,0.8425,0.0103,0.0118,0.8963,0.8998,0.8804,0.8313,0.8411,0.8549
22,xl_final,xl_final[22],10,0.0001,True,0.8955,0.8608,0.0088,0.0187,0.8919,0.9055,0.8892,0.8624,0.8414,0.8787
22,xl_final,xl_final[22],10,1e-05,False,0.8776,0.8442,0.0149,0.0434,0.8684,0.8949,0.8696,0.8636,0.7945,0.8744
22,xl_final,xl_final[22],10,1e-06,False,0.8371,0.8098,0.0196,0.0566,0.8240,0.8596,0.8278,0.8313,0.7456,0.8525
22,xl_final,xl_final[22],25,1,False,0.8120,0.6798,0.0170,0.0436,0.8223,0.8213,0.7924,0.6386,0.6755,0.7254
22,xl_final,xl_final[22],25,0.01,False,0.8398,0.7151,0.0078,0.0518,0.8454,0.8430,0.8309,0.6678,0.7070,0.7705
22,xl_final,xl_final[22],25,0.001,False,0.8603,0.7667,0.0066,0.0370,0.8602,0.8670,0.8538,0.7298,0.7665,0.8038
22,xl_final,xl_final[22],25,0.0001,True,0.8721,0.8132,0.0086,0.0197,0.8702,0.8816,0.8646,0.7929,0.8146,0.8322
22,xl_final,xl_final[22],25,1e-05,False,0.8564,0.8142,0.0131,0.0287,0.8536,0.8706,0.8449,0.8220,0.7824,0.8382
22,xl_final,xl_final[22],25,1e-06,False,0.8174,0.7864,0.0154,0.0471,0.8116,0.8349,0.8057,0.8075,0.7325,0.8192
23,act_rep,act_rep,0,1,False,0.7468,0.6471,0.0282,0.1048,0.7791,0.7272,0.7341,0.7041,0.5261,0.7110
23,act_rep,act_rep,0,0.01,False,0.8076,0.7347,0.0100,0.0583,0.8181,0.7980,0.8068,0.7336,0.6769,0.7936
23,act_rep,act_rep,0,0.001,False,0.8441,0.7910,0.0155,0.0461,0.8493,0.8267,0.8563,0.7768,0.7536,0.8425
23,act_rep,act_rep,0,0.0001,True,0.8749,0.8520,0.0173,0.0216,0.8822,0.8551,0.8873,0.8396,0.8393,0.8769
23,act_rep,act_rep,0,1e-05,False,0.8899,0.8739,0.0166,0.0159,0.9014,0.8708,0.8975,0.8556,0.8816,0.8846
23,act_rep,act_rep,0,1e-06,False,0.8820,0.8667,0.0179,0.0215,0.8976,0.8625,0.8859,0.8443,0.8870,0.8689
23,act_rep,act_rep,10,1,False,0.7618,0.6816,0.0180,0.0538,0.7807,0.7448,0.7598,0.6714,0.6336,0.7397
23,act_rep,act_rep,10,0.01,False,0.8176,0.7587,0.0127,0.0398,0.8311,0.8060,0.8157,0.7433,0.7290,0.8040
23,act_rep,act_rep,10,0.001,False,0.8552,0.8093,0.0194,0.0319,0.8657,0.8328,0.8670,0.7950,0.7870,0.8458
23,act_rep,act_rep,10,0.0001,True,0.8853,0.8622,0.0194,0.0185,0.8955,0.8629,0.8975,0.8513,0.8517,0.8835
23,act_rep,act_rep,10,1e-05,False,0.8990,0.8823,0.0171,0.0162,0.9134,0.8800,0.9035,0.8639,0.8883,0.8946
23,act_rep,act_rep,10,1e-06,False,0.8908,0.8752,0.0186,0.0206,0.9094,0.8723,0.8907,0.8525,0.8925,0.8806
23,act_rep,act_rep,25,1,False,0.7851,0.7165,0.0099,0.0218,0.7780,0.7964,0.7808,0.6968,0.7127,0.7399
23,act_rep,act_rep,25,0.01,False,0.8267,0.7781,0.0070,0.0197,0.8342,0.8204,0.8256,0.7717,0.7623,0.8002
23,act_rep,act_rep,25,0.001,False,0.8618,0.8263,0.0175,0.0161,0.8723,0.8417,0.8715,0.8304,0.8085,0.8400
23,act_rep,act_rep,25,0.0001,True,0.8903,0.8746,0.0172,0.0143,0.8996,0.8704,0.9008,0.8722,0.8617,0.8899
23,act_rep,act_rep,25,1e-05,False,0.9033,0.8891,0.0154,0.0141,0.9170,0.8866,0.9062,0.8744,0.8906,0.9024
23,act_rep,act_rep,25,1e-06,False,0.8949,0.8805,0.0176,0.0178,0.9128,0.8777,0.8940,0.8601,0.8930,0.8883
23,act_mag,act_mag,0,1,False,0.7910,0.6745,0.0093,0.0521,0.7991,0.7931,0.7808,0.6151,0.7120,0.6965
23,act_mag,act_mag,0,0.01,False,0.8077,0.6883,0.0101,0.0603,0.8192,0.8031,0.8007,0.6188,0.7260,0.7201
23,act_mag,act_mag,0,0.001,False,0.8336,0.7201,0.0138,0.0649,0.8495,0.8263,0.8250,0.6457,0.7654,0.7493
23,act_mag,act_mag,0,0.0001,True,0.8589,0.7687,0.0170,0.0498,0.8774,0.8554,0.8439,0.7144,0.8121,0.7797
23,act_mag,act_mag,0,1e-05,False,0.8569,0.7885,0.0198,0.0460,0.8780,0.8540,0.8387,0.7432,0.8352,0.7870
23,act_mag,act_mag,0,1e-06,False,0.8310,0.7727,0.0225,0.0546,0.8546,0.8284,0.8099,0.7223,0.8306,0.7653
23,act_mag,act_mag,10,1,False,0.7940,0.6674,0.0140,0.0537,0.8093,0.7819,0.7907,0.6087,0.7141,0.6794
23,act_mag,act_mag,10,0.01,False,0.8153,0.6910,0.0158,0.0623,0.8312,0.7996,0.8150,0.6215,0.7417,0.7098
23,act_mag,act_mag,10,0.001,False,0.8426,0.7297,0.0143,0.0636,0.8586,0.8308,0.8384,0.6596,0.7839,0.7455
23,act_mag,act_mag,10,0.0001,True,0.8669,0.7820,0.0159,0.0466,0.8846,0.8624,0.8538,0.7318,0.8239,0.7904
23,act_mag,act_mag,10,1e-05,False,0.8654,0.8019,0.0194,0.0434,0.8860,0.8627,0.8475,0.7576,0.8445,0.8036
23,act_mag,act_mag,10,1e-06,False,0.8402,0.7856,0.0231,0.0524,0.8639,0.8390,0.8177,0.7353,0.8400,0.7817
23,act_mag,act_mag,25,1,False,0.7872,0.6673,0.0181,0.0787,0.8060,0.7698,0.7859,0.5831,0.7391,0.6797
23,act_mag,act_mag,25,0.01,False,0.8107,0.6859,0.0156,0.0776,0.8244,0.7936,0.8140,0.6032,0.7573,0.6973
23,act_mag,act_mag,25,0.001,False,0.8398,0.7273,0.0132,0.0687,0.8532,0.8269,0.8394,0.6532,0.7888,0.7398
23,act_mag,act_mag,25,0.0001,True,0.8626,0.7839,0.0136,0.0434,0.8783,0.8551,0.8544,0.7358,0.8200,0.7959
23,act_mag,act_mag,25,1e-05,False,0.8633,0.8072,0.0178,0.0389,0.8829,0.8589,0.8481,0.7656,0.8427,0.8134
23,act_mag,act_mag,25,1e-06,False,0.8407,0.7924,0.0228,0.0467,0.8648,0.8379,0.8195,0.7448,0.8383,0.7942
23,emb_temp,emb_temp[23],0,1,False,0.7155,0.6627,0.0273,0.0484,0.7453,0.7094,0.6917,0.6069,0.6878,0.6933
23,emb_temp,emb_temp[23],0,0.01,False,0.7206,0.6712,0.0275,0.0478,0.7510,0.7134,0.6975,0.6162,0.6958,0.7017
23,emb_temp,emb_temp[23],0,0.001,False,0.7411,0.7066,0.0286,0.0453,0.7733,0.7315,0.7186,0.6545,0.7296,0.7359
23,emb_temp,emb_temp[23],0,0.0001,True,0.7648,0.7514,0.0306,0.0366,0.8001,0.7484,0.7458,0.7092,0.7711,0.7740
23,emb_temp,emb_temp[23],0,1e-05,False,0.7653,0.7601,0.0309,0.0338,0.8010,0.7489,0.7461,0.7213,0.7835,0.7755
23,emb_temp,emb_temp[23],0,1e-06,False,0.7488,0.7471,0.0309,0.0362,0.7844,0.7336,0.7285,0.7059,0.7739,0.7614
23,emb_temp,emb_temp[23],10,1,False,0.7327,0.6098,0.0409,0.0353,0.7745,0.7307,0.6928,0.5729,0.6432,0.6133
23,emb_temp,emb_temp[23],10,0.01,False,0.7500,0.6320,0.0397,0.0365,0.7920,0.7449,0.7130,0.5915,0.6624,0.6421
23,emb_temp,emb_temp[23],10,0.001,False,0.7929,0.6979,0.0357,0.0401,0.8328,0.7821,0.7639,0.6519,0.7253,0.7165
23,emb_temp,emb_temp[23],10,0.0001,True,0.8345,0.7841,0.0296,0.0352,0.8684,0.8221,0.8132,0.7436,0.8068,0.8019
23,emb_temp,emb_temp[23],10,1e-05,False,0.8403,0.8071,0.0266,0.0362,0.8701,0.8316,0.8191,0.7661,0.8344,0.8208
23,emb_temp,emb_temp[23],10,1e-06,False,0.8225,0.7985,0.0258,0.0392,0.8515,0.8141,0.8019,0.7543,0.8287,0.8127
23,emb_temp,emb_temp[23],25,1,False,0.6817,0.5741,0.0561,0.0228,0.7451,0.6616,0.6384,0.5486,0.5815,0.5922
23,emb_temp,emb_temp[23],25,0.01,False,0.7648,0.6225,0.0357,0.0492,0.8058,0.7478,0.7408,0.5672,0.6390,0.6614
23,emb_temp,emb_temp[23],25,0.001,False,0.8126,0.6836,0.0355,0.0527,0.8537,0.7922,0.7921,0.6228,0.7121,0.7160
23,emb_temp,emb_temp[23],25,0.0001,True,0.8492,0.7585,0.0329,0.0395,0.8871,0.8286,0.8318,0.7132,0.7858,0.7766
23,emb_temp,emb_temp[23],25,1e-05,False,0.8556,0.7904,0.0281,0.0298,0.8876,0.8349,0.8444,0.7581,0.8168,0.7961
23,emb_temp,emb_temp[23],25,1e-06,False,0.8330,0.7884,0.0258,0.0232,0.8624,0.8141,0.8225,0.7665,0.8126,0.7861
23,xl_final,xl_final[23],0,1,False,0.8481,0.7749,0.0168,0.0794,0.8508,0.8634,0.8300,0.6832,0.8226,0.8189
23,xl_final,xl_final[23],0,0.01,False,0.8795,0.8132,0.0190,0.0677,0.8919,0.8890,0.8577,0.7350,0.8498,0.8547
23,xl_final,xl_final[23],0,0.001,False,0.8984,0.8480,0.0171,0.0585,0.9094,0.9070,0.8787,0.7805,0.8838,0.8798
23,xl_final,xl_final[23],0,0.0001,True,0.9013,0.8628,0.0166,0.0439,0.9104,0.9114,0.8821,0.8124,0.8837,0.8923
23,xl_final,xl_final[23],0,1e-05,False,0.8874,0.8450,0.0247,0.0350,0.8993,0.9039,0.8590,0.8106,0.8441,0.8805
23,xl_final,xl_final[23],0,1e-06,False,0.8588,0.8015,0.0395,0.0377,0.8840,0.8792,0.8132,0.7696,0.7918,0.8431
23,xl_final,xl_final[23],10,1,False,0.8393,0.7662,0.0335,0.0503,0.8747,0.8350,0.8081,0.7229,0.7543,0.8214
23,xl_final,xl_final[23],10,0.01,False,0.8791,0.8182,0.0294,0.0606,0.9033,0.8876,0.8464,0.7507,0.8360,0.8679
23,xl_final,xl_final[23],10,0.001,False,0.8951,0.8591,0.0242,0.0602,0.9141,0.9034,0.8679,0.7898,0.8882,0.8992
23,xl_final,xl_final[23],10,0.0001,True,0.9010,0.8784,0.0219,0.0471,0.9150,0.9121,0.8758,0.8248,0.8977,0.9128
23,xl_final,xl_final[23],10,1e-05,False,0.8904,0.8650,0.0305,0.0393,0.9043,0.9116,0.8555,0.8267,0.8632,0.9052
23,xl_final,xl_final[23],10,1e-06,False,0.8564,0.8194,0.0483,0.0382,0.8816,0.8869,0.8008,0.7860,0.8112,0.8610
23,xl_final,xl_final[23],25,1,False,0.7917,0.7414,0.0152,0.0438,0.8085,0.7789,0.7878,0.7065,0.7272,0.7906
23,xl_final,xl_final[23],25,0.01,False,0.8425,0.7796,0.0166,0.0346,0.8533,0.8508,0.8234,0.7486,0.7732,0.8169
23,xl_final,xl_final[23],25,0.001,False,0.8645,0.8165,0.0179,0.0294,0.8785,0.8707,0.8443,0.7887,0.8133,0.8474
23,xl_final,xl_final[23],25,0.0001,True,0.8761,0.8484,0.0248,0.0266,0.8929,0.8877,0.8476,0.8211,0.8498,0.8743
23,xl_final,xl_final[23],25,1e-05,False,0.8684,0.8498,0.0381,0.0234,0.8867,0.8939,0.8246,0.8340,0.8387,0.8767
23,xl_final,xl_final[23],25,1e-06,False,0.8357,0.8074,0.0534,0.0223,0.8613,0.8716,0.7744,0.7984,0.7910,0.8329
24,act_rep,act_rep,0,1,False,0.7598,0.6522,0.0329,0.0564,0.7972,0.7469,0.7353,0.6867,0.5871,0.6829
24,act_rep,act_rep,0,0.01,False,0.8166,0.7416,0.0137,0.0276,0.8307,0.8035,0.8156,0.7581,0.7097,0.7570
24,act_rep,act_rep,0,0.001,False,0.8471,0.7945,0.0162,0.0301,0.8557,0.8284,0.8571,0.7975,0.7631,0.8230
24,act_rep,act_rep,0,0.0001,True,0.8744,0.8524,0.0180,0.0168,0.8813,0.8539,0.8878,0.8464,0.8394,0.8714
24,act_rep,act_rep,0,1e-05,False,0.8887,0.8731,0.0170,0.0149,0.8998,0.8691,0.8972,0.8559,0.8817,0.8817
24,act_rep,act_rep,0,1e-06,False,0.8810,0.8655,0.0184,0.0221,0.8968,0.8608,0.8855,0.8427,0.8869,0.8669
24,act_rep,act_rep,10,1,False,0.7705,0.6767,0.0336,0.0146,0.8061,0.7394,0.7660,0.6743,0.6636,0.6923
24,act_rep,act_rep,10,0.01,False,0.8258,0.7556,0.0245,0.0174,0.8505,0.8015,0.8253,0.7575,0.7372,0.7719
24,act_rep,act_rep,10,0.001,False,0.8583,0.8100,0.0229,0.0221,0.8738,0.8320,0.8691,0.8079,0.7890,0.8331
24,act_rep,act_rep,10,0.0001,True,0.8856,0.8629,0.0200,0.0149,0.8955,0.8625,0.8987,0.8583,0.8508,0.8796
24,act_rep,act_rep,10,1e-05,False,0.8980,0.8818,0.0172,0.0153,0.9121,0.8788,0.9032,0.8643,0.8886,0.8925
24,act_rep,act_rep,10,1e-06,False,0.8900,0.8742,0.0190,0.0210,0.9087,0.8708,0.8904,0.8513,0.8924,0.8788
24,act_rep,act_rep,25,1,False,0.7960,0.7125,0.0109,0.0173,0.7982,0.7841,0.8056,0.7023,0.7326,0.7027
24,act_rep,act_rep,25,0.01,False,0.8376,0.7758,0.0126,0.0035,0.8493,0.8243,0.8392,0.7798,0.7746,0.7731
24,act_rep,act_rep,25,0.001,False,0.8667,0.8257,0.0186,0.0114,0.8811,0.8457,0.8733,0.8344,0.8127,0.8299
24,act_rep,act_rep,25,0.0001,True,0.8919,0.8755,0.0160,0.0110,0.9010,0.8734,0.9014,0.8760,0.8642,0.8863
24,act_rep,act_rep,25,1e-05,False,0.9030,0.8886,0.0150,0.0130,0.9162,0.8866,0.9062,0.8744,0.8913,0.9001
24,act_rep,act_rep,25,1e-06,False,0.8944,0.8793,0.0178,0.0181,0.9124,0.8768,0.8940,0.8588,0.8929,0.8863
24,act_mag,act_mag,0,1,False,0.7940,0.6805,0.0044,0.0537,0.7977,0.7951,0.7892,0.6185,0.7126,0.7103
24,act_mag,act_mag,0,0.01,False,0.8102,0.6956,0.0066,0.0589,0.8177,0.8073,0.8055,0.6277,0.7329,0.7262
24,act_mag,act_mag,0,0.001,False,0.8369,0.7298,0.0114,0.0601,0.8500,0.8314,0.8291,0.6612,0.7730,0.7553
24,act_mag,act_mag,0,0.0001,True,0.8601,0.7792,0.0152,0.0414,0.8767,0.8569,0.8468,0.7347,0.8164,0.7865
24,act_mag,act_mag,0,1e-05,False,0.8579,0.7943,0.0188,0.0415,0.8778,0.8553,0.8405,0.7548,0.8375,0.7907
24,act_mag,act_mag,0,1e-06,False,0.8322,0.7761,0.0217,0.0529,0.8550,0.8297,0.8118,0.7274,0.8323,0.7686
24,act_mag,act_mag,10,1,False,0.7936,0.6742,0.0132,0.0601,0.8029,0.7784,0.7994,0.6103,0.7295,0.6828
24,act_mag,act_mag,10,0.01,False,0.8149,0.6977,0.0142,0.0599,0.8266,0.7991,0.8189,0.6330,0.7512,0.7088
24,act_mag,act_mag,10,0.001,False,0.8445,0.7380,0.0119,0.0578,0.8574,0.8339,0.8421,0.6748,0.7882,0.7511
24,act_mag,act_mag,10,0.0001,True,0.8676,0.7915,0.0140,0.0394,0.8833,0.8632,0.8564,0.7499,0.8281,0.7964
24,act_mag,act_mag,10,1e-05,False,0.8663,0.8075,0.0183,0.0389,0.8857,0.8640,0.8493,0.7691,0.8468,0.8066
24,act_mag,act_mag,10,1e-06,False,0.8415,0.7892,0.0223,0.0507,0.8643,0.8403,0.8198,0.7408,0.8419,0.7849
24,act_mag,act_mag,25,1,False,0.7850,0.6831,0.0149,0.0664,0.7956,0.7679,0.7914,0.6165,0.7493,0.6836
24,act_mag,act_mag,25,0.01,False,0.8100,0.7003,0.0146,0.0644,0.8203,0.7933,0.8165,0.6344,0.7630,0.7035
24,act_mag,act_mag,25,0.001,False,0.8408,0.7372,0.0130,0.0580,0.8535,0.8276,0.8411,0.6771,0.7928,0.7417
24,act_mag,act_mag,25,0.0001,True,0.8630,0.7917,0.0131,0.0348,0.8781,0.8547,0.8563,0.7551,0.8244,0.7956
24,act_mag,act_mag,25,1e-05,False,0.8641,0.8118,0.0167,0.0343,0.8826,0.8593,0.8503,0.7764,0.8449,0.8141
24,act_mag,act_mag,25,1e-06,False,0.8419,0.7956,0.0220,0.0450,0.8653,0.8386,0.8217,0.7503,0.8403,0.7961
24,emb_temp,emb_temp[24],0,1,False,0.7202,0.6816,0.0275,0.0431,0.7512,0.7109,0.6986,0.6332,0.6959,0.7158
24,emb_temp,emb_temp[24],0,0.01,False,0.7257,0.6886,0.0274,0.0434,0.7565,0.7165,0.7040,0.6395,0.7044,0.7220
24,emb_temp,emb_temp[24],0,0.001,False,0.7473,0.7187,0.0278,0.0412,0.7786,0.7376,0.7256,0.6715,0.7375,0.7472
24,emb_temp,emb_temp[24],0,0.0001,True,0.7706,0.7589,0.0287,0.0329,0.8037,0.7552,0.7528,0.7209,0.7767,0.7790
24,emb_temp,emb_temp[24],0,1e-05,False,0.7699,0.7649,0.0290,0.0333,0.8033,0.7547,0.7516,0.7265,0.7857,0.7825
24,emb_temp,emb_temp[24],0,1e-06,False,0.7533,0.7507,0.0296,0.0373,0.7873,0.7386,0.7338,0.7080,0.7763,0.7679
24,emb_temp,emb_temp[24],10,1,False,0.7375,0.6224,0.0470,0.0152,0.7879,0.7296,0.6950,0.6077,0.6381,0.6213
24,emb_temp,emb_temp[24],10,0.01,False,0.7540,0.6432,0.0435,0.0198,0.8015,0.7443,0.7162,0.6240,0.6635,0.6422
24,emb_temp,emb_temp[24],10,0.001,False,0.7951,0.7078,0.0360,0.0269,0.8361,0.7805,0.7687,0.6796,0.7332,0.7107
24,emb_temp,emb_temp[24],10,0.0001,True,0.8350,0.7897,0.0290,0.0301,0.8685,0.8186,0.8179,0.7556,0.8123,0.8011
24,emb_temp,emb_temp[24],10,1e-05,False,0.8401,0.8087,0.0254,0.0342,0.8693,0.8282,0.8228,0.7701,0.8352,0.8209
24,emb_temp,emb_temp[24],10,1e-06,False,0.8222,0.7987,0.0245,0.0380,0.8504,0.8103,0.8059,0.7556,0.8275,0.8129
24,emb_temp,emb_temp[24],25,1,False,0.7086,0.5999,0.0414,0.0399,0.7465,0.7149,0.6645,0.5541,0.6271,0.6184
24,emb_temp,emb_temp[24],25,0.01,False,0.7792,0.6406,0.0269,0.0408,0.8088,0.7726,0.7563,0.5958,0.6506,0.6755
24,emb_temp,emb_temp[24],25,0.001,False,0.8204,0.6957,0.0291,0.0429,0.8537,0.8076,0.7999,0.6471,0.7113,0.7286
24,emb_temp,emb_temp[24],25,0.0001,True,0.8548,0.7682,0.0284,0.0373,0.8875,0.8387,0.8381,0.7253,0.7863,0.7930
24,emb_temp,emb_temp[24],25,1e-05,False,0.8610,0.7995,0.0256,0.0304,0.8903,0.8433,0.8493,0.7660,0.8253,0.8073
24,emb_temp,emb_temp[24],25,1e-06,False,0.8379,0.7964,0.0238,0.0266,0.8653,0.8231,0.8253,0.7707,0.8238,0.7947
24,xl_final,xl_final[24],0,1,False,0.8402,0.7766,0.0104,0.0510,0.8381,0.8310,0.8515,0.7180,0.8009,0.8109
24,xl_final,xl_final[24],0,0.01,False,0.8728,0.8124,0.0085,0.0500,0.8752,0.8634,0.8799,0.7549,0.8361,0.8462
24,xl_final,xl_final[24],0,0.001,False,0.8935,0.8440,0.0064,0.0452,0.8975,0.8861,0.8969,0.7921,0.8657,0.8744
24,xl_final,xl_final[24],0,0.0001,True,0.9034,0.8630,0.0011,0.0410,0.9043,0.9022,0.9037,0.8158,0.8830,0.8902
24,xl_final,xl_final[24],0,1e-05,False,0.8907,0.8487,0.0087,0.0351,0.8905,0.8995,0.8821,0.8085,0.8641,0.8735
24,xl_final,xl_final[24],0,1e-06,False,0.8606,0.8041,0.0272,0.0347,0.8744,0.8782,0.8293,0.7644,0.8188,0.8290
24,xl_final,xl_final[24],10,1,False,0.8294,0.7703,0.0195,0.0485,0.8380,0.8071,0.8432,0.7148,0.8043,0.7919
24,xl_final,xl_final[24],10,0.01,False,0.8747,0.8171,0.0074,0.0528,0.8809,0.8665,0.8766,0.7562,0.8501,0.8449
24,xl_final,xl_final[24],10,0.001,False,0.8946,0.8540,0.0082,0.0431,0.9039,0.8915,0.8884,0.8043,0.8762,0.8815
24,xl_final,xl_final[24],10,0.0001,True,0.9031,0.8722,0.0074,0.0344,0.9086,0.9061,0.8947,0.8327,0.8877,0.8961
24,xl_final,xl_final[24],10,1e-05,False,0.8918,0.8569,0.0161,0.0261,0.8947,0.9062,0.8745,0.8289,0.8613,0.8805
24,xl_final,xl_final[24],10,1e-06,False,0.8619,0.8103,0.0356,0.0232,0.8788,0.8858,0.8209,0.7868,0.8107,0.8333
24,xl_final,xl_final[24],25,1,False,0.8202,0.7073,0.0109,0.0550,0.8166,0.8116,0.8324,0.6493,0.7137,0.7587
24,xl_final,xl_final[24],25,0.01,False,0.8504,0.7588,0.0077,0.0337,0.8589,0.8438,0.8484,0.7211,0.7692,0.7861
24,xl_final,xl_final[24],25,0.001,False,0.8697,0.8013,0.0156,0.0370,0.8876,0.8592,0.8622,0.7597,0.8138,0.8305
24,xl_final,xl_final[24],25,0.0001,True,0.8805,0.8383,0.0157,0.0352,0.8979,0.8761,0.8675,0.7983,0.8521,0.8645
24,xl_final,xl_final[24],25,1e-05,False,0.8746,0.8398,0.0221,0.0186,0.8894,0.8853,0.8492,0.8204,0.8416,0.8575
24,xl_final,xl_final[24],25,1e-06,False,0.8508,0.7961,0.0383,0.0095,0.8748,0.8711,0.8067,0.7899,0.7915,0.8071
25,act_rep,act_rep,0,1,False,0.7597,0.6477,0.0348,0.0120,0.7991,0.7470,0.7331,0.6452,0.6371,0.6607
25,act_rep,act_rep,0,0.01,False,0.8116,0.7297,0.0127,0.0338,0.8228,0.7978,0.8141,0.7280,0.6968,0.7643
25,act_rep,act_rep,0,0.001,False,0.8422,0.7843,0.0142,0.0446,0.8467,0.8263,0.8536,0.7852,0.7393,0.8285
25,act_rep,act_rep,0,0.0001,True,0.8730,0.8479,0.0166,0.0233,0.8778,0.8545,0.8867,0.8383,0.8309,0.8744
25,act_rep,act_rep,0,1e-05,False,0.8887,0.8728,0.0160,0.0170,0.8993,0.8702,0.8966,0.8532,0.8815,0.8836
25,act_rep,act_rep,0,1e-06,False,0.8809,0.8648,0.0181,0.0229,0.8963,0.8609,0.8856,0.8411,0.8867,0.8668
25,act_rep,act_rep,10,1,False,0.7649,0.6745,0.0235,0.0210,0.7815,0.7379,0.7753,0.6586,0.6667,0.6983
25,act_rep,act_rep,10,0.01,False,0.8187,0.7559,0.0179,0.0216,0.8356,0.8001,0.8204,0.7532,0.7358,0.7787
25,act_rep,act_rep,10,0.001,False,0.8542,0.8071,0.0173,0.0308,0.8650,0.8342,0.8634,0.8052,0.7774,0.8388
25,act_rep,act_rep,10,0.0001,True,0.8845,0.8614,0.0187,0.0191,0.8924,0.8631,0.8979,0.8535,0.8475,0.8832
25,act_rep,act_rep,10,1e-05,False,0.8982,0.8818,0.0164,0.0168,0.9114,0.8799,0.9031,0.8626,0.8890,0.8939
25,act_rep,act_rep,10,1e-06,False,0.8899,0.8738,0.0185,0.0214,0.9080,0.8709,0.8908,0.8504,0.8924,0.8787
25,act_rep,act_rep,25,1,False,0.7888,0.7035,0.0176,0.0226,0.7903,0.7705,0.8056,0.6777,0.7196,0.7132
25,act_rep,act_rep,25,0.01,False,0.8382,0.7797,0.0078,0.0076,0.8445,0.8295,0.8405,0.7716,0.7868,0.7806
25,act_rep,act_rep,25,0.001,False,0.8685,0.8286,0.0132,0.0136,0.8778,0.8534,0.8742,0.8267,0.8160,0.8430
25,act_rep,act_rep,25,0.0001,True,0.8929,0.8765,0.0145,0.0145,0.9006,0.8761,0.9019,0.8731,0.8641,0.8924
25,act_rep,act_rep,25,1e-05,False,0.9034,0.8891,0.0142,0.0146,0.9159,0.8880,0.9062,0.8731,0.8925,0.9017
25,act_rep,act_rep,25,1e-06,False,0.8944,0.8791,0.0172,0.0185,0.9116,0.8771,0.8944,0.8581,0.8931,0.8862
25,act_mag,act_mag,0,1,False,0.7871,0.6857,0.0046,0.0417,0.7907,0.7819,0.7888,0.6508,0.7319,0.6743
25,act_mag,act_mag,0,0.01,False,0.8041,0.7006,0.0073,0.0464,0.8116,0.7970,0.8038,0.6551,0.7478,0.6988
25,act_mag,act_mag,0,0.001,False,0.8325,0.7331,0.0119,0.0506,0.8462,0.8256,0.8258,0.6787,0.7787,0.7418
25,act_mag,act_mag,0,0.0001,True,0.8587,0.7812,0.0163,0.0378,0.8764,0.8553,0.8444,0.7403,0.8149,0.7886
25,act_mag,act_mag,0,1e-05,False,0.8578,0.7952,0.0193,0.0405,0.8782,0.8555,0.8397,0.7556,0.8366,0.7934
25,act_mag,act_mag,0,1e-06,False,0.8326,0.7764,0.0215,0.0536,0.8553,0.8299,0.8125,0.7266,0.8330,0.7695
25,act_mag,act_mag,10,1,False,0.7931,0.6879,0.0119,0.0536,0.8029,0.7798,0.7966,0.6416,0.7467,0.6756
25,act_mag,act_mag,10,0.01,False,0.8116,0.7087,0.0126,0.0538,0.8227,0.7978,0.8144,0.6580,0.7652,0.7029
25,act_mag,act_mag,10,0.001,False,0.8409,0.7439,0.0124,0.0515,0.8545,0.8304,0.8377,0.6918,0.7947,0.7453
25,act_mag,act_mag,10,0.0001,True,0.8663,0.7934,0.0151,0.0364,0.8832,0.8616,0.8541,0.7548,0.8272,0.7982
25,act_mag,act_mag,10,1e-05,False,0.8662,0.8079,0.0187,0.0386,0.8859,0.8639,0.8487,0.7694,0.8466,0.8077
25,act_mag,act_mag,10,1e-06,False,0.8418,0.7893,0.0219,0.0516,0.8645,0.8404,0.8207,0.7400,0.8429,0.7849
25,act_mag,act_mag,25,1,False,0.7835,0.6900,0.0054,0.0518,0.7872,0.7773,0.7862,0.6476,0.7478,0.6748
25,act_mag,act_mag,25,0.01,False,0.8081,0.7027,0.0100,0.0545,0.8131,0.7965,0.8145,0.6569,0.7629,0.6883
25,act_mag,act_mag,25,0.001,False,0.8388,0.7365,0.0124,0.0523,0.8506,0.8258,0.8398,0.6898,0.7930,0.7268
25,act_mag,act_mag,25,0.0001,True,0.8623,0.7898,0.0136,0.0342,0.8779,0.8532,0.8556,0.7550,0.8234,0.7911
25,act_mag,act_mag,25,1e-05,False,0.8643,0.8108,0.0168,0.0350,0.8830,0.8592,0.8506,0.7750,0.8449,0.8125
25,act_mag,act_mag,25,1e-06,False,0.8424,0.7951,0.0215,0.0461,0.8655,0.8385,0.8231,0.7491,0.8413,0.7949
25,emb_temp,emb_temp[25],0,1,False,0.7195,0.6798,0.0262,0.0355,0.7488,0.7112,0.6984,0.6413,0.6869,0.7112
25,emb_temp,emb_temp[25],0,0.01,False,0.7247,0.6865,0.0265,0.0350,0.7545,0.7160,0.7036,0.6483,0.6944,0.7169
25,emb_temp,emb_temp[25],0,0.001,False,0.7464,0.7177,0.0284,0.0325,0.7786,0.7355,0.7250,0.6807,0.7303,0.7419
25,emb_temp,emb_temp[25],0,0.0001,True,0.7727,0.7627,0.0306,0.0298,0.8080,0.7559,0.7540,0.7283,0.7784,0.7813
25,emb_temp,emb_temp[25],0,1e-05,False,0.7736,0.7695,0.0296,0.0325,0.8077,0.7578,0.7551,0.7320,0.7890,0.7875
25,emb_temp,emb_temp[25],0,1e-06,False,0.7574,0.7550,0.0306,0.0371,0.7927,0.7410,0.7385,0.7124,0.7799,0.7727
25,emb_temp,emb_temp[25],10,1,False,0.7409,0.6411,0.0372,0.0033,0.7773,0.7424,0.7029,0.6380,0.6445,0.6407
25,emb_temp,emb_temp[25],10,0.01,False,0.7557,0.6559,0.0365,0.0063,0.7928,0.7546,0.7198,0.6487,0.6606,0.6582
25,emb_temp,emb_temp[25],10,0.001,False,0.7964,0.7106,0.0340,0.0180,0.8343,0.7865,0.7685,0.6902,0.7175,0.7241
25,emb_temp,emb_temp[25],10,0.0001,True,0.8379,0.7921,0.0292,0.0300,0.8715,0.8230,0.8191,0.7575,0.8072,0.8115
25,emb_temp,emb_temp[25],10,1e-05,False,0.8436,0.8125,0.0253,0.0364,0.8724,0.8332,0.8251,0.7708,0.8381,0.8286
25,emb_temp,emb_temp[25],10,1e-06,False,0.8255,0.8026,0.0244,0.0416,0.8534,0.8144,0.8087,0.7551,0.8331,0.8195
25,emb_temp,emb_temp[25],25,1,False,0.7213,0.5994,0.0412,0.0583,0.7661,0.7127,0.6851,0.5321,0.6328,0.6334
25,emb_temp,emb_temp[25],25,0.01,False,0.7843,0.6375,0.0247,0.0683,0.8124,0.7744,0.7661,0.5596,0.6657,0.6872
25,emb_temp,emb_temp[25],25,0.001,False,0.8240,0.6907,0.0237,0.0655,0.8512,0.8129,0.8079,0.6169,0.7127,0.7423
25,emb_temp,emb_temp[25],25,0.0001,True,0.8597,0.7700,0.0223,0.0519,0.8851,0.8432,0.8509,0.7121,0.7856,0.8122
25,emb_temp,emb_temp[25],25,1e-05,False,0.8660,0.8080,0.0224,0.0394,0.8903,0.8462,0.8615,0.7626,0.8294,0.8321
25,emb_temp,emb_temp[25],25,1e-06,False,0.8436,0.8059,0.0214,0.0340,0.8672,0.8256,0.8380,0.7668,0.8275,0.8236
25,xl_final,xl_final[25],0,1,False,0.8392,0.7652,0.0049,0.0229,0.8405,0.8433,0.8338,0.7397,0.7720,0.7839
25,xl_final,xl_final[25],0,0.01,False,0.8598,0.7966,0.0009,0.0221,0.8598,0.8590,0.8607,0.7714,0.8057,0.8127
25,xl_final,xl_final[25],0,0.001,False,0.8802,0.8271,0.0047,0.0254,0.8807,0.8752,0.8846,0.7978,0.8426,0.8409
25,xl_final,xl_final[25],0,0.0001,True,0.8908,0.8459,0.0055,0.0308,0.8902,0.8857,0.8965,0.8104,0.8651,0.8623
25,xl_final,xl_final[25],0,1e-05,False,0.8792,0.8337,0.0019,0.0273,0.8772,0.8792,0.8810,0.8022,0.8490,0.8501
25,xl_final,xl_final[25],0,1e-06,False,0.8499,0.7908,0.0140,0.0300,0.8584,0.8575,0.8338,0.7561,0.8096,0.8066
25,xl_final,xl_final[25],10,1,False,0.8330,0.7606,0.0100,0.0585,0.8395,0.8215,0.8379,0.6952,0.8079,0.7788
25,xl_final,xl_final[25],10,0.01,False,0.8642,0.7976,0.0047,0.0421,0.8686,0.8593,0.8645,0.7544,0.8386,0.7996
25,xl_final,xl_final[25],10,0.001,False,0.8860,0.8354,0.0054,0.0333,0.8916,0.8809,0.8856,0.7994,0.8652,0.8414
25,xl_final,xl_final[25],10,0.0001,True,0.8958,0.8561,0.0040,0.0314,0.9004,0.8933,0.8938,0.8200,0.8769,0.8714
25,xl_final,xl_final[25],10,1e-05,False,0.8844,0.8439,0.0087,0.0258,0.8867,0.8916,0.8748,0.8141,0.8597,0.8578
25,xl_final,xl_final[25],10,1e-06,False,0.8522,0.7966,0.0261,0.0246,0.8636,0.8707,0.8223,0.7681,0.8122,0.8093
25,xl_final,xl_final[25],25,1,False,0.8190,0.7082,0.0081,0.0496,0.8275,0.8182,0.8113,0.6684,0.6925,0.7638
25,xl_final,xl_final[25],25,0.01,False,0.8466,0.7500,0.0126,0.0519,0.8505,0.8567,0.8325,0.6956,0.7555,0.7991
25,xl_final,xl_final[25],25,0.001,False,0.8645,0.7877,0.0102,0.0499,0.8729,0.8674,0.8532,0.7336,0.7976,0.8320
25,xl_final,xl_final[25],25,0.0001,True,0.8753,0.8219,0.0135,0.0425,0.8870,0.8786,0.8605,0.7738,0.8374,0.8544
25,xl_final,xl_final[25],25,1e-05,False,0.8692,0.8253,0.0167,0.0303,0.8748,0.8823,0.8504,0.7903,0.8426,0.8430
25,xl_final,xl_final[25],25,1e-06,False,0.8374,0.7815,0.0294,0.0254,0.8440,0.8630,0.8053,0.7526,0.8005,0.7913
26,act_rep,act_rep,0,1,False,0.7536,0.6473,0.0252,0.0339,0.7790,0.7286,0.7532,0.6386,0.6185,0.6847
26,act_rep,act_rep,0,0.01,False,0.7943,0.7120,0.0202,0.0390,0.8034,0.7712,0.8083,0.6917,0.6873,0.7570
26,act_rep,act_rep,0,0.001,False,0.8343,0.7762,0.0146,0.0468,0.8366,0.8187,0.8476,0.7581,0.7411,0.8293
26,act_rep,act_rep,0,0.0001,True,0.8706,0.8455,0.0161,0.0291,0.8754,0.8526,0.8837,0.8286,0.8287,0.8790
26,act_rep,act_rep,0,1e-05,False,0.8879,0.8717,0.0166,0.0176,0.8996,0.8690,0.8952,0.8517,0.8788,0.8847
26,act_rep,act_rep,0,1e-06,False,0.8800,0.8637,0.0190,0.0224,0.8968,0.8593,0.8840,0.8402,0.8849,0.8660
26,act_rep,act_rep,10,1,False,0.7417,0.6465,0.0312,0.0305,0.7737,0.7115,0.7399,0.6126,0.6719,0.6551
26,act_rep,act_rep,10,0.01,False,0.8054,0.7352,0.0190,0.0292,0.8220,0.7846,0.8095,0.7066,0.7341,0.7650
26,act_rep,act_rep,10,0.001,False,0.8479,0.8022,0.0166,0.0338,0.8577,0.8287,0.8572,0.7793,0.7864,0.8410
26,act_rep,act_rep,10,0.0001,True,0.8819,0.8607,0.0187,0.0252,0.8903,0.8604,0.8949,0.8458,0.8466,0.8898
26,act_rep,act_rep,10,1e-05,False,0.8972,0.8813,0.0172,0.0176,0.9118,0.8782,0.9017,0.8617,0.8864,0.8958
26,act_rep,act_rep,10,1e-06,False,0.8890,0.8728,0.0196,0.0209,0.9083,0.8691,0.8894,0.8497,0.8904,0.8782
26,act_rep,act_rep,25,1,False,0.7692,0.6852,0.0135,0.0520,0.7614,0.7614,0.7849,0.6412,0.7426,0.6718
26,act_rep,act_rep,25,0.01,False,0.8267,0.7679,0.0121,0.0293,0.8255,0.8153,0.8393,0.7384,0.7970,0.7681
26,act_rep,act_rep,25,0.001,False,0.8630,0.8277,0.0150,0.0140,0.8726,0.8457,0.8706,0.8151,0.8252,0.8427
26,act_rep,act_rep,25,0.0001,True,0.8908,0.8762,0.0156,0.0170,0.8997,0.8728,0.9000,0.8705,0.8628,0.8954
26,act_rep,act_rep,25,1e-05,False,0.9026,0.8887,0.0155,0.0152,0.9168,0.8860,0.9050,0.8728,0.8903,0.9031
26,act_rep,act_rep,25,1e-06,False,0.8935,0.8780,0.0185,0.0182,0.9121,0.8752,0.8933,0.8573,0.8913,0.8855
26,act_mag,act_mag,0,1,False,0.7861,0.6754,0.0039,0.0427,0.7901,0.7860,0.7823,0.6295,0.7137,0.6831
26,act_mag,act_mag,0,0.01,False,0.8021,0.6966,0.0076,0.0474,0.8105,0.8000,0.7957,0.6452,0.7386,0.7061
26,act_mag,act_mag,0,0.001,False,0.8298,0.7367,0.0132,0.0492,0.8442,0.8267,0.8184,0.6822,0.7778,0.7501
26,act_mag,act_mag,0,0.0001,True,0.8568,0.7847,0.0162,0.0377,0.8738,0.8551,0.8415,0.7427,0.8154,0.7961
26,act_mag,act_mag,0,1e-05,False,0.8575,0.7973,0.0191,0.0404,0.8778,0.8548,0.8398,0.7569,0.8376,0.7974
26,act_mag,act_mag,0,1e-06,False,0.8323,0.7773,0.0215,0.0529,0.8553,0.8287,0.8128,0.7279,0.8330,0.7710
26,act_mag,act_mag,10,1,False,0.7945,0.6746,0.0084,0.0548,0.8033,0.7867,0.7935,0.6242,0.7329,0.6667
26,act_mag,act_mag,10,0.01,False,0.8126,0.7029,0.0089,0.0535,0.8215,0.8038,0.8124,0.6493,0.7563,0.7030
26,act_mag,act_mag,10,0.001,False,0.8397,0.7459,0.0108,0.0483,0.8521,0.8321,0.8348,0.6939,0.7894,0.7543
26,act_mag,act_mag,10,0.0001,True,0.8649,0.7968,0.0138,0.0347,0.8800,0.8613,0.8532,0.7586,0.8264,0.8053
26,act_mag,act_mag,10,1e-05,False,0.8658,0.8098,0.0183,0.0379,0.8853,0.8631,0.8490,0.7713,0.8472,0.8109
26,act_mag,act_mag,10,1e-06,False,0.8414,0.7902,0.0218,0.0509,0.8643,0.8390,0.8209,0.7416,0.8431,0.7860
26,act_mag,act_mag,25,1,False,0.7880,0.6868,0.0032,0.0472,0.7887,0.7908,0.7846,0.6427,0.7366,0.6813
26,act_mag,act_mag,25,0.01,False,0.8089,0.7058,0.0037,0.0467,0.8115,0.8046,0.8105,0.6616,0.7546,0.7014
26,act_mag,act_mag,25,0.001,False,0.8364,0.7396,0.0090,0.0457,0.8457,0.8277,0.8359,0.6953,0.7865,0.7369
26,act_mag,act_mag,25,0.0001,True,0.8608,0.7917,0.0124,0.0320,0.8752,0.8533,0.8540,0.7579,0.8215,0.7957
26,act_mag,act_mag,25,1e-05,False,0.8639,0.8118,0.0169,0.0342,0.8828,0.8586,0.8503,0.7765,0.8447,0.8142
26,act_mag,act_mag,25,1e-06,False,0.8419,0.7957,0.0216,0.0452,0.8654,0.8375,0.8229,0.7506,0.8411,0.7955
26,emb_temp,emb_temp[26],0,1,False,0.7162,0.6808,0.0292,0.0221,0.7478,0.7106,0.6902,0.6576,0.6832,0.7017
26,emb_temp,emb_temp[26],0,0.01,False,0.7220,0.6873,0.0291,0.0237,0.7538,0.7155,0.6966,0.6620,0.6909,0.7091
26,emb_temp,emb_temp[26],0,0.001,False,0.7459,0.7189,0.0300,0.0300,0.7796,0.7362,0.7219,0.6853,0.7286,0.7429
26,emb_temp,emb_temp[26],0,0.0001,True,0.7771,0.7673,0.0302,0.0332,0.8119,0.7624,0.7571,0.7294,0.7811,0.7914
26,emb_temp,emb_temp[26],0,1e-05,False,0.7807,0.7748,0.0291,0.0343,0.8142,0.7665,0.7615,0.7352,0.7944,0.7948
26,emb_temp,emb_temp[26],0,1e-06,False,0.7651,0.7612,0.0302,0.0384,0.7999,0.7498,0.7457,0.7171,0.7866,0.7801
26,emb_temp,emb_temp[26],10,1,False,0.7459,0.6415,0.0408,0.0150,0.7857,0.7478,0.7042,0.6246,0.6465,0.6533
26,emb_temp,emb_temp[26],10,0.01,False,0.7595,0.6597,0.0409,0.0160,0.8009,0.7586,0.7191,0.6416,0.6656,0.6721
26,emb_temp,emb_temp[26],10,0.001,False,0.7982,0.7177,0.0380,0.0205,0.8399,0.7891,0.7656,0.6944,0.7255,0.7331
26,emb_temp,emb_temp[26],10,0.0001,True,0.8411,0.7966,0.0297,0.0315,0.8751,0.8276,0.8205,0.7606,0.8107,0.8186
26,emb_temp,emb_temp[26],10,1e-05,False,0.8475,0.8177,0.0248,0.0360,0.8756,0.8382,0.8287,0.7762,0.8405,0.8364
26,emb_temp,emb_temp[26],10,1e-06,False,0.8290,0.8069,0.0234,0.0403,0.8557,0.8193,0.8121,0.7606,0.8334,0.8269
26,emb_temp,emb_temp[26],25,1,False,0.7315,0.6216,0.0658,0.0301,0.7982,0.7297,0.6665,0.5890,0.6276,0.6483
26,emb_temp,emb_temp[26],25,0.01,False,0.7856,0.6625,0.0450,0.0512,0.8330,0.7804,0.7434,0.6114,0.6622,0.7139
26,emb_temp,emb_temp[26],25,0.001,False,0.8272,0.7129,0.0404,0.0510,0.8716,0.8174,0.7927,0.6620,0.7126,0.7641
26,emb_temp,emb_temp[26],25,0.0001,True,0.8645,0.7831,0.0314,0.0460,0.9007,0.8486,0.8441,0.7342,0.7896,0.8254
26,emb_temp,emb_temp[26],25,1e-05,False,0.8717,0.8196,0.0246,0.0382,0.8995,0.8527,0.8630,0.7760,0.8351,0.8476
26,emb_temp,emb_temp[26],25,1e-06,False,0.8484,0.8151,0.0215,0.0331,0.8724,0.8312,0.8415,0.7772,0.8300,0.8381
26,xl_final,xl_final[26],0,1,False,0.8504,0.7627,0.0068,0.0265,0.8532,0.8553,0.8426,0.7368,0.7897,0.7616
26,xl_final,xl_final[26],0,0.01,False,0.8699,0.7846,0.0024,0.0316,0.8672,0.8715,0.8711,0.7492,0.8099,0.7946
26,xl_final,xl_final[26],0,0.001,False,0.8858,0.8158,0.0039,0.0332,0.8815,0.8866,0.8893,0.7778,0.8391,0.8304
26,xl_final,xl_final[26],0,0.0001,True,0.8915,0.8425,0.0035,0.0327,0.8875,0.8942,0.8928,0.8055,0.8675,0.8546
26,xl_final,xl_final[26],0,1e-05,False,0.8785,0.8342,0.0076,0.0263,0.8751,0.8872,0.8731,0.8047,0.8551,0.8428
26,xl_final,xl_final[26],0,1e-06,False,0.8491,0.7930,0.0225,0.0241,0.8556,0.8675,0.8241,0.7660,0.8122,0.8008
26,xl_final,xl_final[26],10,1,False,0.8398,0.7428,0.0047,0.0425,0.8344,0.8432,0.8417,0.6937,0.7693,0.7653
26,xl_final,xl_final[26],10,0.01,False,0.8684,0.7846,0.0060,0.0351,0.8645,0.8654,0.8753,0.7445,0.8103,0.7990
26,xl_final,xl_final[26],10,0.001,False,0.8876,0.8201,0.0046,0.0340,0.8846,0.8853,0.8929,0.7822,0.8477,0.8306
26,xl_final,xl_final[26],10,0.0001,True,0.8948,0.8462,0.0018,0.0300,0.8932,0.8968,0.8945,0.8128,0.8709,0.8549
26,xl_final,xl_final[26],10,1e-05,False,0.8822,0.8388,0.0084,0.0201,0.8807,0.8913,0.8746,0.8162,0.8549,0.8452
26,xl_final,xl_final[26],10,1e-06,False,0.8520,0.7963,0.0251,0.0128,0.8614,0.8710,0.8236,0.7815,0.8032,0.8043
26,xl_final,xl_final[26],25,1,False,0.7994,0.6995,0.0044,0.0448,0.8044,0.7972,0.7965,0.6832,0.6652,0.7502
26,xl_final,xl_final[26],25,0.01,False,0.8342,0.7463,0.0061,0.0340,0.8377,0.8377,0.8271,0.7138,0.7435,0.7816
26,xl_final,xl_final[26],25,0.001,False,0.8587,0.7836,0.0041,0.0319,0.8622,0.8598,0.8541,0.7505,0.7863,0.8141
26,xl_final,xl_final[26],25,0.0001,True,0.8740,0.8180,0.0078,0.0240,0.8767,0.8801,0.8653,0.7909,0.8269,0.8363
26,xl_final,xl_final[26],25,1e-05,False,0.8705,0.8214,0.0146,0.0164,0.8704,0.8851,0.8560,0.8031,0.8350,0.8260
26,xl_final,xl_final[26],25,1e-06,False,0.8424,0.7817,0.0306,0.0089,0.8542,0.8653,0.8076,0.7742,0.7915,0.7794
27,act_rep,act_rep,0,1,False,0.7415,0.6553,0.0231,0.0319,0.7556,0.7148,0.7541,0.6410,0.6919,0.6331
27,act_rep,act_rep,0,0.01,False,0.7829,0.7187,0.0306,0.0251,0.7959,0.7480,0.8049,0.6928,0.7429,0.7204
27,act_rep,act_rep,0,0.001,False,0.8273,0.7818,0.0173,0.0367,0.8312,0.8083,0.8423,0.7432,0.7859,0.8163
27,act_rep,act_rep,0,0.0001,True,0.8649,0.8432,0.0160,0.0319,0.8684,0.8475,0.8788,0.8099,0.8461,0.8735
27,act_rep,act_rep,0,1e-05,False,0.8856,0.8691,0.0167,0.0227,0.8967,0.8664,0.8938,0.8429,0.8827,0.8818
27,act_rep,act_rep,0,1e-06,False,0.8794,0.8627,0.0193,0.0237,0.8959,0.8582,0.8840,0.8377,0.8847,0.8657
27,act_rep,act_rep,10,1,False,0.7153,0.6525,0.0480,0.0455,0.7431,0.6599,0.7430,0.6143,0.7028,0.6404
27,act_rep,act_rep,10,0.01,False,0.7938,0.7278,0.0347,0.0395,0.8180,0.7541,0.8094,0.6856,0.7640,0.7339
27,act_rep,act_rep,10,0.001,False,0.8407,0.7982,0.0196,0.0379,0.8522,0.8181,0.8520,0.7549,0.8145,0.8253
27,act_rep,act_rep,10,0.0001,True,0.8761,0.8567,0.0187,0.0287,0.8841,0.8547,0.8895,0.8268,0.8595,0.8839
27,act_rep,act_rep,10,1e-05,False,0.8949,0.8788,0.0171,0.0222,0.9092,0.8759,0.8997,0.8533,0.8896,0.8934
27,act_rep,act_rep,10,1e-06,False,0.8882,0.8717,0.0197,0.0220,0.9075,0.8681,0.8890,0.8473,0.8899,0.8780
27,act_rep,act_rep,25,1,False,0.7653,0.7028,0.0259,0.0453,0.7546,0.7464,0.7949,0.6654,0.7532,0.6899
27,act_rep,act_rep,25,0.01,False,0.8160,0.7583,0.0302,0.0476,0.8227,0.7831,0.8423,0.7064,0.7999,0.7686
27,act_rep,act_rep,25,0.001,False,0.8537,0.8166,0.0235,0.0340,0.8657,0.8266,0.8688,0.7773,0.8370,0.8355
27,act_rep,act_rep,25,0.0001,True,0.8850,0.8707,0.0186,0.0194,0.8941,0.8636,0.8972,0.8509,0.8714,0.8897
27,act_rep,act_rep,25,1e-05,False,0.9005,0.8860,0.0157,0.0182,0.9143,0.8835,0.9037,0.8655,0.8922,0.9003
27,act_rep,act_rep,25,1e-06,False,0.8928,0.8767,0.0185,0.0193,0.9113,0.8743,0.8929,0.8547,0.8903,0.8851
27,act_mag,act_mag,0,1,False,0.7872,0.6614,0.0106,0.0627,0.7976,0.7764,0.7874,0.5966,0.7219,0.6657
27,act_mag,act_mag,0,0.01,False,0.8009,0.6817,0.0111,0.0642,0.8128,0.7908,0.7990,0.6135,0.7410,0.6905
27,act_mag,act_mag,0,0.001,False,0.8284,0.7254,0.0132,0.0591,0.8436,0.8219,0.8196,0.6608,0.7767,0.7388
27,act_mag,act_mag,0,0.0001,True,0.8563,0.7815,0.0164,0.0426,0.8742,0.8526,0.8420,0.7343,0.8171,0.7931
27,act_mag,act_mag,0,1e-05,False,0.8575,0.7970,0.0189,0.0420,0.8779,0.8539,0.8406,0.7552,0.8393,0.7966
27,act_mag,act_mag,0,1e-06,False,0.8328,0.7767,0.0208,0.0533,0.8555,0.8282,0.8146,0.7271,0.8331,0.7699
27,act_mag,act_mag,10,1,False,0.7897,0.6757,0.0162,0.0637,0.8028,0.7716,0.7947,0.6139,0.7412,0.6720
27,act_mag,act_mag,10,0.01,False,0.8080,0.6972,0.0142,0.0644,0.8207,0.7928,0.8107,0.6340,0.7628,0.6947
27,act_mag,act_mag,10,0.001,False,0.8377,0.7374,0.0117,0.0589,0.8508,0.8283,0.8339,0.6774,0.7950,0.7399
27,act_mag,act_mag,10,0.0001,True,0.8647,0.7938,0.0141,0.0412,0.8805,0.8601,0.8536,0.7495,0.8309,0.8010
27,act_mag,act_mag,10,1e-05,False,0.8659,0.8094,0.0180,0.0402,0.8855,0.8621,0.8500,0.7690,0.8494,0.8099
27,act_mag,act_mag,10,1e-06,False,0.8419,0.7897,0.0211,0.0517,0.8647,0.8381,0.8229,0.7403,0.8435,0.7852
27,act_mag,act_mag,25,1,False,0.7821,0.6777,0.0091,0.0727,0.7890,0.7718,0.7855,0.6043,0.7497,0.6790
27,act_mag,act_mag,25,0.01,False,0.8029,0.6949,0.0111,0.0703,0.8093,0.7902,0.8094,0.6252,0.7659,0.6935
27,act_mag,act_mag,25,0.001,False,0.8332,0.7297,0.0115,0.0640,0.8437,0.8209,0.8350,0.6671,0.7949,0.7272
27,act_mag,act_mag,25,0.0001,True,0.8606,0.7887,0.0125,0.0409,0.8750,0.8527,0.8540,0.7461,0.8276,0.7924
27,act_mag,act_mag,25,1e-05,False,0.8643,0.8117,0.0166,0.0372,0.8830,0.8585,0.8514,0.7738,0.8481,0.8131
27,act_mag,act_mag,25,1e-06,False,0.8427,0.7952,0.0208,0.0463,0.8657,0.8371,0.8252,0.7494,0.8419,0.7942
27,emb_temp,emb_temp[27],0,1,False,0.7147,0.6975,0.0283,0.0257,0.7462,0.7066,0.6915,0.6684,0.7064,0.7175
27,emb_temp,emb_temp[27],0,0.01,False,0.7202,0.7025,0.0282,0.0264,0.7518,0.7113,0.6975,0.6729,0.7111,0.7234
27,emb_temp,emb_temp[27],0,0.001,False,0.7448,0.7291,0.0291,0.0302,0.7780,0.7328,0.7235,0.6952,0.7389,0.7533
27,emb_temp,emb_temp[27],0,0.0001,True,0.7796,0.7737,0.0300,0.0339,0.8141,0.7651,0.7596,0.7349,0.7886,0.7976
27,emb_temp,emb_temp[27],0,1e-05,False,0.7851,0.7791,0.0296,0.0349,0.8187,0.7736,0.7630,0.7388,0.7983,0.8001
27,emb_temp,emb_temp[27],0,1e-06,False,0.7712,0.7661,0.0308,0.0385,0.8064,0.7576,0.7495,0.7216,0.7894,0.7872
27,emb_temp,emb_temp[27],10,1,False,0.7500,0.6681,0.0411,0.0165,0.7923,0.7475,0.7103,0.6578,0.6595,0.6871
27,emb_temp,emb_temp[27],10,0.01,False,0.7631,0.6831,0.0405,0.0187,0.8058,0.7581,0.7254,0.6709,0.6739,0.7046
27,emb_temp,emb_temp[27],10,0.001,False,0.8016,0.7330,0.0370,0.0223,0.8428,0.7905,0.7713,0.7130,0.7290,0.7571
27,emb_temp,emb_temp[27],10,0.0001,True,0.8446,0.8036,0.0287,0.0314,0.8775,0.8320,0.8243,0.7679,0.8157,0.8272
27,emb_temp,emb_temp[27],10,1e-05,False,0.8508,0.8218,0.0248,0.0364,0.8788,0.8424,0.8312,0.7798,0.8431,0.8425
27,emb_temp,emb_temp[27],10,1e-06,False,0.8323,0.8099,0.0239,0.0405,0.8595,0.8225,0.8149,0.7632,0.8349,0.8317
27,emb_temp,emb_temp[27],25,1,False,0.7587,0.6320,0.0452,0.0584,0.8091,0.7451,0.7219,0.5649,0.6596,0.6714
27,emb_temp,emb_temp[27],25,0.01,False,0.7973,0.6706,0.0364,0.0698,0.8390,0.7809,0.7721,0.5909,0.6999,0.7210
27,emb_temp,emb_temp[27],25,0.001,False,0.8353,0.7263,0.0335,0.0691,0.8740,0.8174,0.8144,0.6480,0.7520,0.7789
27,emb_temp,emb_temp[27],25,0.0001,True,0.8697,0.7959,0.0268,0.0545,0.9006,0.8526,0.8559,0.7343,0.8157,0.8378
27,emb_temp,emb_temp[27],25,1e-05,False,0.8751,0.8283,0.0210,0.0379,0.8985,0.8580,0.8688,0.7847,0.8461,0.8539
27,emb_temp,emb_temp[27],25,1e-06,False,0.8511,0.8213,0.0168,0.0295,0.8693,0.8362,0.8478,0.7875,0.8348,0.8417
27,xl_final,xl_final[27],0,1,False,0.8778,0.7705,0.0054,0.0277,0.8824,0.8719,0.8792,0.7435,0.7988,0.7693
27,xl_final,xl_final[27],0,0.01,False,0.8914,0.8026,0.0042,0.0202,0.8953,0.8870,0.8920,0.7814,0.8216,0.8048
27,xl_final,xl_final[27],0,0.001,False,0.9041,0.8379,0.0041,0.0158,0.9040,0.9000,0.9082,0.8212,0.8525,0.8400
27,xl_final,xl_final[27],0,0.0001,True,0.9077,0.8622,0.0068,0.0142,0.9008,0.9078,0.9144,0.8488,0.8771,0.8608
27,xl_final,xl_final[27],0,1e-05,False,0.8914,0.8482,0.0098,0.0141,0.8802,0.8988,0.8951,0.8338,0.8620,0.8488
27,xl_final,xl_final[27],0,1e-06,False,0.8581,0.8000,0.0178,0.0223,0.8544,0.8775,0.8425,0.7752,0.8185,0.8062
27,xl_final,xl_final[27],10,1,False,0.8676,0.8153,0.0054,0.0110,0.8625,0.8672,0.8732,0.8026,0.8218,0.8215
27,xl_final,xl_final[27],10,0.01,False,0.8959,0.8445,0.0051,0.0133,0.8913,0.8952,0.9013,0.8361,0.8599,0.8377
27,xl_final,xl_final[27],10,0.001,False,0.9088,0.8675,0.0049,0.0156,0.9050,0.9071,0.9144,0.8564,0.8854,0.8608
27,xl_final,xl_final[27],10,0.0001,True,0.9095,0.8757,0.0047,0.0179,0.9044,0.9105,0.9137,0.8633,0.8962,0.8675
27,xl_final,xl_final[27],10,1e-05,False,0.8912,0.8568,0.0079,0.0166,0.8835,0.8992,0.8909,0.8449,0.8757,0.8498
27,xl_final,xl_final[27],10,1e-06,False,0.8557,0.8028,0.0226,0.0188,0.8549,0.8787,0.8336,0.7848,0.8223,0.8014
27,xl_final,xl_final[27],25,1,False,0.8457,0.7703,0.0049,0.0217,0.8493,0.8401,0.8476,0.7496,0.7684,0.7928
27,xl_final,xl_final[27],25,0.01,False,0.8656,0.8020,0.0038,0.0290,0.8645,0.8698,0.8625,0.7686,0.8209,0.8166
27,xl_final,xl_final[27],25,0.001,False,0.8793,0.8244,0.0026,0.0300,0.8794,0.8818,0.8767,0.7902,0.8461,0.8368
27,xl_final,xl_final[27],25,0.0001,True,0.8848,0.8413,0.0034,0.0267,0.8826,0.8886,0.8830,0.8112,0.8625,0.8501
27,xl_final,xl_final[27],25,1e-05,False,0.8746,0.8371,0.0073,0.0202,0.8679,0.8823,0.8735,0.8152,0.8550,0.8410
27,xl_final,xl_final[27],25,1e-06,False,0.8468,0.7887,0.0205,0.0181,0.8424,0.8692,0.8289,0.7708,0.8070,0.7885
28,act_rep,act_rep,0,1,False,0.7506,0.6602,0.0384,0.0457,0.7636,0.7074,0.7807,0.6109,0.7010,0.6687
28,act_rep,act_rep,0,0.01,False,0.7879,0.7227,0.0300,0.0299,0.7911,0.7564,0.8162,0.6881,0.7402,0.7397
28,act_rep,act_rep,0,0.001,False,0.8214,0.7853,0.0217,0.0387,0.8191,0.8009,0.8442,0.7456,0.7875,0.8228
28,act_rep,act_rep,0,0.0001,True,0.8591,0.8410,0.0200,0.0332,0.8594,0.8389,0.8789,0.8060,0.8452,0.8719
28,act_rep,act_rep,0,1e-05,False,0.8829,0.8661,0.0181,0.0234,0.8935,0.8620,0.8932,0.8391,0.8799,0.8794
28,act_rep,act_rep,0,1e-06,False,0.8779,0.8601,0.0199,0.0234,0.8948,0.8559,0.8828,0.8353,0.8818,0.8633
28,act_rep,act_rep,10,1,False,0.7353,0.6661,0.0483,0.0475,0.7705,0.6803,0.7552,0.6196,0.7145,0.6642
28,act_rep,act_rep,10,0.01,False,0.7968,0.7321,0.0290,0.0430,0.8189,0.7639,0.8075,0.6848,0.7689,0.7425
28,act_rep,act_rep,10,0.001,False,0.8333,0.7975,0.0216,0.0419,0.8409,0.8089,0.8501,0.7497,0.8153,0.8276
28,act_rep,act_rep,10,0.0001,True,0.8705,0.8527,0.0222,0.0318,0.8756,0.8461,0.8897,0.8188,0.8573,0.8819
28,act_rep,act_rep,10,1e-05,False,0.8925,0.8756,0.0180,0.0228,0.9063,0.8721,0.8990,0.8494,0.8866,0.8908
28,act_rep,act_rep,10,1e-06,False,0.8868,0.8691,0.0202,0.0217,0.9065,0.8661,0.8877,0.8450,0.8869,0.8755
28,act_rep,act_rep,25,1,False,0.7606,0.7145,0.0299,0.0270,0.7599,0.7310,0.7908,0.6854,0.7387,0.7195
28,act_rep,act_rep,25,0.01,False,0.8053,0.7636,0.0276,0.0361,0.8108,0.7754,0.8297,0.7221,0.7875,0.7812
28,act_rep,act_rep,25,0.001,False,0.8444,0.8149,0.0264,0.0332,0.8515,0.8152,0.8667,0.7775,0.8264,0.8409
28,act_rep,act_rep,25,0.0001,True,0.8802,0.8676,0.0220,0.0218,0.8859,0.8559,0.8987,0.8461,0.8669,0.8896
28,act_rep,act_rep,25,1e-05,False,0.8983,0.8833,0.0164,0.0188,0.9113,0.8799,0.9037,0.8621,0.8898,0.8979
28,act_rep,act_rep,25,1e-06,False,0.8914,0.8742,0.0191,0.0190,0.9103,0.8720,0.8918,0.8525,0.8878,0.8823
28,act_mag,act_mag,0,1,False,0.7826,0.6454,0.0245,0.0776,0.8048,0.7562,0.7869,0.5605,0.7127,0.6631
28,act_mag,act_mag,0,0.01,False,0.7970,0.6706,0.0225,0.0800,0.8187,0.7738,0.7985,0.5814,0.7359,0.6945
28,act_mag,act_mag,0,0.001,False,0.8267,0.7263,0.0184,0.0732,0.8474,0.8120,0.8206,0.6434,0.7820,0.7536
28,act_mag,act_mag,0,0.0001,True,0.8561,0.7872,0.0189,0.0461,0.8776,0.8489,0.8420,0.7352,0.8234,0.8029
28,act_mag,act_mag,0,1e-05,False,0.8573,0.7991,0.0201,0.0419,0.8794,0.8523,0.8401,0.7585,0.8421,0.7965
28,act_mag,act_mag,0,1e-06,False,0.8321,0.7769,0.0209,0.0515,0.8553,0.8267,0.8145,0.7307,0.8325,0.7676
28,act_mag,act_mag,10,1,False,0.7904,0.6713,0.0177,0.0694,0.8087,0.7734,0.7893,0.6033,0.7420,0.6685
28,act_mag,act_mag,10,0.01,False,0.8078,0.6949,0.0180,0.0714,0.8261,0.7901,0.8071,0.6203,0.7627,0.7019
28,act_mag,act_mag,10,0.001,False,0.8368,0.7430,0.0172,0.0667,0.8556,0.8221,0.8327,0.6697,0.8000,0.7594
28,act_mag,act_mag,10,0.0001,True,0.8646,0.8002,0.0173,0.0423,0.8844,0.8565,0.8529,0.7534,0.8356,0.8117
28,act_mag,act_mag,10,1e-05,False,0.8658,0.8117,0.0191,0.0396,0.8869,0.8608,0.8497,0.7730,0.8521,0.8101
28,act_mag,act_mag,10,1e-06,False,0.8415,0.7902,0.0212,0.0500,0.8646,0.8367,0.8231,0.7441,0.8434,0.7832
28,act_mag,act_mag,25,1,False,0.7833,0.6890,0.0263,0.0712,0.8033,0.7535,0.7930,0.6107,0.7496,0.7068
28,act_mag,act_mag,25,0.01,False,0.8036,0.7061,0.0242,0.0732,0.8211,0.7761,0.8137,0.6262,0.7701,0.7221
28,act_mag,act_mag,25,0.001,False,0.8345,0.7413,0.0198,0.0681,0.8526,0.8133,0.8377,0.6676,0.8019,0.7543
28,act_mag,act_mag,25,0.0001,True,0.8621,0.7966,0.0164,0.0403,0.8808,0.8507,0.8547,0.7532,0.8328,0.8037
28,act_mag,act_mag,25,1e-05,False,0.8650,0.8148,0.0180,0.0361,0.8853,0.8584,0.8513,0.7793,0.8514,0.8136
28,act_mag,act_mag,25,1e-06,False,0.8427,0.7959,0.0211,0.0444,0.8662,0.8363,0.8255,0.7535,0.8421,0.7922
28,emb_temp,emb_temp[28],0,1,False,0.7185,0.6872,0.0252,0.0216,0.7473,0.7080,0.7002,0.6774,0.6724,0.7120
28,emb_temp,emb_temp[28],0,0.01,False,0.7235,0.6933,0.0258,0.0222,0.7530,0.7125,0.7050,0.6818,0.6791,0.7189
28,emb_temp,emb_temp[28],0,0.001,False,0.7464,0.7251,0.0280,0.0255,0.7784,0.7338,0.7270,0.7034,0.7189,0.7532
28,emb_temp,emb_temp[28],0,0.0001,True,0.7816,0.7776,0.0292,0.0345,0.8150,0.7684,0.7614,0.7387,0.7897,0.8045
28,emb_temp,emb_temp[28],0,1e-05,False,0.7881,0.7829,0.0291,0.0360,0.8211,0.7771,0.7661,0.7414,0.8027,0.8048
28,emb_temp,emb_temp[28],0,1e-06,False,0.7741,0.7691,0.0304,0.0385,0.8089,0.7608,0.7526,0.7247,0.7921,0.7905
28,emb_temp,emb_temp[28],10,1,False,0.7507,0.6702,0.0414,0.0285,0.7940,0.7466,0.7116,0.6413,0.6710,0.6982
28,emb_temp,emb_temp[28],10,0.01,False,0.7632,0.6859,0.0402,0.0315,0.8064,0.7562,0.7270,0.6542,0.6864,0.7172
28,emb_temp,emb_temp[28],10,0.001,False,0.8012,0.7378,0.0357,0.0364,0.8417,0.7874,0.7744,0.6992,0.7425,0.7716
28,emb_temp,emb_temp[28],10,0.0001,True,0.8451,0.8085,0.0281,0.0366,0.8775,0.8302,0.8274,0.7667,0.8239,0.8349
28,emb_temp,emb_temp[28],10,1e-05,False,0.8515,0.8257,0.0242,0.0375,0.8792,0.8412,0.8342,0.7825,0.8491,0.8454
28,emb_temp,emb_temp[28],10,1e-06,False,0.8329,0.8136,0.0236,0.0409,0.8600,0.8218,0.8170,0.7664,0.8399,0.8344
28,emb_temp,emb_temp[28],25,1,False,0.7683,0.6388,0.0449,0.0872,0.8158,0.7622,0.7268,0.5444,0.6556,0.7164
28,emb_temp,emb_temp[28],25,0.01,False,0.7996,0.6696,0.0379,0.0977,0.8410,0.7915,0.7664,0.5613,0.6966,0.7509
28,emb_temp,emb_temp[28],25,0.001,False,0.8370,0.7243,0.0323,0.0878,0.8735,0.8258,0.8119,0.6247,0.7575,0.7907
28,emb_temp,emb_temp[28],25,0.0001,True,0.8703,0.8002,0.0239,0.0567,0.8978,0.8589,0.8543,0.7352,0.8261,0.8394
28,emb_temp,emb_temp[28],25,1e-05,False,0.8732,0.8330,0.0190,0.0370,0.8949,0.8598,0.8648,0.7903,0.8557,0.8528
28,emb_temp,emb_temp[28],25,1e-06,False,0.8470,0.8232,0.0165,0.0301,0.8656,0.8340,0.8413,0.7884,0.8419,0.8391
28,xl_final,xl_final[28],0,1,False,0.8616,0.7899,0.0022,0.0351,0.8593,0.8637,0.8619,0.7851,0.7576,0.8272
28,xl_final,xl_final[28],0,0.01,False,0.8784,0.8134,0.0055,0.0241,0.8721,0.8806,0.8825,0.7921,0.8085,0.8396
28,xl_final,xl_final[28],0,0.001,False,0.8942,0.8413,0.0091,0.0229,0.8842,0.8963,0.9021,0.8148,0.8540,0.8550
28,xl_final,xl_final[28],0,0.0001,True,0.9001,0.8600,0.0109,0.0190,0.8881,0.9029,0.9093,0.8389,0.8754,0.8659
28,xl_final,xl_final[28],0,1e-05,False,0.8851,0.8516,0.0123,0.0157,0.8711,0.8937,0.8907,0.8351,0.8663,0.8534
28,xl_final,xl_final[28],0,1e-06,False,0.8573,0.8104,0.0190,0.0207,0.8488,0.8791,0.8441,0.7884,0.8296,0.8131
28,xl_final,xl_final[28],10,1,False,0.8586,0.7830,0.0076,0.0215,0.8524,0.8564,0.8670,0.7806,0.7629,0.8056
28,xl_final,xl_final[28],10,0.01,False,0.8847,0.8186,0.0094,0.0180,0.8769,0.8820,0.8951,0.8002,0.8197,0.8361
28,xl_final,xl_final[28],10,0.001,False,0.8998,0.8465,0.0103,0.0221,0.8899,0.8990,0.9105,0.8209,0.8589,0.8596
28,xl_final,xl_final[28],10,0.0001,True,0.9025,0.8619,0.0106,0.0193,0.8914,0.9036,0.9124,0.8396,0.8733,0.8729
28,xl_final,xl_final[28],10,1e-05,False,0.8860,0.8484,0.0101,0.0097,0.8743,0.8927,0.8908,0.8378,0.8506,0.8569
28,xl_final,xl_final[28],10,1e-06,False,0.8568,0.7980,0.0167,0.0106,0.8519,0.8754,0.8430,0.7914,0.7923,0.8103
28,xl_final,xl_final[28],25,1,False,0.8423,0.7629,0.0131,0.0211,0.8552,0.8291,0.8426,0.7397,0.7679,0.7811
28,xl_final,xl_final[28],25,0.01,False,0.8625,0.7880,0.0076,0.0315,0.8674,0.8538,0.8664,0.7520,0.8012,0.8107
28,xl_final,xl_final[28],25,0.001,False,0.8786,0.8147,0.0065,0.0327,0.8797,0.8717,0.8845,0.7776,0.8272,0.8393
28,xl_final,xl_final[28],25,0.0001,True,0.8866,0.8384,0.0060,0.0286,0.8830,0.8833,0.8935,0.8060,0.8494,0.8599
28,xl_final,xl_final[28],25,1e-05,False,0.8760,0.8337,0.0055,0.0186,0.8699,0.8806,0.8775,0.8124,0.8423,0.8465
28,xl_final,xl_final[28],25,1e-06,False,0.8465,0.7806,0.0231,0.0100,0.8478,0.8689,0.8228,0.7691,0.7858,0.7870
29,act_rep,act_rep,0,1,False,0.7615,0.6338,0.0254,0.0178,0.7854,0.7348,0.7643,0.6165,0.6329,0.6520
29,act_rep,act_rep,0,0.01,False,0.7935,0.7126,0.0218,0.0308,0.8048,0.7683,0.8073,0.6805,0.7153,0.7419
29,act_rep,act_rep,0,0.001,False,0.8309,0.7726,0.0199,0.0389,0.8339,0.8097,0.8491,0.7316,0.7774,0.8089
29,act_rep,act_rep,0,0.0001,True,0.8672,0.8351,0.0191,0.0357,0.8701,0.8467,0.8847,0.7945,0.8488,0.8619
29,act_rep,act_rep,0,1e-05,False,0.8859,0.8654,0.0175,0.0242,0.8970,0.8657,0.8950,0.8375,0.8814,0.8772
29,act_rep,act_rep,0,1e-06,False,0.8782,0.8596,0.0199,0.0235,0.8953,0.8563,0.8830,0.8348,0.8815,0.8625
29,act_rep,act_rep,10,1,False,0.7452,0.6696,0.0508,0.0500,0.7903,0.6901,0.7552,0.6276,0.7250,0.6564
29,act_rep,act_rep,10,0.01,False,0.8038,0.7285,0.0305,0.0371,0.8279,0.7695,0.8140,0.6886,0.7618,0.7352
29,act_rep,act_rep,10,0.001,False,0.8454,0.7884,0.0245,0.0397,0.8571,0.8173,0.8619,0.7426,0.8093,0.8135
29,act_rep,act_rep,10,0.0001,True,0.8787,0.8475,0.0219,0.0351,0.8869,0.8539,0.8954,0.8076,0.8612,0.8737
29,act_rep,act_rep,10,1e-05,False,0.8953,0.8747,0.0179,0.0236,0.9099,0.8753,0.9007,0.8475,0.8876,0.8892
29,act_rep,act_rep,10,1e-06,False,0.8874,0.8687,0.0203,0.0218,0.9072,0.8667,0.8882,0.8444,0.8868,0.8750
29,act_rep,act_rep,25,1,False,0.7652,0.7188,0.0307,0.0348,0.7587,0.7383,0.7986,0.6892,0.7571,0.7101
29,act_rep,act_rep,25,0.01,False,0.8108,0.7658,0.0315,0.0457,0.8147,0.7775,0.8402,0.7130,0.7931,0.7911
29,act_rep,act_rep,25,0.001,False,0.8523,0.8071,0.0301,0.0413,0.8615,0.8187,0.8767,0.7603,0.8225,0.8385
29,act_rep,act_rep,25,0.0001,True,0.8861,0.8620,0.0225,0.0245,0.8959,0.8603,0.9020,0.8353,0.8676,0.8832
29,act_rep,act_rep,25,1e-05,False,0.9005,0.8820,0.0169,0.0197,0.9146,0.8819,0.9051,0.8596,0.8899,0.8965
29,act_rep,act_rep,25,1e-06,False,0.8921,0.8739,0.0191,0.0193,0.9109,0.8727,0.8927,0.8519,0.8878,0.8821
29,act_mag,act_mag,0,1,False,0.7909,0.6539,0.0223,0.0633,0.8167,0.7773,0.7787,0.5830,0.7048,0.6739
29,act_mag,act_mag,0,0.01,False,0.8036,0.6769,0.0216,0.0676,0.8285,0.7898,0.7924,0.6010,0.7306,0.6991
29,act_mag,act_mag,0,0.001,False,0.8308,0.7288,0.0198,0.0654,0.8534,0.8223,0.8167,0.6548,0.7789,0.7525
29,act_mag,act_mag,0,0.0001,True,0.8579,0.7879,0.0196,0.0440,0.8788,0.8549,0.8400,0.7382,0.8220,0.8036
29,act_mag,act_mag,0,1e-05,False,0.8588,0.8020,0.0195,0.0403,0.8792,0.8568,0.8404,0.7618,0.8423,0.8018
29,act_mag,act_mag,0,1e-06,False,0.8333,0.7791,0.0200,0.0498,0.8551,0.8292,0.8157,0.7336,0.8323,0.7712
29,act_mag,act_mag,10,1,False,0.7924,0.6744,0.0178,0.0674,0.8128,0.7796,0.7848,0.6052,0.7398,0.6781
29,act_mag,act_mag,10,0.01,False,0.8094,0.6976,0.0176,0.0674,0.8293,0.7957,0.8033,0.6267,0.7609,0.7052
29,act_mag,act_mag,10,0.001,False,0.8396,0.7468,0.0160,0.0594,0.8581,0.8309,0.8299,0.6820,0.7986,0.7597
29,act_mag,act_mag,10,0.0001,True,0.8665,0.8032,0.0169,0.0386,0.8846,0.8635,0.8512,0.7600,0.8343,0.8154
29,act_mag,act_mag,10,1e-05,False,0.8674,0.8154,0.0186,0.0378,0.8869,0.8655,0.8499,0.7772,0.8527,0.8163
29,act_mag,act_mag,10,1e-06,False,0.8427,0.7926,0.0207,0.0488,0.8649,0.8392,0.8240,0.7471,0.8441,0.7867
29,act_mag,act_mag,25,1,False,0.7979,0.6972,0.0199,0.0611,0.8170,0.7773,0.7992,0.6355,0.7577,0.6983
29,act_mag,act_mag,25,0.01,False,0.8144,0.7143,0.0215,0.0626,0.8344,0.7917,0.8171,0.6501,0.7752,0.7175
29,act_mag,act_mag,25,0.001,False,0.8408,0.7503,0.0188,0.0570,0.8602,0.8226,0.8397,0.6905,0.8040,0.7563
29,act_mag,act_mag,25,0.0001,True,0.8656,0.8023,0.0152,0.0366,0.8832,0.8578,0.8559,0.7622,0.8340,0.8108
29,act_mag,act_mag,25,1e-05,False,0.8678,0.8192,0.0169,0.0351,0.8862,0.8642,0.8529,0.7837,0.8539,0.8200
29,act_mag,act_mag,25,1e-06,False,0.8445,0.7986,0.0202,0.0440,0.8668,0.8392,0.8276,0.7562,0.8441,0.7955
29,emb_temp,emb_temp[29],0,1,False,0.7285,0.6890,0.0290,0.0314,0.7606,0.7210,0.7039,0.6567,0.6908,0.7195
29,emb_temp,emb_temp[29],0,0.01,False,0.7335,0.6970,0.0297,0.0320,0.7663,0.7255,0.7086,0.6637,0.6998,0.7275
29,emb_temp,emb_temp[29],0,0.001,False,0.7559,0.7346,0.0318,0.0349,0.7913,0.7467,0.7298,0.6960,0.7440,0.7639
29,emb_temp,emb_temp[29],0,0.0001,True,0.7891,0.7853,0.0305,0.0398,0.8236,0.7778,0.7659,0.7402,0.8005,0.8153
29,emb_temp,emb_temp[29],0,1e-05,False,0.7953,0.7887,0.0289,0.0381,0.8279,0.7852,0.7729,0.7449,0.8071,0.8141
29,emb_temp,emb_temp[29],0,1e-06,False,0.7817,0.7751,0.0299,0.0391,0.8160,0.7688,0.7605,0.7299,0.7967,0.7986
29,emb_temp,emb_temp[29],10,1,False,0.7629,0.6906,0.0418,0.0386,0.8096,0.7505,0.7287,0.6494,0.6964,0.7260
29,emb_temp,emb_temp[29],10,0.01,False,0.7745,0.7039,0.0408,0.0412,0.8203,0.7611,0.7422,0.6598,0.7103,0.7415
29,emb_temp,emb_temp[29],10,0.001,False,0.8097,0.7503,0.0363,0.0475,0.8513,0.7940,0.7839,0.6987,0.7600,0.7923
29,emb_temp,emb_temp[29],10,0.0001,True,0.8497,0.8141,0.0281,0.0448,0.8820,0.8359,0.8312,0.7632,0.8320,0.8473
29,emb_temp,emb_temp[29],10,1e-05,False,0.8548,0.8285,0.0237,0.0406,0.8815,0.8467,0.8363,0.7816,0.8522,0.8516
29,emb_temp,emb_temp[29],10,1e-06,False,0.8358,0.8161,0.0232,0.0421,0.8622,0.8268,0.8185,0.7676,0.8416,0.8392
29,emb_temp,emb_temp[29],25,1,False,0.7946,0.6768,0.0332,0.0966,0.8271,0.7960,0.7607,0.5674,0.7129,0.7501
29,emb_temp,emb_temp[29],25,0.01,False,0.8184,0.7022,0.0300,0.1007,0.8496,0.8159,0.7898,0.5866,0.7489,0.7711
29,emb_temp,emb_temp[29],25,0.001,False,0.8497,0.7472,0.0247,0.0933,0.8769,0.8433,0.8288,0.6397,0.7956,0.8065
29,emb_temp,emb_temp[29],25,0.0001,True,0.8780,0.8098,0.0189,0.0626,0.8996,0.8704,0.8641,0.7376,0.8432,0.8487
29,emb_temp,emb_temp[29],25,1e-05,False,0.8771,0.8369,0.0174,0.0383,0.8972,0.8679,0.8662,0.7927,0.8581,0.8598
29,emb_temp,emb_temp[29],25,1e-06,False,0.8496,0.8257,0.0158,0.0303,0.8678,0.8394,0.8416,0.7910,0.8395,0.8467
29,xl_final,xl_final[29],0,1,False,0.8464,0.7546,0.0064,0.0278,0.8454,0.8533,0.8406,0.7227,0.7737,0.7673
29,xl_final,xl_final[29],0,0.01,False,0.8608,0.7739,0.0067,0.0350,0.8564,0.8685,0.8575,0.7349,0.8025,0.7842
29,xl_final,xl_final[29],0,0.001,False,0.8803,0.8031,0.0075,0.0399,0.8720,0.8825,0.8864,0.7581,0.8338,0.8175
29,xl_final,xl_final[29],0,0.0001,True,0.8885,0.8311,0.0136,0.0398,0.8748,0.8889,0.9019,0.7864,0.8627,0.8441
29,xl_final,xl_final[29],0,1e-05,False,0.8720,0.8262,0.0139,0.0292,0.8560,0.8809,0.8790,0.7978,0.8562,0.8245
29,xl_final,xl_final[29],0,1e-06,False,0.8404,0.7871,0.0195,0.0310,0.8351,0.8620,0.8240,0.7666,0.8227,0.7721
29,xl_final,xl_final[29],10,1,False,0.8433,0.7462,0.0071,0.0307,0.8373,0.8414,0.8512,0.7327,0.7814,0.7246
29,xl_final,xl_final[29],10,0.01,False,0.8656,0.7782,0.0104,0.0404,0.8539,0.8694,0.8736,0.7492,0.8243,0.7611
29,xl_final,xl_final[29],10,0.001,False,0.8846,0.8143,0.0100,0.0433,0.8743,0.8854,0.8942,0.7728,0.8592,0.8109
29,xl_final,xl_final[29],10,0.0001,True,0.8931,0.8412,0.0113,0.0365,0.8825,0.8918,0.9049,0.8041,0.8769,0.8426
29,xl_final,xl_final[29],10,1e-05,False,0.8778,0.8368,0.0099,0.0227,0.8664,0.8842,0.8827,0.8201,0.8627,0.8276
29,xl_final,xl_final[29],10,1e-06,False,0.8459,0.7961,0.0198,0.0214,0.8457,0.8657,0.8262,0.7920,0.8193,0.7770
29,xl_final,xl_final[29],25,1,False,0.8219,0.7067,0.0227,0.0286,0.7982,0.8436,0.8240,0.6927,0.7397,0.6878
29,xl_final,xl_final[29],25,0.01,False,0.8391,0.7399,0.0214,0.0298,0.8147,0.8547,0.8477,0.7139,0.7724,0.7336
29,xl_final,xl_final[29],25,0.001,False,0.8582,0.7746,0.0130,0.0293,0.8434,0.8640,0.8673,0.7449,0.8036,0.7753
29,xl_final,xl_final[29],25,0.0001,True,0.8710,0.8094,0.0092,0.0266,0.8622,0.8703,0.8805,0.7841,0.8371,0.8071
29,xl_final,xl_final[29],25,1e-05,False,0.8640,0.8163,0.0078,0.0250,0.8549,0.8689,0.8681,0.8066,0.8447,0.7976
29,xl_final,xl_final[29],25,1e-06,False,0.8356,0.7768,0.0201,0.0288,0.8383,0.8542,0.8142,0.7802,0.8038,0.7465
30,act_rep,act_rep,0,1,False,0.7348,0.6378,0.0299,0.0309,0.7566,0.7007,0.7469,0.6092,0.6706,0.6335
30,act_rep,act_rep,0,0.01,False,0.7787,0.7033,0.0223,0.0436,0.7794,0.7560,0.8007,0.6553,0.7144,0.7403
30,act_rep,act_rep,0,0.001,False,0.8227,0.7572,0.0241,0.0541,0.8174,0.8017,0.8490,0.6975,0.7711,0.8030
30,act_rep,act_rep,0,0.0001,True,0.8636,0.8255,0.0181,0.0414,0.8607,0.8472,0.8830,0.7788,0.8404,0.8574
30,act_rep,act_rep,0,1e-05,False,0.8844,0.8608,0.0147,0.0253,0.8930,0.8675,0.8928,0.8316,0.8763,0.8745
30,act_rep,act_rep,0,1e-06,False,0.8761,0.8554,0.0186,0.0238,0.8913,0.8554,0.8815,0.8299,0.8769,0.8594
30,act_rep,act_rep,10,1,False,0.7281,0.6502,0.0373,0.0866,0.7389,0.6867,0.7588,0.5597,0.7324,0.6585
30,act_rep,act_rep,10,0.01,False,0.7924,0.7164,0.0243,0.0618,0.8009,0.7650,0.8114,0.6451,0.7530,0.7511
30,act_rep,act_rep,10,0.001,False,0.8381,0.7727,0.0235,0.0568,0.8390,0.8142,0.8612,0.7075,0.7989,0.8118
30,act_rep,act_rep,10,0.0001,True,0.8758,0.8381,0.0182,0.0410,0.8767,0.8573,0.8936,0.7917,0.8537,0.8691
30,act_rep,act_rep,10,1e-05,False,0.8942,0.8708,0.0145,0.0250,0.9059,0.8780,0.8988,0.8419,0.8839,0.8865
30,act_rep,act_rep,10,1e-06,False,0.8855,0.8650,0.0187,0.0223,0.9035,0.8661,0.8869,0.8400,0.8828,0.8722
30,act_rep,act_rep,25,1,False,0.7527,0.7059,0.0353,0.0526,0.7446,0.7221,0.7913,0.6568,0.7614,0.6994
30,act_rep,act_rep,25,0.01,False,0.8046,0.7502,0.0360,0.0516,0.7968,0.7732,0.8438,0.6911,0.7861,0.7733
30,act_rep,act_rep,25,0.001,False,0.8466,0.7931,0.0291,0.0509,0.8450,0.8183,0.8764,0.7345,0.8192,0.8257
30,act_rep,act_rep,25,0.0001,True,0.8826,0.8526,0.0183,0.0313,0.8849,0.8632,0.8995,0.8176,0.8622,0.8780
30,act_rep,act_rep,25,1e-05,False,0.8993,0.8780,0.0135,0.0217,0.9105,0.8842,0.9031,0.8533,0.8865,0.8941
30,act_rep,act_rep,25,1e-06,False,0.8902,0.8701,0.0175,0.0198,0.9073,0.8723,0.8911,0.8473,0.8836,0.8794
30,act_mag,act_mag,0,1,False,0.7886,0.6686,0.0231,0.0669,0.8146,0.7705,0.7807,0.5947,0.7250,0.6862
30,act_mag,act_mag,0,0.01,False,0.8016,0.6848,0.0195,0.0689,0.8238,0.7873,0.7938,0.6078,0.7409,0.7056
30,act_mag,act_mag,0,0.001,False,0.8292,0.7268,0.0147,0.0638,0.8453,0.8255,0.8167,0.6549,0.7764,0.7492
30,act_mag,act_mag,0,0.0001,True,0.8566,0.7863,0.0156,0.0414,0.8706,0.8594,0.8398,0.7392,0.8167,0.8030
30,act_mag,act_mag,0,1e-05,False,0.8602,0.8072,0.0164,0.0328,0.8760,0.8614,0.8432,0.7723,0.8376,0.8116
30,act_mag,act_mag,0,1e-06,False,0.8360,0.7855,0.0166,0.0422,0.8537,0.8334,0.8209,0.7448,0.8292,0.7826
30,act_mag,act_mag,10,1,False,0.7964,0.6885,0.0127,0.0612,0.8110,0.7877,0.7905,0.6249,0.7469,0.6938
30,act_mag,act_mag,10,0.01,False,0.8111,0.7045,0.0109,0.0618,0.8235,0.8035,0.8062,0.6396,0.7627,0.7112
30,act_mag,act_mag,10,0.001,False,0.8392,0.7460,0.0102,0.0548,0.8501,0.8375,0.8300,0.6860,0.7935,0.7584
30,act_mag,act_mag,10,0.0001,True,0.8661,0.8026,0.0133,0.0363,0.8781,0.8683,0.8518,0.7613,0.8292,0.8174
30,act_mag,act_mag,10,1e-05,False,0.8693,0.8211,0.0160,0.0310,0.8847,0.8705,0.8528,0.7877,0.8491,0.8266
30,act_mag,act_mag,10,1e-06,False,0.8458,0.7997,0.0178,0.0417,0.8645,0.8437,0.8291,0.7587,0.8420,0.7983
30,act_mag,act_mag,25,1,False,0.7960,0.6817,0.0216,0.0697,0.8135,0.7718,0.8026,0.6046,0.7403,0.7003
30,act_mag,act_mag,25,0.01,False,0.8107,0.7030,0.0191,0.0677,0.8257,0.7891,0.8173,0.6268,0.7562,0.7259
30,act_mag,act_mag,25,0.001,False,0.8375,0.7449,0.0128,0.0566,0.8496,0.8241,0.8387,0.6809,0.7885,0.7652
30,act_mag,act_mag,25,0.0001,True,0.8648,0.8010,0.0106,0.0347,0.8767,0.8613,0.8564,0.7616,0.8273,0.8140
30,act_mag,act_mag,25,1e-05,False,0.8699,0.8233,0.0147,0.0294,0.8849,0.8692,0.8556,0.7918,0.8501,0.8278
30,act_mag,act_mag,25,1e-06,False,0.8476,0.8040,0.0176,0.0386,0.8667,0.8439,0.8321,0.7652,0.8424,0.8045
30,emb_temp,emb_temp[30],0,1,False,0.7349,0.7032,0.0257,0.0350,0.7625,0.7304,0.7118,0.6640,0.7145,0.7311
30,emb_temp,emb_temp[30],0,0.01,False,0.7397,0.7112,0.0266,0.0361,0.7684,0.7346,0.7160,0.6704,0.7239,0.7392
30,emb_temp,emb_temp[30],0,0.001,False,0.7613,0.7477,0.0304,0.0395,0.7947,0.7536,0.7355,0.7024,0.7662,0.7744
30,emb_temp,emb_temp[30],0,0.0001,True,0.7942,0.7925,0.0310,0.0402,0.8292,0.7834,0.7701,0.7463,0.8111,0.8200
30,emb_temp,emb_temp[30],0,1e-05,False,0.8011,0.7938,0.0284,0.0373,0.8330,0.7919,0.7784,0.7509,0.8129,0.8176
30,emb_temp,emb_temp[30],0,1e-06,False,0.7861,0.7782,0.0296,0.0379,0.8198,0.7739,0.7646,0.7344,0.7996,0.8006
30,emb_temp,emb_temp[30],10,1,False,0.7791,0.6973,0.0296,0.0437,0.8133,0.7612,0.7628,0.6591,0.6881,0.7449
30,emb_temp,emb_temp[30],10,0.01,False,0.7893,0.7104,0.0302,0.0447,0.8241,0.7708,0.7729,0.6694,0.7038,0.7580
30,emb_temp,emb_temp[30],10,0.001,False,0.8209,0.7573,0.0303,0.0484,0.8558,0.8015,0.8054,0.7066,0.7623,0.8030
30,emb_temp,emb_temp[30],10,0.0001,True,0.8571,0.8199,0.0258,0.0486,0.8869,0.8420,0.8425,0.7645,0.8399,0.8552
30,emb_temp,emb_temp[30],10,1e-05,False,0.8609,0.8343,0.0228,0.0437,0.8868,0.8518,0.8440,0.7838,0.8584,0.8605
30,emb_temp,emb_temp[30],10,1e-06,False,0.8408,0.8217,0.0236,0.0437,0.8677,0.8310,0.8236,0.7712,0.8475,0.8464
30,emb_temp,emb_temp[30],25,1,False,0.7986,0.7092,0.0291,0.0515,0.8266,0.8009,0.7685,0.6525,0.7219,0.7531
30,emb_temp,emb_temp[30],25,0.01,False,0.8214,0.7299,0.0250,0.0533,0.8473,0.8195,0.7973,0.6695,0.7500,0.7702
30,emb_temp,emb_temp[30],25,0.001,False,0.8550,0.7710,0.0217,0.0532,0.8789,0.8494,0.8365,0.7099,0.7951,0.8079
30,emb_temp,emb_temp[30],25,0.0001,True,0.8817,0.8231,0.0195,0.0455,0.9041,0.8728,0.8683,0.7712,0.8423,0.8559
30,emb_temp,emb_temp[30],25,1e-05,False,0.8787,0.8423,0.0176,0.0321,0.8991,0.8689,0.8681,0.8055,0.8574,0.8642
30,emb_temp,emb_temp[30],25,1e-06,False,0.8500,0.8302,0.0158,0.0250,0.8683,0.8404,0.8413,0.8016,0.8416,0.8475
30,xl_final,xl_final[30],0,1,False,0.8196,0.7281,0.0054,0.0579,0.8152,0.8180,0.8257,0.6791,0.7919,0.7133
30,xl_final,xl_final[30],0,0.01,False,0.8318,0.7390,0.0065,0.0608,0.8268,0.8294,0.8392,0.6913,0.8075,0.7183
30,xl_final,xl_final[30],0,0.001,False,0.8540,0.7695,0.0094,0.0544,0.8480,0.8491,0.8649,0.7278,0.8311,0.7497
30,xl_final,xl_final[30],0,0.0001,True,0.8677,0.8021,0.0149,0.0380,0.8612,0.8572,0.8848,0.7718,0.8447,0.7898
30,xl_final,xl_final[30],0,1e-05,False,0.8462,0.7972,0.0131,0.0252,0.8404,0.8369,0.8612,0.7816,0.8263,0.7839
30,xl_final,xl_final[30],0,1e-06,False,0.8044,0.7686,0.0066,0.0310,0.8049,0.8107,0.7977,0.7611,0.8027,0.7421
30,xl_final,xl_final[30],10,1,False,0.8200,0.7224,0.0011,0.0560,0.8188,0.8207,0.8205,0.6823,0.7864,0.6985
30,xl_final,xl_final[30],10,0.01,False,0.8387,0.7476,0.0038,0.0589,0.8348,0.8390,0.8423,0.7070,0.8152,0.7206
30,xl_final,xl_final[30],10,0.001,False,0.8640,0.7831,0.0069,0.0504,0.8581,0.8623,0.8715,0.7492,0.8411,0.7590
30,xl_final,xl_final[30],10,0.0001,True,0.8782,0.8173,0.0133,0.0318,0.8704,0.8706,0.8936,0.7939,0.8535,0.8045
30,xl_final,xl_final[30],10,1e-05,False,0.8590,0.8168,0.0110,0.0206,0.8540,0.8516,0.8716,0.8071,0.8405,0.8028
30,xl_final,xl_final[30],10,1e-06,False,0.8146,0.7803,0.0081,0.0266,0.8169,0.8213,0.8055,0.7800,0.8070,0.7538
30,xl_final,xl_final[30],25,1,False,0.7881,0.7119,0.0054,0.0409,0.7872,0.7939,0.7833,0.7033,0.7564,0.6760
30,xl_final,xl_final[30],25,0.01,False,0.8093,0.7328,0.0061,0.0412,0.8023,0.8130,0.8125,0.7241,0.7777,0.6967
30,xl_final,xl_final[30],25,0.001,False,0.8391,0.7582,0.0086,0.0338,0.8312,0.8378,0.8482,0.7513,0.7948,0.7283
30,xl_final,xl_final[30],25,0.0001,True,0.8612,0.7858,0.0110,0.0213,0.8569,0.8530,0.8737,0.7817,0.8089,0.7668
30,xl_final,xl_final[30],25,1e-05,False,0.8475,0.7907,0.0063,0.0243,0.8509,0.8402,0.8512,0.7950,0.8126,0.7645
30,xl_final,xl_final[30],25,1e-06,False,0.8046,0.7571,0.0180,0.0348,0.8154,0.8146,0.7839,0.7612,0.7895,0.7204
31,act_rep,act_rep,0,1,False,0.7317,0.6438,0.0217,0.0883,0.7539,0.7105,0.7308,0.5445,0.7134,0.6734
31,act_rep,act_rep,0,0.01,False,0.7626,0.7091,0.0107,0.0737,0.7686,0.7502,0.7688,0.6241,0.7548,0.7483
31,act_rep,act_rep,0,0.001,False,0.8144,0.7725,0.0101,0.0567,0.8130,0.8050,0.8250,0.7074,0.7980,0.8119
31,act_rep,act_rep,0,0.0001,True,0.8639,0.8314,0.0116,0.0379,0.8614,0.8537,0.8765,0.7877,0.8510,0.8555
31,act_rep,act_rep,0,1e-05,False,0.8850,0.8626,0.0141,0.0236,0.8932,0.8688,0.8931,0.8357,0.8794,0.8728
31,act_rep,act_rep,0,1e-06,False,0.8750,0.8567,0.0198,0.0211,0.8896,0.8524,0.8829,0.8341,0.8758,0.8603
31,act_rep,act_rep,10,1,False,0.7272,0.6727,0.0262,0.0723,0.7394,0.6971,0.7451,0.5962,0.7399,0.6818
31,act_rep,act_rep,10,0.01,False,0.7864,0.7366,0.0164,0.0673,0.7968,0.7675,0.7949,0.6604,0.7878,0.7617
31,act_rep,act_rep,10,0.001,False,0.8360,0.7894,0.0127,0.0552,0.8378,0.8226,0.8477,0.7257,0.8229,0.8196
31,act_rep,act_rep,10,0.0001,True,0.8771,0.8456,0.0125,0.0351,0.8780,0.8643,0.8892,0.8052,0.8629,0.8687
31,act_rep,act_rep,10,1e-05,False,0.8947,0.8731,0.0137,0.0221,0.9057,0.8793,0.8990,0.8476,0.8859,0.8857
31,act_rep,act_rep,10,1e-06,False,0.8844,0.8666,0.0196,0.0192,0.9017,0.8632,0.8884,0.8449,0.8814,0.8736
31,act_rep,act_rep,25,1,False,0.7513,0.7119,0.0330,0.0530,0.7249,0.7407,0.7883,0.6712,0.7719,0.6926
31,act_rep,act_rep,25,0.01,False,0.7934,0.7570,0.0217,0.0505,0.7792,0.7828,0.8184,0.6995,0.7938,0.7778
31,act_rep,act_rep,25,0.001,False,0.8414,0.8014,0.0168,0.0508,0.8381,0.8265,0.8595,0.7427,0.8283,0.8330
31,act_rep,act_rep,25,0.0001,True,0.8825,0.8581,0.0132,0.0278,0.8839,0.8686,0.8949,0.8268,0.8676,0.8799
31,act_rep,act_rep,25,1e-05,False,0.8992,0.8796,0.0131,0.0200,0.9099,0.8846,0.9030,0.8567,0.8882,0.8938
31,act_rep,act_rep,25,1e-06,False,0.8889,0.8713,0.0185,0.0176,0.9054,0.8690,0.8923,0.8510,0.8825,0.8804
31,act_mag,act_mag,0,1,False,0.7903,0.6852,0.0136,0.0533,0.8049,0.7780,0.7880,0.6251,0.7267,0.7037
31,act_mag,act_mag,0,0.01,False,0.8024,0.6989,0.0123,0.0517,0.8162,0.7927,0.7984,0.6415,0.7418,0.7134
31,act_mag,act_mag,0,0.001,False,0.8294,0.7386,0.0116,0.0452,0.8421,0.8271,0.8192,0.6893,0.7782,0.7482
31,act_mag,act_mag,0,0.0001,True,0.8576,0.7939,0.0147,0.0295,0.8708,0.8601,0.8418,0.7614,0.8191,0.8012
31,act_mag,act_mag,0,1e-05,False,0.8607,0.8099,0.0154,0.0293,0.8757,0.8616,0.8449,0.7804,0.8390,0.8103
31,act_mag,act_mag,0,1e-06,False,0.8355,0.7872,0.0145,0.0396,0.8517,0.8311,0.8237,0.7510,0.8295,0.7811
31,act_mag,act_mag,10,1,False,0.8000,0.7026,0.0035,0.0408,0.8016,0.8024,0.7959,0.6607,0.7421,0.7051
31,act_mag,act_mag,10,0.01,False,0.8143,0.7195,0.0037,0.0415,0.8178,0.8147,0.8104,0.6774,0.7603,0.7209
31,act_mag,act_mag,10,0.001,False,0.8420,0.7594,0.0072,0.0373,0.8480,0.8438,0.8340,0.7203,0.7946,0.7633
31,act_mag,act_mag,10,0.0001,True,0.8685,0.8111,0.0121,0.0253,0.8790,0.8713,0.8553,0.7829,0.8319,0.8185
31,act_mag,act_mag,10,1e-05,False,0.8707,0.8251,0.0146,0.0280,0.8848,0.8715,0.8557,0.7961,0.8520,0.8273
31,act_mag,act_mag,10,1e-06,False,0.8463,0.8027,0.0157,0.0394,0.8637,0.8422,0.8331,0.7656,0.8440,0.7984
31,act_mag,act_mag,25,1,False,0.7983,0.6996,0.0129,0.0528,0.8096,0.7842,0.8013,0.6420,0.7455,0.7115
31,act_mag,act_mag,25,0.01,False,0.8129,0.7171,0.0129,0.0516,0.8236,0.7986,0.8165,0.6617,0.7639,0.7256
31,act_mag,act_mag,25,0.001,False,0.8396,0.7560,0.0095,0.0437,0.8493,0.8303,0.8393,0.7102,0.7973,0.7604
31,act_mag,act_mag,25,0.0001,True,0.8670,0.8099,0.0092,0.0262,0.8771,0.8649,0.8590,0.7821,0.8341,0.8134
31,act_mag,act_mag,25,1e-05,False,0.8715,0.8275,0.0129,0.0273,0.8847,0.8708,0.8589,0.8001,0.8547,0.8277
31,act_mag,act_mag,25,1e-06,False,0.8486,0.8068,0.0152,0.0367,0.8657,0.8434,0.8366,0.7720,0.8452,0.8033
31,emb_temp,emb_temp[31],0,1,False,0.7385,0.7144,0.0340,0.0404,0.7759,0.7299,0.7096,0.6678,0.7356,0.7398
31,emb_temp,emb_temp[31],0,0.01,False,0.7440,0.7225,0.0342,0.0406,0.7816,0.7355,0.7149,0.6756,0.7447,0.7473
31,emb_temp,emb_temp[31],0,0.001,False,0.7673,0.7579,0.0347,0.0410,0.8055,0.7587,0.7377,0.7106,0.7823,0.7809
31,emb_temp,emb_temp[31],0,0.0001,True,0.7989,0.7987,0.0299,0.0407,0.8326,0.7887,0.7755,0.7518,0.8195,0.8247
31,emb_temp,emb_temp[31],0,1e-05,False,0.8050,0.7979,0.0268,0.0401,0.8353,0.7948,0.7847,0.7516,0.8201,0.8221
31,emb_temp,emb_temp[31],0,1e-06,False,0.7879,0.7798,0.0284,0.0410,0.8204,0.7752,0.7680,0.7325,0.8039,0.8029
31,emb_temp,emb_temp[31],10,1,False,0.7852,0.7101,0.0295,0.0347,0.8188,0.7735,0.7633,0.6706,0.7238,0.7359
31,emb_temp,emb_temp[31],10,0.01,False,0.7944,0.7224,0.0300,0.0357,0.8285,0.7823,0.7724,0.6822,0.7347,0.7503
31,emb_temp,emb_temp[31],10,0.001,False,0.8240,0.7654,0.0293,0.0412,0.8576,0.8106,0.8038,0.7196,0.7772,0.7994
31,emb_temp,emb_temp[31],10,0.0001,True,0.8601,0.8219,0.0244,0.0459,0.8881,0.8492,0.8431,0.7701,0.8383,0.8573
31,emb_temp,emb_temp[31],10,1e-05,False,0.8634,0.8349,0.0222,0.0435,0.8884,0.8561,0.8457,0.7847,0.8574,0.8627
31,emb_temp,emb_temp[31],10,1e-06,False,0.8415,0.8208,0.0238,0.0437,0.8685,0.8325,0.8235,0.7703,0.8448,0.8473
31,emb_temp,emb_temp[31],25,1,False,0.8000,0.6950,0.0272,0.0516,0.8244,0.8048,0.7707,0.6375,0.7103,0.7372
31,emb_temp,emb_temp[31],25,0.01,False,0.8214,0.7146,0.0241,0.0500,0.8447,0.8230,0.7966,0.6587,0.7302,0.7550
31,emb_temp,emb_temp[31],25,0.001,False,0.8558,0.7618,0.0203,0.0432,0.8778,0.8522,0.8376,0.7130,0.7772,0.7952
31,emb_temp,emb_temp[31],25,0.0001,True,0.8834,0.8195,0.0179,0.0389,0.9037,0.8763,0.8702,0.7756,0.8332,0.8497
31,emb_temp,emb_temp[31],25,1e-05,False,0.8789,0.8392,0.0152,0.0293,0.8963,0.8718,0.8685,0.8057,0.8520,0.8600
31,emb_temp,emb_temp[31],25,1e-06,False,0.8479,0.8258,0.0130,0.0221,0.8630,0.8408,0.8400,0.8011,0.8327,0.8437
31,xl_final,xl_final[30],0,1,False,0.8178,0.7238,0.0068,0.0495,0.8145,0.8132,0.8257,0.6910,0.7808,0.6997
31,xl_final,xl_final[30],0,0.01,False,0.8294,0.7386,0.0075,0.0514,0.8237,0.8265,0.8379,0.7015,0.7972,0.7169
31,xl_final,xl_final[30],0,0.001,False,0.8510,0.7702,0.0105,0.0502,0.8438,0.8461,0.8631,0.7363,0.8279,0.7465
31,xl_final,xl_final[30],0,0.0001,True,0.8660,0.8027,0.0172,0.0395,0.8576,0.8547,0.8858,0.7848,0.8481,0.7754
31,xl_final,xl_final[30],0,1e-05,False,0.8449,0.7962,0.0153,0.0278,0.8372,0.8350,0.8626,0.7927,0.8256,0.7703
31,xl_final,xl_final[30],0,1e-06,False,0.7974,0.7613,0.0063,0.0277,0.7989,0.8028,0.7905,0.7648,0.7870,0.7320
31,xl_final,xl_final[30],10,1,False,0.8168,0.7345,0.0031,0.0405,0.8143,0.8158,0.8203,0.7084,0.7811,0.7139
31,xl_final,xl_final[30],10,0.01,False,0.8351,0.7513,0.0054,0.0474,0.8307,0.8336,0.8412,0.7238,0.8060,0.7241
31,xl_final,xl_final[30],10,0.001,False,0.8623,0.7855,0.0096,0.0469,0.8568,0.8567,0.8733,0.7660,0.8389,0.7515
31,xl_final,xl_final[30],10,0.0001,True,0.8782,0.8209,0.0175,0.0324,0.8685,0.8676,0.8985,0.8146,0.8560,0.7920
31,xl_final,xl_final[30],10,1e-05,False,0.8591,0.8158,0.0148,0.0232,0.8512,0.8499,0.8761,0.8190,0.8371,0.7911
31,xl_final,xl_final[30],10,1e-06,False,0.8067,0.7708,0.0062,0.0244,0.8085,0.8118,0.7998,0.7783,0.7905,0.7435
31,xl_final,xl_final[30],25,1,False,0.7930,0.7128,0.0024,0.0476,0.7945,0.7942,0.7903,0.6985,0.7659,0.6739
31,xl_final,xl_final[30],25,0.01,False,0.8122,0.7323,0.0047,0.0530,0.8076,0.8118,0.8171,0.7187,0.7909,0.6875
31,xl_final,xl_final[30],25,0.001,False,0.8409,0.7625,0.0104,0.0495,0.8342,0.8357,0.8529,0.7548,0.8153,0.7173
31,xl_final,xl_final[30],25,0.0001,True,0.8639,0.7919,0.0151,0.0349,0.8576,0.8529,0.8811,0.7962,0.8244,0.7551
31,xl_final,xl_final[30],25,1e-05,False,0.8481,0.7914,0.0077,0.0331,0.8494,0.8398,0.8551,0.8034,0.8169,0.7539
31,xl_final,xl_final[30],25,1e-06,False,0.7955,0.7481,0.0152,0.0340,0.8049,0.8036,0.7780,0.7548,0.7783,0.7113
