constraint,layer,scheme,corpus,n_rollouts_used,n_rollouts,n_rollouts_dropped,n_defined,auroc_raw,auroc,sign,null_global_mean,null_global_p95,p_global,null_task_mean,null_task_p95,p_task,degenerate_flag
act_dir,-1,A,success_ever,299,299,1,83195,0.521769,0.521769,+,0.503351,0.507891,0.000999,0.504706,0.510025,0.000999,False
act_dir,-1,B,success_ever,221,221,79,16405,0.500764,0.500764,+,0.508157,0.520212,0.949051,0.507714,0.519495,0.931069,False
act_dir,-1,rollout_max,success_ever,221,221,79,221,0.5,0.5,+,0.504711,0.510204,1.0,0.504652,0.510417,1.0,False
act_dir,-1,rollout_mean,success_ever,221,221,79,221,0.515807,0.515807,+,0.531246,0.577692,0.69031,0.529778,0.575701,0.653347,False
act_mag,-1,A,success_ever,300,300,0,155700,0.445794,0.554206,-,0.509741,0.523156,0.000999,0.510628,0.525441,0.000999,False
act_mag,-1,B,success_ever,300,300,0,46800,0.463635,0.536365,-,0.514938,0.537659,0.05994,0.513565,0.532448,0.030969,False
act_mag,-1,rollout_max,success_ever,300,300,0,300,0.37186,0.62814,-,0.526255,0.563992,0.000999,0.525263,0.560929,0.000999,False
act_mag,-1,rollout_mean,success_ever,300,300,0,300,0.398728,0.601272,-,0.526465,0.566578,0.003996,0.523916,0.558638,0.000999,False
emb_temp,0,A,success_ever,300,300,0,155700,0.432876,0.567124,-,0.510264,0.524341,0.000999,0.510915,0.526813,0.000999,False
emb_temp,0,B,success_ever,300,300,0,46800,0.468655,0.531345,-,0.51789,0.544104,0.167832,0.518393,0.545206,0.175824,False
emb_temp,0,rollout_max,success_ever,300,300,0,300,0.392683,0.607317,-,0.526166,0.565802,0.000999,0.524419,0.558556,0.000999,False
emb_temp,0,rollout_mean,success_ever,300,300,0,300,0.438829,0.561171,-,0.526529,0.566094,0.071928,0.525456,0.562763,0.057942,False
emb_temp,1,A,success_ever,300,300,0,155700,0.428054,0.571946,-,0.510787,0.526339,0.000999,0.511819,0.528171,0.000999,False
emb_temp,1,B,success_ever,300,300,0,46800,0.45966,0.54034,-,0.51975,0.549445,0.115884,0.518642,0.546041,0.07992,False
emb_temp,1,rollout_max,success_ever,300,300,0,300,0.389705,0.610295,-,0.526347,0.565768,0.002997,0.525017,0.560931,0.000999,False
emb_temp,1,rollout_mean,success_ever,300,300,0,300,0.439434,0.560566,-,0.526365,0.567789,0.076923,0.525321,0.562241,0.058941,False
emb_temp,2,A,success_ever,300,300,0,155700,0.430449,0.569551,-,0.511167,0.528086,0.000999,0.510551,0.526231,0.000999,False
emb_temp,2,B,success_ever,300,300,0,46800,0.46262,0.53738,-,0.520023,0.550986,0.145854,0.519205,0.547278,0.114885,False
emb_temp,2,rollout_max,success_ever,300,300,0,300,0.420223,0.579777,-,0.526217,0.565779,0.015984,0.527888,0.565896,0.021978,False
emb_temp,2,rollout_mean,success_ever,300,300,0,300,0.445211,0.554789,-,0.5264,0.56619,0.104895,0.526232,0.565501,0.088911,False
emb_temp,3,A,success_ever,300,300,0,155700,0.426672,0.573328,-,0.511182,0.528038,0.000999,0.511323,0.527577,0.000999,False
emb_temp,3,B,success_ever,300,300,0,46800,0.452443,0.547557,-,0.519878,0.549062,0.062937,0.518531,0.545939,0.044955,False
emb_temp,3,rollout_max,success_ever,300,300,0,300,0.411065,0.588935,-,0.526066,0.563575,0.006993,0.524341,0.559155,0.003996,False
emb_temp,3,rollout_mean,success_ever,300,300,0,300,0.445121,0.554879,-,0.526364,0.566636,0.102897,0.525426,0.563443,0.07992,False
emb_temp,4,A,success_ever,300,300,0,155700,0.424676,0.575324,-,0.511158,0.52794,0.000999,0.512048,0.528806,0.000999,False
emb_temp,4,B,success_ever,300,300,0,46800,0.448441,0.551559,-,0.519826,0.548403,0.044955,0.518248,0.544522,0.027972,False
emb_temp,4,rollout_max,success_ever,300,300,0,300,0.405289,0.594711,-,0.526314,0.563902,0.005994,0.523572,0.557484,0.000999,False
emb_temp,4,rollout_mean,success_ever,300,300,0,300,0.441046,0.558954,-,0.52628,0.566495,0.081918,0.524746,0.560752,0.058941,False
emb_temp,5,A,success_ever,300,300,0,155700,0.421689,0.578311,-,0.511181,0.527572,0.000999,0.513553,0.530934,0.000999,False
emb_temp,5,B,success_ever,300,300,0,46800,0.445876,0.554124,-,0.519835,0.549315,0.043956,0.517974,0.545192,0.01998,False
emb_temp,5,rollout_max,success_ever,300,300,0,300,0.407684,0.592316,-,0.526427,0.564037,0.006993,0.524739,0.559949,0.003996,False
emb_temp,5,rollout_mean,success_ever,300,300,0,300,0.436971,0.563029,-,0.526269,0.566522,0.062937,0.524067,0.558508,0.037962,False
emb_temp,6,A,success_ever,300,300,0,155700,0.423466,0.576534,-,0.51117,0.527077,0.000999,0.514014,0.531871,0.000999,False
emb_temp,6,B,success_ever,300,300,0,46800,0.447975,0.552025,-,0.51991,0.551032,0.048951,0.517704,0.54404,0.01998,False
emb_temp,6,rollout_max,success_ever,300,300,0,300,0.407729,0.592271,-,0.526715,0.564419,0.006993,0.526527,0.563752,0.004995,False
emb_temp,6,rollout_mean,success_ever,300,300,0,300,0.433702,0.566298,-,0.526319,0.5668,0.051948,0.523864,0.55757,0.025974,False
emb_temp,7,A,success_ever,300,300,0,155700,0.423157,0.576843,-,0.511101,0.526807,0.000999,0.514712,0.532935,0.000999,False
emb_temp,7,B,success_ever,300,300,0,46800,0.451571,0.548429,-,0.519795,0.550133,0.057942,0.517674,0.543088,0.02997,False
emb_temp,7,rollout_max,success_ever,300,300,0,300,0.401415,0.598585,-,0.526782,0.565051,0.004995,0.528628,0.568723,0.005994,False
emb_temp,7,rollout_mean,success_ever,300,300,0,300,0.426268,0.573732,-,0.526332,0.565808,0.034965,0.523634,0.55789,0.016983,False
emb_temp,8,A,success_ever,300,300,0,155700,0.422408,0.577592,-,0.511212,0.527169,0.000999,0.515302,0.533828,0.000999,False
emb_temp,8,B,success_ever,300,300,0,46800,0.449664,0.550336,-,0.519849,0.550409,0.051948,0.517823,0.54342,0.022977,False
emb_temp,8,rollout_max,success_ever,300,300,0,300,0.396221,0.603779,-,0.526597,0.56471,0.001998,0.529438,0.569178,0.003996,False
emb_temp,8,rollout_mean,success_ever,300,300,0,300,0.421343,0.578657,-,0.526337,0.565599,0.020979,0.523813,0.559807,0.012987,False
emb_temp,9,A,success_ever,300,300,0,155700,0.425051,0.574949,-,0.511218,0.527363,0.000999,0.514536,0.532889,0.000999,False
emb_temp,9,B,success_ever,300,300,0,46800,0.448796,0.551204,-,0.519773,0.550068,0.046953,0.517811,0.544095,0.021978,False
emb_temp,9,rollout_max,success_ever,300,300,0,300,0.398191,0.601809,-,0.526693,0.566459,0.001998,0.529037,0.569522,0.003996,False
emb_temp,9,rollout_mean,success_ever,300,300,0,300,0.421432,0.578568,-,0.526405,0.565581,0.021978,0.523911,0.559386,0.011988,False
emb_temp,10,A,success_ever,300,300,0,155700,0.426882,0.573118,-,0.511167,0.527699,0.000999,0.514392,0.532712,0.000999,False
emb_temp,10,B,success_ever,300,300,0,46800,0.450909,0.549091,-,0.519805,0.549663,0.052947,0.517838,0.544108,0.02997,False
emb_temp,10,rollout_max,success_ever,300,300,0,300,0.400967,0.599033,-,0.526639,0.567252,0.001998,0.530065,0.57042,0.008991,False
emb_temp,10,rollout_mean,success_ever,300,300,0,300,0.42094,0.57906,-,0.526426,0.566267,0.01998,0.524104,0.559675,0.010989,False
emb_temp,11,A,success_ever,300,300,0,155700,0.430733,0.569267,-,0.511014,0.527196,0.000999,0.51249,0.529553,0.000999,False
emb_temp,11,B,success_ever,300,300,0,46800,0.454296,0.545704,-,0.519786,0.549797,0.067932,0.518146,0.544203,0.044955,False
emb_temp,11,rollout_max,success_ever,300,300,0,300,0.400027,0.599973,-,0.52641,0.565718,0.002997,0.52907,0.569807,0.004995,False
emb_temp,11,rollout_mean,success_ever,300,300,0,300,0.421522,0.578478,-,0.526425,0.565897,0.021978,0.524139,0.559811,0.012987,False
emb_temp,12,A,success_ever,300,300,0,155700,0.433223,0.566777,-,0.511008,0.526963,0.000999,0.511867,0.528688,0.000999,False
emb_temp,12,B,success_ever,300,300,0,46800,0.45344,0.54656,-,0.519861,0.549696,0.063936,0.518197,0.544799,0.043956,False
emb_temp,12,rollout_max,success_ever,300,300,0,300,0.397385,0.602615,-,0.526403,0.564836,0.000999,0.529623,0.569798,0.002997,False
emb_temp,12,rollout_mean,success_ever,300,300,0,300,0.423358,0.576642,-,0.526506,0.565275,0.024975,0.52421,0.560255,0.013986,False
emb_temp,13,A,success_ever,300,300,0,155700,0.434139,0.565861,-,0.510872,0.526501,0.000999,0.511876,0.528381,0.000999,False
emb_temp,13,B,success_ever,300,300,0,46800,0.456231,0.543769,-,0.519799,0.549539,0.078921,0.518304,0.54541,0.053946,False
emb_temp,13,rollout_max,success_ever,300,300,0,300,0.398549,0.601451,-,0.526533,0.564375,0.002997,0.529313,0.570335,0.002997,False
emb_temp,13,rollout_mean,success_ever,300,300,0,300,0.427836,0.572164,-,0.526591,0.565136,0.02997,0.524262,0.559814,0.018981,False
emb_temp,14,A,success_ever,300,300,0,155700,0.433904,0.566096,-,0.510836,0.526739,0.000999,0.511794,0.528547,0.000999,False
emb_temp,14,B,success_ever,300,300,0,46800,0.456122,0.543878,-,0.519768,0.549192,0.078921,0.518433,0.545063,0.054945,False
emb_temp,14,rollout_max,success_ever,300,300,0,300,0.392593,0.607407,-,0.526777,0.564746,0.001998,0.52884,0.569446,0.002997,False
emb_temp,14,rollout_mean,success_ever,300,300,0,300,0.424925,0.575075,-,0.526631,0.565378,0.026973,0.524096,0.559762,0.013986,False
emb_temp,15,A,success_ever,300,300,0,155700,0.43289,0.56711,-,0.510848,0.526407,0.000999,0.511974,0.528797,0.000999,False
emb_temp,15,B,success_ever,300,300,0,46800,0.454711,0.545289,-,0.519727,0.549263,0.06993,0.518344,0.544957,0.050949,False
emb_temp,15,rollout_max,success_ever,300,300,0,300,0.38919,0.61081,-,0.526787,0.564959,0.000999,0.52989,0.568589,0.002997,False
emb_temp,15,rollout_mean,success_ever,300,300,0,300,0.422059,0.577941,-,0.526594,0.566459,0.021978,0.524063,0.560078,0.013986,False
emb_temp,16,A,success_ever,300,300,0,155700,0.431069,0.568931,-,0.510906,0.526357,0.000999,0.51255,0.529346,0.000999,False
emb_temp,16,B,success_ever,300,300,0,46800,0.453075,0.546925,-,0.519754,0.549592,0.062937,0.518224,0.545324,0.045954,False
emb_temp,16,rollout_max,success_ever,300,300,0,300,0.376875,0.623125,-,0.526705,0.564466,0.000999,0.532099,0.574612,0.001998,False
emb_temp,16,rollout_mean,success_ever,300,300,0,300,0.419686,0.580314,-,0.526593,0.566661,0.01998,0.524042,0.55965,0.011988,False
emb_temp,17,A,success_ever,300,300,0,155700,0.430364,0.569636,-,0.510915,0.526644,0.000999,0.512529,0.529262,0.000999,False
emb_temp,17,B,success_ever,300,300,0,46800,0.451741,0.548259,-,0.519738,0.549379,0.05994,0.51828,0.545313,0.03996,False
emb_temp,17,rollout_max,success_ever,300,300,0,300,0.36568,0.63432,-,0.526753,0.564198,0.000999,0.531675,0.574565,0.000999,False
emb_temp,17,rollout_mean,success_ever,300,300,0,300,0.417357,0.582643,-,0.5266,0.566094,0.015984,0.524109,0.559543,0.00999,False
emb_temp,18,A,success_ever,300,300,0,155700,0.431203,0.568797,-,0.510901,0.526531,0.000999,0.512303,0.528748,0.000999,False
emb_temp,18,B,success_ever,300,300,0,46800,0.452452,0.547548,-,0.519724,0.549316,0.05994,0.518339,0.545267,0.042957,False
emb_temp,18,rollout_max,success_ever,300,300,0,300,0.369218,0.630782,-,0.526781,0.565002,0.000999,0.530498,0.572686,0.000999,False
emb_temp,18,rollout_mean,success_ever,300,300,0,300,0.42085,0.57915,-,0.526649,0.566002,0.020979,0.524121,0.558555,0.012987,False
emb_temp,19,A,success_ever,300,300,0,155700,0.431166,0.568834,-,0.510924,0.526575,0.000999,0.512237,0.528593,0.000999,False
emb_temp,19,B,success_ever,300,300,0,46800,0.452451,0.547549,-,0.519724,0.549389,0.058941,0.518367,0.545265,0.043956,False
emb_temp,19,rollout_max,success_ever,300,300,0,300,0.365949,0.634051,-,0.526643,0.565514,0.000999,0.530295,0.573149,0.000999,False
emb_temp,19,rollout_mean,success_ever,300,300,0,300,0.422059,0.577941,-,0.526609,0.56675,0.021978,0.524113,0.558576,0.014985,False
emb_temp,20,A,success_ever,300,300,0,155700,0.432024,0.567976,-,0.510887,0.526518,0.000999,0.51198,0.528706,0.000999,False
emb_temp,20,B,success_ever,300,300,0,46800,0.453168,0.546832,-,0.519708,0.549583,0.061938,0.518431,0.54548,0.044955,False
emb_temp,20,rollout_max,success_ever,300,300,0,300,0.365814,0.634186,-,0.526641,0.565539,0.000999,0.530277,0.573335,0.000999,False
emb_temp,20,rollout_mean,success_ever,300,300,0,300,0.424477,0.575523,-,0.52662,0.568047,0.024975,0.524195,0.558699,0.016983,False
emb_temp,21,A,success_ever,300,300,0,155700,0.431811,0.568189,-,0.510803,0.526236,0.000999,0.512285,0.528784,0.000999,False
emb_temp,21,B,success_ever,300,300,0,46800,0.452928,0.547072,-,0.51967,0.549644,0.058941,0.518313,0.545262,0.043956,False
emb_temp,21,rollout_max,success_ever,300,300,0,300,0.366128,0.633872,-,0.526562,0.564204,0.000999,0.530622,0.574186,0.000999,False
emb_temp,21,rollout_mean,success_ever,300,300,0,300,0.425865,0.574135,-,0.526542,0.567216,0.02997,0.524264,0.559095,0.017982,False
emb_temp,22,A,success_ever,300,300,0,155700,0.4311,0.5689,-,0.510786,0.525932,0.000999,0.512848,0.529628,0.000999,False
emb_temp,22,B,success_ever,300,300,0,46800,0.452418,0.547582,-,0.519648,0.54925,0.058941,0.51822,0.545251,0.03996,False
emb_temp,22,rollout_max,success_ever,300,300,0,300,0.361247,0.638753,-,0.526625,0.564063,0.000999,0.531589,0.576929,0.000999,False
emb_temp,22,rollout_mean,success_ever,300,300,0,300,0.42497,0.57503,-,0.5265,0.567194,0.026973,0.524274,0.55787,0.016983,False
emb_temp,23,A,success_ever,300,300,0,155700,0.427885,0.572115,-,0.510729,0.525921,0.000999,0.513948,0.531432,0.000999,False
emb_temp,23,B,success_ever,300,300,0,46800,0.449018,0.550982,-,0.519648,0.548912,0.043956,0.518101,0.545636,0.027972,False
emb_temp,23,rollout_max,success_ever,300,300,0,300,0.347499,0.652501,-,0.526629,0.564245,0.000999,0.534423,0.581528,0.000999,False
emb_temp,23,rollout_mean,success_ever,300,300,0,300,0.420671,0.579329,-,0.526526,0.566887,0.01998,0.524303,0.55897,0.012987,False
emb_temp,24,A,success_ever,300,300,0,155700,0.42513,0.57487,-,0.5107,0.526072,0.000999,0.514808,0.532715,0.000999,False
emb_temp,24,B,success_ever,300,300,0,46800,0.446484,0.553516,-,0.519611,0.548699,0.033966,0.518008,0.544631,0.017982,False
emb_temp,24,rollout_max,success_ever,300,300,0,300,0.333527,0.666473,-,0.526463,0.564513,0.000999,0.535359,0.581797,0.000999,False
emb_temp,24,rollout_mean,success_ever,300,300,0,300,0.416775,0.583225,-,0.526554,0.566573,0.015984,0.52435,0.559368,0.008991,False
emb_temp,25,A,success_ever,300,300,0,155700,0.422495,0.577505,-,0.510703,0.525909,0.000999,0.51569,0.533695,0.000999,False
emb_temp,25,B,success_ever,300,300,0,46800,0.443182,0.556818,-,0.519594,0.548446,0.02997,0.517964,0.544411,0.011988,False
emb_temp,25,rollout_max,success_ever,300,300,0,300,0.331199,0.668801,-,0.526403,0.564417,0.000999,0.536836,0.58318,0.000999,False
emb_temp,25,rollout_mean,success_ever,300,300,0,300,0.414625,0.585375,-,0.526539,0.567014,0.00999,0.524409,0.559673,0.007992,False
emb_temp,26,A,success_ever,300,300,0,155700,0.422215,0.577785,-,0.510714,0.525567,0.000999,0.515404,0.533463,0.000999,False
emb_temp,26,B,success_ever,300,300,0,46800,0.443726,0.556274,-,0.519625,0.54904,0.032967,0.517993,0.545338,0.012987,False
emb_temp,26,rollout_max,success_ever,300,300,0,300,0.334602,0.665398,-,0.526503,0.56433,0.000999,0.533972,0.578886,0.000999,False
emb_temp,26,rollout_mean,success_ever,300,300,0,300,0.416372,0.583628,-,0.526581,0.567014,0.012987,0.524376,0.559876,0.007992,False
emb_temp,27,A,success_ever,300,300,0,155700,0.420952,0.579048,-,0.510738,0.525759,0.000999,0.515243,0.533787,0.000999,False
emb_temp,27,B,success_ever,300,300,0,46800,0.44332,0.55668,-,0.519564,0.549075,0.031968,0.518042,0.545211,0.013986,False
emb_temp,27,rollout_max,success_ever,300,300,0,300,0.334513,0.665487,-,0.526303,0.565102,0.000999,0.531192,0.573604,0.000999,False
emb_temp,27,rollout_mean,success_ever,300,300,0,300,0.417088,0.582912,-,0.526513,0.566918,0.014985,0.524293,0.559005,0.007992,False
emb_temp,28,A,success_ever,300,300,0,155700,0.418823,0.581177,-,0.510744,0.525556,0.000999,0.515554,0.534537,0.000999,False
emb_temp,28,B,success_ever,300,300,0,46800,0.440572,0.559428,-,0.519525,0.548828,0.021978,0.517989,0.545325,0.010989,False
emb_temp,28,rollout_max,success_ever,300,300,0,300,0.324571,0.675429,-,0.526459,0.564303,0.000999,0.533025,0.576392,0.000999,False
emb_temp,28,rollout_mean,success_ever,300,300,0,300,0.414625,0.585375,-,0.526577,0.567962,0.012987,0.524304,0.559102,0.005994,False
emb_temp,29,A,success_ever,300,300,0,155700,0.417527,0.582473,-,0.510777,0.525649,0.000999,0.515979,0.534867,0.000999,False
emb_temp,29,B,success_ever,300,300,0,46800,0.440332,0.559668,-,0.519534,0.548907,0.020979,0.518032,0.545407,0.011988,False
emb_temp,29,rollout_max,success_ever,300,300,0,300,0.321347,0.678653,-,0.526503,0.563235,0.000999,0.532157,0.572755,0.000999,False
emb_temp,29,rollout_mean,success_ever,300,300,0,300,0.415969,0.584031,-,0.526572,0.567308,0.012987,0.524313,0.558882,0.006993,False
emb_temp,30,A,success_ever,300,300,0,155700,0.418504,0.581496,-,0.510877,0.526121,0.000999,0.51576,0.533806,0.000999,False
emb_temp,30,B,success_ever,300,300,0,46800,0.441115,0.558885,-,0.519608,0.548701,0.024975,0.518167,0.54557,0.011988,False
emb_temp,30,rollout_max,success_ever,300,300,0,300,0.327303,0.672697,-,0.526592,0.565949,0.000999,0.533103,0.576875,0.000999,False
emb_temp,30,rollout_mean,success_ever,300,300,0,300,0.416193,0.583807,-,0.526572,0.566945,0.011988,0.524313,0.558701,0.007992,False
emb_temp,31,A,success_ever,300,300,0,155700,0.418989,0.581011,-,0.510946,0.526507,0.000999,0.515867,0.534468,0.000999,False
emb_temp,31,B,success_ever,300,300,0,46800,0.442764,0.557236,-,0.519731,0.549281,0.02997,0.518368,0.545281,0.012987,False
emb_temp,31,rollout_max,success_ever,300,300,0,300,0.340245,0.659755,-,0.526536,0.564916,0.000999,0.529022,0.569309,0.000999,False
emb_temp,31,rollout_mean,success_ever,300,300,0,300,0.418745,0.581255,-,0.526584,0.566504,0.015984,0.524411,0.559321,0.012987,False
grip_flip,-1,A,success_ever,300,300,0,155700,0.502436,0.502436,+,0.502011,0.504747,0.330669,0.50199,0.504735,0.33966,False
grip_flip,-1,B,success_ever,300,300,0,46800,0.497173,0.502827,-,0.504068,0.509834,0.592408,0.503633,0.509073,0.53047,False
grip_flip,-1,rollout_max,success_ever,300,300,0,300,0.453159,0.546841,-,0.522496,0.553916,0.117882,0.519554,0.547199,0.086913,False
grip_flip,-1,rollout_mean,success_ever,300,300,0,300,0.454995,0.545005,-,0.52645,0.56277,0.186813,0.522926,0.559043,0.116883,False
xl_adj,0,A,success_ever,300,300,0,156000,0.51089,0.51089,+,0.5108,0.526484,0.427572,0.525733,0.539876,0.948052,False
xl_adj,0,B,success_ever,300,300,0,46800,0.522197,0.522197,+,0.517235,0.543691,0.301698,0.5383,0.56769,0.81019,False
xl_adj,0,rollout_max,success_ever,300,300,0,300,0.41476,0.58524,-,0.526461,0.56411,0.00999,0.532077,0.577314,0.032967,False
xl_adj,0,rollout_mean,success_ever,300,300,0,300,0.525503,0.525503,+,0.526398,0.566672,0.417582,0.564615,0.60809,0.922078,False
xl_adj,1,A,success_ever,300,300,0,156000,0.446563,0.553437,-,0.512177,0.529597,0.000999,0.510729,0.526423,0.000999,False
xl_adj,1,B,success_ever,300,300,0,46800,0.478804,0.521196,-,0.519395,0.547478,0.371628,0.534071,0.568786,0.708292,False
xl_adj,1,rollout_max,success_ever,300,300,0,300,0.391384,0.608616,-,0.526289,0.56733,0.001998,0.530348,0.571629,0.002997,False
xl_adj,1,rollout_mean,success_ever,300,300,0,300,0.464869,0.535131,-,0.526143,0.563681,0.293706,0.54327,0.590108,0.595405,False
xl_adj,2,A,success_ever,300,300,0,156000,0.455157,0.544843,-,0.511334,0.529132,0.004995,0.510846,0.525599,0.000999,False
xl_adj,2,B,success_ever,300,300,0,46800,0.50531,0.50531,+,0.519455,0.549376,0.808192,0.531919,0.563559,0.918082,False
xl_adj,2,rollout_max,success_ever,300,300,0,300,0.433612,0.566388,-,0.526413,0.564229,0.042957,0.525563,0.56335,0.042957,False
xl_adj,2,rollout_mean,success_ever,300,300,0,300,0.493619,0.506381,-,0.526082,0.56707,0.82018,0.538807,0.581523,0.916084,False
xl_adj,3,A,success_ever,300,300,0,156000,0.457807,0.542193,-,0.511637,0.528471,0.007992,0.514452,0.532657,0.006993,False
xl_adj,3,B,success_ever,300,300,0,46800,0.516617,0.516617,+,0.520457,0.552202,0.498501,0.543571,0.578283,0.907093,False
xl_adj,3,rollout_max,success_ever,300,300,0,300,0.450719,0.549281,-,0.526395,0.564106,0.134865,0.525775,0.565537,0.123876,False
xl_adj,3,rollout_mean,success_ever,300,300,0,300,0.503157,0.503157,+,0.526353,0.569137,0.909091,0.546262,0.590531,0.985015,False
xl_adj,4,A,success_ever,300,300,0,156000,0.421642,0.578358,-,0.511886,0.529515,0.000999,0.516516,0.534562,0.000999,False
xl_adj,4,B,success_ever,300,300,0,46800,0.425693,0.574307,-,0.520414,0.549804,0.003996,0.517297,0.542149,0.000999,False
xl_adj,4,rollout_max,success_ever,300,300,0,300,0.39425,0.60575,-,0.526327,0.565286,0.002997,0.523947,0.560167,0.000999,False
xl_adj,4,rollout_mean,success_ever,300,300,0,300,0.404236,0.595764,-,0.526216,0.564272,0.005994,0.522559,0.555031,0.000999,False
xl_adj,5,A,success_ever,300,300,0,156000,0.488706,0.511294,-,0.515178,0.536201,0.571429,0.514026,0.532745,0.535465,False
xl_adj,5,B,success_ever,300,300,0,46800,0.50124,0.50124,+,0.524062,0.557709,0.957043,0.523283,0.554128,0.972028,False
xl_adj,5,rollout_max,success_ever,300,300,0,300,0.431329,0.568671,-,0.527458,0.563495,0.038961,0.533365,0.574941,0.081918,False
xl_adj,5,rollout_mean,success_ever,300,300,0,300,0.502217,0.502217,+,0.52681,0.564563,0.942058,0.525395,0.560056,0.949051,False
xl_adj,6,A,success_ever,300,300,0,156000,0.518166,0.518166,+,0.515933,0.539841,0.373626,0.514608,0.5354,0.335664,False
xl_adj,6,B,success_ever,300,300,0,46800,0.54189,0.54189,+,0.524809,0.559844,0.178821,0.520869,0.549999,0.105894,False
xl_adj,6,rollout_max,success_ever,300,300,0,300,0.449331,0.550669,-,0.527644,0.566994,0.147852,0.528023,0.565899,0.155844,False
xl_adj,6,rollout_mean,success_ever,300,300,0,300,0.53737,0.53737,+,0.52788,0.567223,0.292707,0.523858,0.556914,0.192807,False
xl_adj,7,A,success_ever,300,300,0,156000,0.450053,0.549947,-,0.516897,0.539809,0.020979,0.518661,0.541006,0.010989,False
xl_adj,7,B,success_ever,300,300,0,46800,0.477451,0.522549,-,0.525003,0.560635,0.476523,0.524161,0.555235,0.486513,False
xl_adj,7,rollout_max,success_ever,300,300,0,300,0.424388,0.575612,-,0.526838,0.563434,0.018981,0.527704,0.564247,0.023976,False
xl_adj,7,rollout_mean,success_ever,300,300,0,300,0.470601,0.529399,-,0.527667,0.564825,0.406593,0.525461,0.558647,0.361638,False
xl_adj,8,A,success_ever,300,300,0,156000,0.468934,0.531066,-,0.513431,0.532461,0.065934,0.510736,0.526518,0.01998,False
xl_adj,8,B,success_ever,300,300,0,46800,0.515196,0.515196,+,0.52325,0.556412,0.592408,0.518078,0.545964,0.483516,False
xl_adj,8,rollout_max,success_ever,300,300,0,300,0.436075,0.563925,-,0.526553,0.563029,0.045954,0.522198,0.555974,0.027972,False
xl_adj,8,rollout_mean,success_ever,300,300,0,300,0.510412,0.510412,+,0.526774,0.565449,0.749251,0.521455,0.555457,0.698302,False
xl_adj,9,A,success_ever,300,300,0,156000,0.506664,0.506664,+,0.517397,0.541594,0.746254,0.513891,0.530132,0.766234,False
xl_adj,9,B,success_ever,300,300,0,46800,0.533593,0.533593,+,0.524906,0.560483,0.277722,0.516838,0.54171,0.116883,False
xl_adj,9,rollout_max,success_ever,300,300,0,300,0.477923,0.522077,-,0.52704,0.567008,0.519481,0.520569,0.550044,0.394605,False
xl_adj,9,rollout_mean,success_ever,300,300,0,300,0.537325,0.537325,+,0.527305,0.567509,0.26973,0.517815,0.545126,0.104895,False
xl_adj,10,A,success_ever,300,300,0,156000,0.543939,0.543939,+,0.515464,0.536917,0.021978,0.553003,0.572754,0.774226,False
xl_adj,10,B,success_ever,300,300,0,46800,0.585033,0.585033,+,0.525106,0.558587,0.002997,0.556453,0.59184,0.088911,False
xl_adj,10,rollout_max,success_ever,300,300,0,300,0.512919,0.512919,+,0.528137,0.567254,0.735265,0.550822,0.593807,0.936064,False
xl_adj,10,rollout_mean,success_ever,300,300,0,300,0.59957,0.59957,+,0.528762,0.566658,0.002997,0.56337,0.605544,0.071928,False
xl_adj,11,A,success_ever,300,300,0,156000,0.525711,0.525711,+,0.515943,0.538748,0.210789,0.535759,0.556351,0.792208,False
xl_adj,11,B,success_ever,300,300,0,46800,0.581903,0.581903,+,0.524835,0.559756,0.003996,0.548506,0.582581,0.056943,False
xl_adj,11,rollout_max,success_ever,300,300,0,300,0.514218,0.514218,+,0.526571,0.563215,0.663337,0.528972,0.566938,0.735265,False
xl_adj,11,rollout_mean,success_ever,300,300,0,300,0.595361,0.595361,+,0.527795,0.567377,0.004995,0.55512,0.594465,0.044955,False
xl_adj,12,A,success_ever,300,300,0,156000,0.596418,0.596418,+,0.517344,0.542368,0.001998,0.565422,0.588978,0.013986,False
xl_adj,12,B,success_ever,300,300,0,46800,0.614205,0.614205,+,0.52342,0.557881,0.001998,0.552655,0.591881,0.002997,False
xl_adj,12,rollout_max,success_ever,300,300,0,300,0.577583,0.577583,+,0.526654,0.562814,0.018981,0.551887,0.595811,0.15984,False
xl_adj,12,rollout_mean,success_ever,300,300,0,300,0.624603,0.624603,+,0.526443,0.565646,0.001998,0.559372,0.604142,0.003996,False
xl_adj,13,A,success_ever,300,300,0,156000,0.525099,0.525099,+,0.515892,0.539069,0.205794,0.528595,0.547761,0.621379,False
xl_adj,13,B,success_ever,300,300,0,46800,0.491489,0.508511,-,0.523192,0.557096,0.759241,0.518581,0.543776,0.743257,False
xl_adj,13,rollout_max,success_ever,300,300,0,300,0.42094,0.57906,-,0.526985,0.565718,0.022977,0.522355,0.554404,0.007992,False
xl_adj,13,rollout_mean,success_ever,300,300,0,300,0.490574,0.509426,-,0.527092,0.564874,0.791209,0.521687,0.550463,0.744256,False
xl_adj,14,A,success_ever,300,300,0,156000,0.59352,0.59352,+,0.515362,0.537622,0.000999,0.525073,0.544981,0.000999,False
xl_adj,14,B,success_ever,300,300,0,46800,0.660323,0.660323,+,0.522773,0.556991,0.000999,0.532599,0.56846,0.000999,False
xl_adj,14,rollout_max,success_ever,300,300,0,300,0.538982,0.538982,+,0.527617,0.568324,0.264735,0.524015,0.559091,0.186813,False
xl_adj,14,rollout_mean,success_ever,300,300,0,300,0.685191,0.685191,+,0.526735,0.566775,0.000999,0.536549,0.577594,0.000999,False
xl_adj,15,A,success_ever,300,300,0,156000,0.572477,0.572477,+,0.516307,0.540026,0.000999,0.514907,0.535494,0.000999,False
xl_adj,15,B,success_ever,300,300,0,46800,0.602381,0.602381,+,0.52345,0.556375,0.000999,0.518095,0.545026,0.000999,False
xl_adj,15,rollout_max,success_ever,300,300,0,300,0.590524,0.590524,+,0.527376,0.568546,0.006993,0.523545,0.559364,0.001998,False
xl_adj,15,rollout_mean,success_ever,300,300,0,300,0.619945,0.619945,+,0.526969,0.565711,0.000999,0.520877,0.55238,0.000999,False
xl_adj,16,A,success_ever,300,300,0,156000,0.642733,0.642733,+,0.515285,0.538071,0.000999,0.554205,0.577955,0.000999,False
xl_adj,16,B,success_ever,300,300,0,46800,0.69349,0.69349,+,0.522718,0.554709,0.000999,0.563596,0.603238,0.000999,False
xl_adj,16,rollout_max,success_ever,300,300,0,300,0.622587,0.622587,+,0.527601,0.567556,0.000999,0.557138,0.602317,0.008991,False
xl_adj,16,rollout_mean,success_ever,300,300,0,300,0.726165,0.726165,+,0.52735,0.565993,0.000999,0.577419,0.623817,0.000999,False
xl_adj,17,A,success_ever,300,300,0,156000,0.527095,0.527095,+,0.513603,0.533128,0.117882,0.511514,0.529376,0.061938,False
xl_adj,17,B,success_ever,300,300,0,46800,0.573052,0.573052,+,0.52273,0.555316,0.011988,0.519969,0.549667,0.004995,False
xl_adj,17,rollout_max,success_ever,300,300,0,300,0.490126,0.509874,-,0.527178,0.568564,0.775225,0.52301,0.556946,0.728272,False
xl_adj,17,rollout_mean,success_ever,300,300,0,300,0.589897,0.589897,+,0.527929,0.569896,0.010989,0.524062,0.561103,0.004995,False
xl_adj,18,A,success_ever,300,300,0,156000,0.513923,0.513923,+,0.51567,0.538812,0.465534,0.511838,0.528368,0.368631,False
xl_adj,18,B,success_ever,300,300,0,46800,0.534942,0.534942,+,0.523112,0.557853,0.230769,0.51692,0.540732,0.094905,False
xl_adj,18,rollout_max,success_ever,300,300,0,300,0.483857,0.516143,-,0.526576,0.561865,0.652348,0.520333,0.549519,0.517483,False
xl_adj,18,rollout_mean,success_ever,300,300,0,300,0.542027,0.542027,+,0.526258,0.565673,0.208791,0.519139,0.54565,0.075924,False
xl_adj,19,A,success_ever,300,300,0,156000,0.517675,0.517675,+,0.51394,0.535146,0.2997,0.50985,0.524174,0.158841,False
xl_adj,19,B,success_ever,300,300,0,46800,0.526491,0.526491,+,0.521398,0.552134,0.338661,0.517916,0.541873,0.234765,False
xl_adj,19,rollout_max,success_ever,300,300,0,300,0.4556,0.5444,-,0.526062,0.560897,0.180819,0.521929,0.551587,0.104895,False
xl_adj,19,rollout_mean,success_ever,300,300,0,300,0.527204,0.527204,+,0.524837,0.560035,0.390609,0.520682,0.548211,0.294705,False
xl_adj,20,A,success_ever,300,300,0,156000,0.539571,0.539571,+,0.514027,0.535191,0.024975,0.535948,0.558193,0.412587,False
xl_adj,20,B,success_ever,300,300,0,46800,0.565172,0.565172,+,0.521727,0.55327,0.018981,0.536777,0.575099,0.113886,False
xl_adj,20,rollout_max,success_ever,300,300,0,300,0.471318,0.528682,-,0.52668,0.564552,0.382617,0.529834,0.570613,0.462537,False
xl_adj,20,rollout_mean,success_ever,300,300,0,300,0.568761,0.568761,+,0.525773,0.562821,0.02997,0.545079,0.58949,0.195804,False
xl_adj,21,A,success_ever,300,300,0,156000,0.527136,0.527136,+,0.51531,0.538942,0.151848,0.510845,0.52667,0.045954,False
xl_adj,21,B,success_ever,300,300,0,46800,0.571497,0.571497,+,0.52423,0.560415,0.020979,0.519645,0.546638,0.001998,False
xl_adj,21,rollout_max,success_ever,300,300,0,300,0.515964,0.515964,+,0.52717,0.565716,0.634366,0.522443,0.55358,0.589411,False
xl_adj,21,rollout_mean,success_ever,300,300,0,300,0.578075,0.578075,+,0.527914,0.568537,0.028971,0.522209,0.55262,0.001998,False
xl_adj,22,A,success_ever,300,300,0,156000,0.512966,0.512966,+,0.513586,0.533347,0.453546,0.510457,0.525117,0.315684,False
xl_adj,22,B,success_ever,300,300,0,46800,0.522618,0.522618,+,0.523346,0.558424,0.443556,0.523413,0.555691,0.458541,False
xl_adj,22,rollout_max,success_ever,300,300,0,300,0.464601,0.535399,-,0.527031,0.5668,0.295704,0.526232,0.562098,0.285714,False
xl_adj,22,rollout_mean,success_ever,300,300,0,300,0.518338,0.518338,+,0.527731,0.570465,0.599401,0.528218,0.567568,0.617383,False
xl_adj,23,A,success_ever,300,300,0,156000,0.525327,0.525327,+,0.51388,0.53351,0.148851,0.512587,0.529681,0.097902,False
xl_adj,23,B,success_ever,300,300,0,46800,0.530864,0.530864,+,0.52288,0.556138,0.283716,0.51938,0.54664,0.197802,False
xl_adj,23,rollout_max,success_ever,300,300,0,300,0.445569,0.554431,-,0.526697,0.567126,0.103896,0.525606,0.56027,0.077922,False
xl_adj,23,rollout_mean,success_ever,300,300,0,300,0.525861,0.525861,+,0.526986,0.567023,0.441558,0.523408,0.55618,0.374625,False
xl_adj,24,A,success_ever,300,300,0,156000,0.45148,0.54852,-,0.516226,0.53917,0.023976,0.533442,0.554909,0.124875,False
xl_adj,24,B,success_ever,300,300,0,46800,0.443343,0.556657,-,0.523181,0.557657,0.057942,0.530673,0.56534,0.100899,False
xl_adj,24,rollout_max,success_ever,300,300,0,300,0.379204,0.620796,-,0.526391,0.564887,0.001998,0.537277,0.576779,0.000999,False
xl_adj,24,rollout_mean,success_ever,300,300,0,300,0.421701,0.578299,-,0.527011,0.566173,0.024975,0.536956,0.577137,0.043956,False
xl_adj,25,A,success_ever,300,300,0,156000,0.48333,0.51667,-,0.514169,0.534036,0.352647,0.520217,0.542176,0.576424,False
xl_adj,25,B,success_ever,300,300,0,46800,0.491193,0.508807,-,0.522747,0.554993,0.747253,0.52016,0.548812,0.749251,False
xl_adj,25,rollout_max,success_ever,300,300,0,300,0.435986,0.564014,-,0.525884,0.561719,0.045954,0.523533,0.558629,0.028971,False
xl_adj,25,rollout_mean,success_ever,300,300,0,300,0.479916,0.520084,-,0.526433,0.562816,0.553447,0.523452,0.556843,0.518482,False
xl_adj,26,A,success_ever,300,300,0,156000,0.432818,0.567182,-,0.517793,0.544063,0.003996,0.528483,0.548243,0.001998,False
xl_adj,26,B,success_ever,300,300,0,46800,0.439741,0.560259,-,0.52489,0.560251,0.050949,0.522444,0.550841,0.018981,False
xl_adj,26,rollout_max,success_ever,300,300,0,300,0.394922,0.605078,-,0.52601,0.566748,0.003996,0.524878,0.557313,0.000999,False
xl_adj,26,rollout_mean,success_ever,300,300,0,300,0.429269,0.570731,-,0.52727,0.567554,0.036963,0.524105,0.555282,0.007992,False
xl_adj,27,A,success_ever,300,300,0,156000,0.427418,0.572582,-,0.51732,0.543546,0.001998,0.532577,0.553506,0.001998,False
xl_adj,27,B,success_ever,300,300,0,46800,0.423162,0.576838,-,0.524069,0.558748,0.011988,0.534167,0.566564,0.014985,False
xl_adj,27,rollout_max,success_ever,300,300,0,300,0.379562,0.620438,-,0.526292,0.5663,0.000999,0.535264,0.571766,0.000999,False
xl_adj,27,rollout_mean,success_ever,300,300,0,300,0.416506,0.583494,-,0.527013,0.564113,0.014985,0.535417,0.570642,0.011988,False
xl_adj,28,A,success_ever,300,300,0,156000,0.429596,0.570404,-,0.517422,0.543157,0.000999,0.532393,0.554366,0.000999,False
xl_adj,28,B,success_ever,300,300,0,46800,0.416681,0.583319,-,0.524242,0.560348,0.006993,0.528358,0.560834,0.003996,False
xl_adj,28,rollout_max,success_ever,300,300,0,300,0.364919,0.635081,-,0.5261,0.564475,0.000999,0.531333,0.568826,0.000999,False
xl_adj,28,rollout_mean,success_ever,300,300,0,300,0.402087,0.597913,-,0.527335,0.568817,0.004995,0.530848,0.565861,0.000999,False
xl_adj,29,A,success_ever,300,300,0,156000,0.419058,0.580942,-,0.514067,0.534242,0.000999,0.553354,0.572977,0.007992,False
xl_adj,29,B,success_ever,300,300,0,46800,0.378463,0.621537,-,0.522242,0.55462,0.000999,0.558909,0.595693,0.002997,False
xl_adj,29,rollout_max,success_ever,300,300,0,300,0.338319,0.661681,-,0.527527,0.568627,0.000999,0.550408,0.599136,0.000999,False
xl_adj,29,rollout_mean,success_ever,300,300,0,300,0.340782,0.659218,-,0.527321,0.566435,0.000999,0.573968,0.619549,0.000999,False
xl_adj,30,A,success_ever,300,300,0,156000,0.464674,0.535326,-,0.512985,0.53207,0.037962,0.515582,0.534022,0.043956,False
xl_adj,30,B,success_ever,300,300,0,46800,0.421223,0.578777,-,0.521549,0.552433,0.005994,0.524597,0.556957,0.003996,False
xl_adj,30,rollout_max,success_ever,300,300,0,300,0.358918,0.641082,-,0.526434,0.562785,0.000999,0.529312,0.568987,0.000999,False
xl_adj,30,rollout_mean,success_ever,300,300,0,300,0.396758,0.603242,-,0.526804,0.565745,0.002997,0.530433,0.571271,0.002997,False
xl_final,0,A,success_ever,300,300,0,156000,0.458932,0.541068,-,0.511093,0.526486,0.005994,0.511506,0.526949,0.000999,False
xl_final,0,B,success_ever,300,300,0,46800,0.483517,0.516483,-,0.518942,0.545513,0.466533,0.516645,0.539532,0.435564,False
xl_final,0,rollout_max,success_ever,300,300,0,300,0.413327,0.586673,-,0.526342,0.56632,0.012987,0.525132,0.558999,0.005994,False
xl_final,0,rollout_mean,success_ever,300,300,0,300,0.488335,0.511665,-,0.526518,0.564469,0.727273,0.522822,0.555692,0.679321,False
xl_final,1,A,success_ever,300,300,0,156000,0.439101,0.560899,-,0.513655,0.533439,0.000999,0.523713,0.544082,0.000999,False
xl_final,1,B,success_ever,300,300,0,46800,0.412637,0.587363,-,0.521614,0.553791,0.001998,0.521929,0.553847,0.002997,False
xl_final,1,rollout_max,success_ever,300,300,0,300,0.356052,0.643948,-,0.526143,0.563016,0.000999,0.525736,0.56225,0.000999,False
xl_final,1,rollout_mean,success_ever,300,300,0,300,0.385742,0.614258,-,0.526613,0.565496,0.000999,0.528282,0.56654,0.000999,False
xl_final,2,A,success_ever,300,300,0,156000,0.428843,0.571157,-,0.514304,0.534824,0.000999,0.517166,0.537182,0.000999,False
xl_final,2,B,success_ever,300,300,0,46800,0.426493,0.573507,-,0.521618,0.552771,0.006993,0.518252,0.544311,0.000999,False
xl_final,2,rollout_max,success_ever,300,300,0,300,0.385339,0.614661,-,0.526053,0.56308,0.002997,0.524138,0.558999,0.000999,False
xl_final,2,rollout_mean,success_ever,300,300,0,300,0.409655,0.590345,-,0.526295,0.564469,0.006993,0.522166,0.553587,0.000999,False
xl_final,3,A,success_ever,300,300,0,156000,0.435866,0.564134,-,0.514336,0.535149,0.000999,0.52091,0.541568,0.000999,False
xl_final,3,B,success_ever,300,300,0,46800,0.421071,0.578929,-,0.521914,0.553741,0.003996,0.519618,0.54694,0.000999,False
xl_final,3,rollout_max,success_ever,300,300,0,300,0.378756,0.621244,-,0.526306,0.561737,0.001998,0.524981,0.559281,0.000999,False
xl_final,3,rollout_mean,success_ever,300,300,0,300,0.400475,0.599525,-,0.526782,0.566255,0.003996,0.524397,0.557812,0.000999,False
xl_final,4,A,success_ever,300,300,0,156000,0.436848,0.563152,-,0.514279,0.535013,0.000999,0.523206,0.543874,0.000999,False
xl_final,4,B,success_ever,300,300,0,46800,0.41551,0.58449,-,0.521902,0.554391,0.002997,0.521565,0.552006,0.001998,False
xl_final,4,rollout_max,success_ever,300,300,0,300,0.374211,0.625789,-,0.526374,0.563791,0.000999,0.525899,0.561511,0.000999,False
xl_final,4,rollout_mean,success_ever,300,300,0,300,0.391339,0.608661,-,0.52685,0.56645,0.002997,0.527236,0.563703,0.000999,False
xl_final,5,A,success_ever,300,300,0,156000,0.435094,0.564906,-,0.514264,0.534937,0.000999,0.525374,0.545858,0.000999,False
xl_final,5,B,success_ever,300,300,0,46800,0.41453,0.58547,-,0.52177,0.554119,0.002997,0.523164,0.554636,0.001998,False
xl_final,5,rollout_max,success_ever,300,300,0,300,0.372218,0.627782,-,0.526378,0.5633,0.000999,0.526785,0.564106,0.000999,False
xl_final,5,rollout_mean,success_ever,300,300,0,300,0.390489,0.609511,-,0.52682,0.566887,0.002997,0.529271,0.568239,0.000999,False
xl_final,6,A,success_ever,300,300,0,156000,0.430728,0.569272,-,0.513557,0.53323,0.000999,0.530488,0.550522,0.000999,False
xl_final,6,B,success_ever,300,300,0,46800,0.402924,0.597076,-,0.521674,0.553992,0.000999,0.530022,0.567452,0.001998,False
xl_final,6,rollout_max,success_ever,300,300,0,300,0.359769,0.640231,-,0.526598,0.563801,0.000999,0.531324,0.572308,0.000999,False
xl_final,6,rollout_mean,success_ever,300,300,0,300,0.376965,0.623035,-,0.526903,0.567196,0.000999,0.538144,0.582791,0.001998,False
xl_final,7,A,success_ever,300,300,0,156000,0.429807,0.570193,-,0.513355,0.533342,0.000999,0.531991,0.55229,0.000999,False
xl_final,7,B,success_ever,300,300,0,46800,0.401622,0.598378,-,0.521541,0.553238,0.000999,0.531689,0.568045,0.001998,False
xl_final,7,rollout_max,success_ever,300,300,0,300,0.364426,0.635574,-,0.526389,0.56203,0.000999,0.531664,0.574495,0.000999,False
xl_final,7,rollout_mean,success_ever,300,300,0,300,0.374144,0.625856,-,0.526843,0.56639,0.000999,0.540379,0.586006,0.001998,False
xl_final,8,A,success_ever,300,300,0,156000,0.420349,0.579651,-,0.513289,0.533122,0.000999,0.535187,0.55558,0.000999,False
xl_final,8,B,success_ever,300,300,0,46800,0.391849,0.608151,-,0.52145,0.553021,0.000999,0.535835,0.571897,0.000999,False
xl_final,8,rollout_max,success_ever,300,300,0,300,0.353992,0.646008,-,0.526158,0.562613,0.000999,0.535373,0.578268,0.000999,False
xl_final,8,rollout_mean,success_ever,300,300,0,300,0.358112,0.641888,-,0.526819,0.566309,0.000999,0.54698,0.59181,0.000999,False
xl_final,9,A,success_ever,300,300,0,156000,0.408615,0.591385,-,0.513273,0.533328,0.000999,0.535626,0.556629,0.000999,False
xl_final,9,B,success_ever,300,300,0,46800,0.388757,0.611243,-,0.521215,0.552644,0.000999,0.533173,0.568861,0.000999,False
xl_final,9,rollout_max,success_ever,300,300,0,300,0.355873,0.644127,-,0.525837,0.562774,0.000999,0.532257,0.572359,0.000999,False
xl_final,9,rollout_mean,success_ever,300,300,0,300,0.353097,0.646903,-,0.526574,0.565673,0.000999,0.544295,0.589232,0.000999,False
xl_final,10,A,success_ever,300,300,0,156000,0.410164,0.589836,-,0.512756,0.532415,0.000999,0.530127,0.550929,0.000999,False
xl_final,10,B,success_ever,300,300,0,46800,0.400676,0.599324,-,0.520521,0.550242,0.000999,0.527955,0.560676,0.001998,False
xl_final,10,rollout_max,success_ever,300,300,0,300,0.361829,0.638171,-,0.52549,0.565364,0.000999,0.529979,0.567912,0.000999,False
xl_final,10,rollout_mean,success_ever,300,300,0,300,0.367068,0.632932,-,0.525618,0.560953,0.000999,0.537255,0.57947,0.001998,False
xl_final,11,A,success_ever,300,300,0,156000,0.435209,0.564791,-,0.512344,0.532627,0.000999,0.510999,0.527128,0.000999,False
xl_final,11,B,success_ever,300,300,0,46800,0.452808,0.547192,-,0.520493,0.550081,0.06993,0.519531,0.547835,0.055944,False
xl_final,11,rollout_max,success_ever,300,300,0,300,0.394743,0.605257,-,0.525515,0.56577,0.003996,0.524989,0.561274,0.000999,False
xl_final,11,rollout_mean,success_ever,300,300,0,300,0.431329,0.568671,-,0.525451,0.561914,0.035964,0.52348,0.55609,0.024975,False
xl_final,12,A,success_ever,300,300,0,156000,0.454504,0.545496,-,0.513281,0.533871,0.010989,0.517903,0.538561,0.012987,False
xl_final,12,B,success_ever,300,300,0,46800,0.482281,0.517719,-,0.521257,0.553887,0.48951,0.531129,0.56756,0.713287,False
xl_final,12,rollout_max,success_ever,300,300,0,300,0.417178,0.582822,-,0.525972,0.565149,0.00999,0.52587,0.565899,0.016983,False
xl_final,12,rollout_mean,success_ever,300,300,0,300,0.476468,0.523532,-,0.52578,0.564872,0.450549,0.53483,0.57767,0.622378,False
xl_final,13,A,success_ever,300,300,0,156000,0.499423,0.500577,-,0.51329,0.533361,0.967033,0.538142,0.559868,1.0,False
xl_final,13,B,success_ever,300,300,0,46800,0.536945,0.536945,+,0.521668,0.554218,0.15984,0.54009,0.577695,0.524476,False
xl_final,13,rollout_max,success_ever,300,300,0,300,0.464377,0.535623,-,0.526309,0.564113,0.290709,0.531187,0.576792,0.376623,False
xl_final,13,rollout_mean,success_ever,300,300,0,300,0.548386,0.548386,+,0.526213,0.565785,0.134865,0.546,0.591158,0.435564,False
xl_final,14,A,success_ever,300,300,0,156000,0.499656,0.500344,-,0.513206,0.533577,0.978022,0.536254,0.558659,1.0,False
xl_final,14,B,success_ever,300,300,0,46800,0.524426,0.524426,+,0.522424,0.555169,0.388611,0.53381,0.571544,0.638362,False
xl_final,14,rollout_max,success_ever,300,300,0,300,0.46881,0.53119,-,0.526349,0.565588,0.346653,0.530789,0.57181,0.431568,False
xl_final,14,rollout_mean,success_ever,300,300,0,300,0.526174,0.526174,+,0.526348,0.566121,0.427572,0.537244,0.580142,0.631369,False
xl_final,15,A,success_ever,300,300,0,156000,0.524769,0.524769,+,0.513528,0.53402,0.142857,0.542684,0.562748,0.943057,False
xl_final,15,B,success_ever,300,300,0,46800,0.555423,0.555423,+,0.522594,0.556342,0.052947,0.540264,0.578605,0.236763,False
xl_final,15,rollout_max,success_ever,300,300,0,300,0.503157,0.503157,+,0.527187,0.565781,0.943057,0.536807,0.581857,0.957043,False
xl_final,15,rollout_mean,success_ever,300,300,0,300,0.56388,0.56388,+,0.527126,0.566267,0.063936,0.545409,0.590206,0.225774,False
xl_final,16,A,success_ever,300,300,0,156000,0.527913,0.527913,+,0.512798,0.531361,0.090909,0.53337,0.553897,0.653347,False
xl_final,16,B,success_ever,300,300,0,46800,0.556276,0.556276,+,0.522106,0.554535,0.041958,0.528249,0.562903,0.087912,False
xl_final,16,rollout_max,success_ever,300,300,0,300,0.487618,0.512382,-,0.526897,0.567283,0.696304,0.528484,0.567456,0.73027,False
xl_final,16,rollout_mean,success_ever,300,300,0,300,0.557566,0.557566,+,0.526653,0.566791,0.078921,0.531867,0.570335,0.145854,False
xl_final,17,A,success_ever,300,300,0,156000,0.562003,0.562003,+,0.513678,0.532627,0.000999,0.540165,0.558645,0.034965,False
xl_final,17,B,success_ever,300,300,0,46800,0.607156,0.607156,+,0.522506,0.554052,0.001998,0.53863,0.575675,0.002997,False
xl_final,17,rollout_max,success_ever,300,300,0,300,0.519995,0.519995,+,0.527076,0.56752,0.562438,0.531785,0.573649,0.645355,False
xl_final,17,rollout_mean,success_ever,300,300,0,300,0.61896,0.61896,+,0.526768,0.564825,0.001998,0.546019,0.590265,0.006993,False
xl_final,18,A,success_ever,300,300,0,156000,0.58489,0.58489,+,0.513931,0.533223,0.000999,0.541586,0.559988,0.000999,False
xl_final,18,B,success_ever,300,300,0,46800,0.647128,0.647128,+,0.523184,0.554467,0.000999,0.541625,0.578405,0.000999,False
xl_final,18,rollout_max,success_ever,300,300,0,300,0.54346,0.54346,+,0.527007,0.566054,0.1998,0.535441,0.579157,0.331668,False
xl_final,18,rollout_mean,success_ever,300,300,0,300,0.663965,0.663965,+,0.527323,0.564556,0.000999,0.549324,0.593265,0.000999,False
xl_final,19,A,success_ever,300,300,0,156000,0.566263,0.566263,+,0.514041,0.533281,0.000999,0.531145,0.549742,0.001998,False
xl_final,19,B,success_ever,300,300,0,46800,0.61269,0.61269,+,0.523416,0.557573,0.001998,0.528762,0.563288,0.000999,False
xl_final,19,rollout_max,success_ever,300,300,0,300,0.515964,0.515964,+,0.526726,0.566847,0.637363,0.531084,0.572395,0.707293,False
xl_final,19,rollout_mean,success_ever,300,300,0,300,0.623662,0.623662,+,0.527399,0.565743,0.002997,0.533173,0.572843,0.000999,False
xl_final,20,A,success_ever,300,300,0,156000,0.551896,0.551896,+,0.514904,0.536559,0.008991,0.518659,0.536741,0.000999,False
xl_final,20,B,success_ever,300,300,0,46800,0.57476,0.57476,+,0.524128,0.560026,0.018981,0.518402,0.544641,0.000999,False
xl_final,20,rollout_max,success_ever,300,300,0,300,0.491828,0.508172,-,0.527367,0.567805,0.808192,0.523308,0.555152,0.801199,False
xl_final,20,rollout_mean,success_ever,300,300,0,300,0.580493,0.580493,+,0.527873,0.569007,0.024975,0.521213,0.551346,0.000999,False
xl_final,21,A,success_ever,300,300,0,156000,0.532733,0.532733,+,0.515216,0.539117,0.092907,0.510355,0.524949,0.016983,False
xl_final,21,B,success_ever,300,300,0,46800,0.547997,0.547997,+,0.523878,0.557934,0.11988,0.519797,0.548948,0.057942,False
xl_final,21,rollout_max,success_ever,300,300,0,300,0.471452,0.528548,-,0.527148,0.566495,0.406593,0.525122,0.558287,0.382617,False
xl_final,21,rollout_mean,success_ever,300,300,0,300,0.549908,0.549908,+,0.527317,0.566262,0.14985,0.523256,0.556717,0.081918,False
xl_final,22,A,success_ever,300,300,0,156000,0.518765,0.518765,+,0.514692,0.536918,0.302697,0.515293,0.535089,0.338661,False
xl_final,22,B,success_ever,300,300,0,46800,0.517009,0.517009,+,0.523344,0.55784,0.556444,0.522865,0.553707,0.56044,False
xl_final,22,rollout_max,success_ever,300,300,0,300,0.440016,0.559984,-,0.526966,0.565772,0.070929,0.536606,0.576537,0.162837,False
xl_final,22,rollout_mean,success_ever,300,300,0,300,0.515024,0.515024,+,0.527122,0.567019,0.659341,0.526593,0.562357,0.663337,False
xl_final,23,A,success_ever,300,300,0,156000,0.478811,0.521189,-,0.51552,0.537727,0.26973,0.526389,0.547735,0.646354,False
xl_final,23,B,success_ever,300,300,0,46800,0.45888,0.54112,-,0.52336,0.556245,0.160839,0.53158,0.566694,0.303696,False
xl_final,23,rollout_max,success_ever,300,300,0,300,0.390533,0.609467,-,0.526704,0.564148,0.000999,0.547017,0.58569,0.001998,False
xl_final,23,rollout_mean,success_ever,300,300,0,300,0.449151,0.550849,-,0.527053,0.565543,0.138861,0.535321,0.574412,0.24975,False
xl_final,24,A,success_ever,300,300,0,156000,0.451757,0.548243,-,0.516163,0.539879,0.021978,0.532998,0.554256,0.121878,False
xl_final,24,B,success_ever,300,300,0,46800,0.430881,0.569119,-,0.523287,0.555504,0.01998,0.536319,0.571845,0.058941,False
xl_final,24,rollout_max,success_ever,300,300,0,300,0.374054,0.625946,-,0.526513,0.563804,0.000999,0.546727,0.588346,0.000999,False
xl_final,24,rollout_mean,success_ever,300,300,0,300,0.417894,0.582106,-,0.526837,0.563752,0.016983,0.540097,0.579958,0.040959,False
xl_final,25,A,success_ever,300,300,0,156000,0.443768,0.556232,-,0.515728,0.53876,0.003996,0.533337,0.555503,0.041958,False
xl_final,25,B,success_ever,300,300,0,46800,0.416389,0.583611,-,0.523133,0.554609,0.005994,0.53771,0.573127,0.020979,False
xl_final,25,rollout_max,success_ever,300,300,0,300,0.363172,0.636828,-,0.526386,0.564733,0.000999,0.542679,0.584434,0.000999,False
xl_final,25,rollout_mean,success_ever,300,300,0,300,0.400116,0.599884,-,0.52689,0.563121,0.003996,0.541917,0.582795,0.014985,False
xl_final,26,A,success_ever,300,300,0,156000,0.440643,0.559357,-,0.51595,0.539213,0.002997,0.533339,0.555943,0.021978,False
xl_final,26,B,success_ever,300,300,0,46800,0.411764,0.588236,-,0.523271,0.555716,0.004995,0.538323,0.575068,0.012987,False
xl_final,26,rollout_max,success_ever,300,300,0,300,0.356813,0.643187,-,0.52657,0.564513,0.000999,0.539942,0.5826,0.000999,False
xl_final,26,rollout_mean,success_ever,300,300,0,300,0.394116,0.605884,-,0.527046,0.564487,0.002997,0.542363,0.584174,0.007992,False
xl_final,27,A,success_ever,300,300,0,156000,0.434701,0.565299,-,0.516648,0.540684,0.001998,0.53188,0.553508,0.002997,False
xl_final,27,B,success_ever,300,300,0,46800,0.410618,0.589382,-,0.523765,0.556915,0.004995,0.535168,0.569592,0.005994,False
xl_final,27,rollout_max,success_ever,300,300,0,300,0.362814,0.637186,-,0.526553,0.566417,0.000999,0.538246,0.576754,0.000999,False
xl_final,27,rollout_mean,success_ever,300,300,0,300,0.394698,0.605302,-,0.527105,0.565181,0.003996,0.538288,0.578075,0.002997,False
xl_final,28,A,success_ever,300,300,0,156000,0.429858,0.570142,-,0.516417,0.540747,0.000999,0.533981,0.555486,0.000999,False
xl_final,28,B,success_ever,300,300,0,46800,0.396167,0.603833,-,0.523768,0.557775,0.000999,0.539009,0.574888,0.001998,False
xl_final,28,rollout_max,success_ever,300,300,0,300,0.345305,0.654695,-,0.526802,0.566925,0.000999,0.540948,0.582383,0.000999,False
xl_final,28,rollout_mean,success_ever,300,300,0,300,0.378532,0.621468,-,0.527164,0.567019,0.000999,0.542941,0.582717,0.001998,False
xl_final,29,A,success_ever,300,300,0,156000,0.436996,0.563004,-,0.515366,0.538728,0.001998,0.53303,0.554191,0.010989,False
xl_final,29,B,success_ever,300,300,0,46800,0.400666,0.599334,-,0.522973,0.557569,0.000999,0.538134,0.574847,0.003996,False
xl_final,29,rollout_max,success_ever,300,300,0,300,0.356545,0.643455,-,0.527166,0.56585,0.000999,0.539457,0.582786,0.000999,False
xl_final,29,rollout_mean,success_ever,300,300,0,300,0.37786,0.62214,-,0.527059,0.567388,0.000999,0.543562,0.585968,0.002997,False
xl_final,30,A,success_ever,300,300,0,156000,0.464674,0.535326,-,0.512985,0.53207,0.037962,0.515582,0.534022,0.043956,False
xl_final,30,B,success_ever,300,300,0,46800,0.421223,0.578777,-,0.521549,0.552433,0.005994,0.524597,0.556957,0.003996,False
xl_final,30,rollout_max,success_ever,300,300,0,300,0.358918,0.641082,-,0.526434,0.562785,0.000999,0.529312,0.568987,0.000999,False
xl_final,30,rollout_mean,success_ever,300,300,0,300,0.396758,0.603242,-,0.526804,0.565745,0.002997,0.530433,0.571271,0.002997,False
xl_final_hN,0,A,success_ever,300,300,0,156000,0.520742,0.520742,+,0.510673,0.524945,0.118881,0.512186,0.529241,0.172827,False
xl_final_hN,0,B,success_ever,300,300,0,46800,0.554425,0.554425,+,0.521559,0.555154,0.052947,0.526021,0.560218,0.086913,False
xl_final_hN,0,rollout_max,success_ever,300,300,0,300,0.495007,0.504993,-,0.527476,0.567939,0.897103,0.52447,0.560481,0.896104,False
xl_final_hN,0,rollout_mean,success_ever,300,300,0,300,0.569119,0.569119,+,0.527041,0.567868,0.044955,0.533732,0.577437,0.094905,False
xl_final_hN,1,A,success_ever,300,300,0,156000,0.483354,0.516646,-,0.514445,0.535734,0.353646,0.509356,0.522589,0.16983,False
xl_final_hN,1,B,success_ever,300,300,0,46800,0.512904,0.512904,+,0.522208,0.554965,0.63037,0.516809,0.540193,0.537463,False
xl_final_hN,1,rollout_max,success_ever,300,300,0,300,0.472482,0.527518,-,0.526362,0.563703,0.410589,0.522,0.551171,0.31968,False
xl_final_hN,1,rollout_mean,success_ever,300,300,0,300,0.513233,0.513233,+,0.526264,0.566255,0.68032,0.520276,0.548074,0.601399,False
xl_final_hN,2,A,success_ever,300,300,0,156000,0.483813,0.516187,-,0.514525,0.535744,0.365634,0.509633,0.52335,0.188811,False
xl_final_hN,2,B,success_ever,300,300,0,46800,0.514509,0.514509,+,0.522248,0.555172,0.598402,0.516738,0.540084,0.486513,False
xl_final_hN,2,rollout_max,success_ever,300,300,0,300,0.474139,0.525861,-,0.526419,0.564686,0.446553,0.521835,0.551084,0.356643,False
xl_final_hN,2,rollout_mean,success_ever,300,300,0,300,0.516681,0.516681,+,0.526276,0.565181,0.597403,0.520068,0.546877,0.508492,False
xl_final_hN,3,A,success_ever,300,300,0,156000,0.482584,0.517416,-,0.51456,0.535591,0.337662,0.509472,0.522817,0.156843,False
xl_final_hN,3,B,success_ever,300,300,0,46800,0.512459,0.512459,+,0.522263,0.555143,0.65035,0.516764,0.539893,0.544456,False
xl_final_hN,3,rollout_max,success_ever,300,300,0,300,0.473154,0.526846,-,0.52644,0.565313,0.418581,0.521854,0.551211,0.333666,False
xl_final_hN,3,rollout_mean,success_ever,300,300,0,300,0.514531,0.514531,+,0.526314,0.564959,0.648352,0.520072,0.546825,0.56044,False
xl_final_hN,4,A,success_ever,300,300,0,156000,0.482675,0.517325,-,0.51455,0.535585,0.340659,0.509452,0.522691,0.156843,False
xl_final_hN,4,B,success_ever,300,300,0,46800,0.511913,0.511913,+,0.522264,0.555221,0.663337,0.516798,0.540245,0.562438,False
xl_final_hN,4,rollout_max,success_ever,300,300,0,300,0.472706,0.527294,-,0.526454,0.565138,0.412587,0.52186,0.550914,0.327672,False
xl_final_hN,4,rollout_mean,success_ever,300,300,0,300,0.513904,0.513904,+,0.526308,0.565317,0.665335,0.520193,0.547763,0.577423,False
xl_final_hN,5,A,success_ever,300,300,0,156000,0.482909,0.517091,-,0.514561,0.535688,0.345654,0.509444,0.522864,0.162837,False
xl_final_hN,5,B,success_ever,300,300,0,46800,0.512324,0.512324,+,0.522274,0.555396,0.653347,0.516791,0.54042,0.548452,False
xl_final_hN,5,rollout_max,success_ever,300,300,0,300,0.472796,0.527204,-,0.526457,0.565315,0.415584,0.521864,0.551263,0.326673,False
xl_final_hN,5,rollout_mean,success_ever,300,300,0,300,0.514307,0.514307,+,0.526299,0.565295,0.654346,0.520207,0.547815,0.568432,False
xl_final_hN,6,A,success_ever,300,300,0,156000,0.482029,0.517971,-,0.514459,0.53572,0.316683,0.509172,0.522295,0.127872,False
xl_final_hN,6,B,success_ever,300,300,0,46800,0.510295,0.510295,+,0.52225,0.554895,0.7003,0.517216,0.540975,0.623377,False
xl_final_hN,6,rollout_max,success_ever,300,300,0,300,0.471542,0.528458,-,0.526486,0.565225,0.396603,0.521978,0.550947,0.305694,False
xl_final_hN,6,rollout_mean,success_ever,300,300,0,300,0.512919,0.512919,+,0.526331,0.56508,0.692308,0.520594,0.549384,0.604396,False
xl_final_hN,7,A,success_ever,300,300,0,156000,0.482883,0.517117,-,0.51446,0.535541,0.338661,0.509043,0.522042,0.138861,False
xl_final_hN,7,B,success_ever,300,300,0,46800,0.513569,0.513569,+,0.522279,0.555249,0.616384,0.517466,0.541489,0.522478,False
xl_final_hN,7,rollout_max,success_ever,300,300,0,300,0.472572,0.527428,-,0.526489,0.565602,0.414585,0.521953,0.550983,0.32967,False
xl_final_hN,7,rollout_mean,success_ever,300,300,0,300,0.51592,0.51592,+,0.526369,0.566253,0.614386,0.520962,0.549749,0.551449,False
xl_final_hN,8,A,success_ever,300,300,0,156000,0.482686,0.517314,-,0.514426,0.535884,0.335664,0.509285,0.522592,0.151848,False
xl_final_hN,8,B,success_ever,300,300,0,46800,0.512372,0.512372,+,0.522237,0.555111,0.645355,0.517193,0.540521,0.551449,False
xl_final_hN,8,rollout_max,success_ever,300,300,0,300,0.471318,0.528682,-,0.526477,0.5648,0.38961,0.521896,0.551926,0.300699,False
xl_final_hN,8,rollout_mean,success_ever,300,300,0,300,0.515024,0.515024,+,0.526332,0.564601,0.637363,0.520639,0.548614,0.558442,False
xl_final_hN,9,A,success_ever,300,300,0,156000,0.480941,0.519059,-,0.514426,0.535916,0.297702,0.509103,0.522378,0.106893,False
xl_final_hN,9,B,success_ever,300,300,0,46800,0.511199,0.511199,+,0.522256,0.55458,0.68032,0.517199,0.541319,0.597403,False
xl_final_hN,9,rollout_max,success_ever,300,300,0,300,0.470825,0.529175,-,0.526469,0.564999,0.37962,0.521899,0.551659,0.292707,False
xl_final_hN,9,rollout_mean,success_ever,300,300,0,300,0.515696,0.515696,+,0.526296,0.564283,0.628372,0.520523,0.549373,0.54046,False
xl_final_hN,10,A,success_ever,300,300,0,156000,0.483479,0.516521,-,0.514395,0.536002,0.358641,0.509093,0.522326,0.158841,False
xl_final_hN,10,B,success_ever,300,300,0,46800,0.516083,0.516083,+,0.522269,0.555189,0.557443,0.517111,0.540855,0.453546,False
xl_final_hN,10,rollout_max,success_ever,300,300,0,300,0.47387,0.52613,-,0.52652,0.564702,0.443556,0.521849,0.551341,0.348651,False
xl_final_hN,10,rollout_mean,success_ever,300,300,0,300,0.520174,0.520174,+,0.526317,0.564397,0.531469,0.520454,0.548927,0.440559,False
xl_final_hN,11,A,success_ever,300,300,0,156000,0.486553,0.513447,-,0.514197,0.535109,0.442557,0.509749,0.523885,0.276723,False
xl_final_hN,11,B,success_ever,300,300,0,46800,0.52485,0.52485,+,0.522101,0.554129,0.365634,0.516695,0.540589,0.256743,False
xl_final_hN,11,rollout_max,success_ever,300,300,0,300,0.477542,0.522458,-,0.52651,0.565814,0.514486,0.521935,0.552696,0.413586,False
xl_final_hN,11,rollout_mean,success_ever,300,300,0,300,0.530429,0.530429,+,0.526288,0.565006,0.358641,0.519987,0.547763,0.252747,False
xl_final_hN,12,A,success_ever,300,300,0,156000,0.488244,0.511756,-,0.51432,0.535645,0.502498,0.509491,0.523793,0.31968,False
xl_final_hN,12,B,success_ever,300,300,0,46800,0.52944,0.52944,+,0.52214,0.556361,0.292707,0.516379,0.541065,0.163836,False
xl_final_hN,12,rollout_max,success_ever,300,300,0,300,0.477856,0.522144,-,0.526618,0.565944,0.515485,0.521628,0.552998,0.402597,False
xl_final_hN,12,rollout_mean,success_ever,300,300,0,300,0.534951,0.534951,+,0.5262,0.566614,0.288711,0.519556,0.5479,0.167832,False
xl_final_hN,13,A,success_ever,300,300,0,156000,0.487945,0.512055,-,0.514406,0.536691,0.503497,0.509536,0.523419,0.31968,False
xl_final_hN,13,B,success_ever,300,300,0,46800,0.529614,0.529614,+,0.522377,0.556094,0.286713,0.518502,0.544633,0.212787,False
xl_final_hN,13,rollout_max,success_ever,300,300,0,300,0.474721,0.525279,-,0.526687,0.563705,0.451548,0.52117,0.552158,0.343656,False
xl_final_hN,13,rollout_mean,success_ever,300,300,0,300,0.537146,0.537146,+,0.526235,0.565953,0.257742,0.52168,0.551453,0.182817,False
xl_final_hN,14,A,success_ever,300,300,0,156000,0.482079,0.517921,-,0.514159,0.534963,0.317682,0.509109,0.522449,0.127872,False
xl_final_hN,14,B,success_ever,300,300,0,46800,0.51846,0.51846,+,0.52205,0.555911,0.498501,0.520949,0.549972,0.492507,False
xl_final_hN,14,rollout_max,success_ever,300,300,0,300,0.472796,0.527204,-,0.526732,0.564153,0.416583,0.52132,0.551077,0.314685,False
xl_final_hN,14,rollout_mean,success_ever,300,300,0,300,0.524562,0.524562,+,0.525982,0.564213,0.437562,0.524808,0.55918,0.438561,False
xl_final_hN,15,A,success_ever,300,300,0,156000,0.484063,0.515937,-,0.51437,0.534456,0.387612,0.509691,0.523616,0.195804,False
xl_final_hN,15,B,success_ever,300,300,0,46800,0.517909,0.517909,+,0.522182,0.555037,0.52048,0.519351,0.546672,0.468531,False
xl_final_hN,15,rollout_max,success_ever,300,300,0,300,0.467288,0.532712,-,0.526939,0.563987,0.326673,0.521147,0.552474,0.227772,False
xl_final_hN,15,rollout_mean,success_ever,300,300,0,300,0.521248,0.521248,+,0.526001,0.5651,0.514486,0.523261,0.554872,0.478521,False
xl_final_hN,16,A,success_ever,300,300,0,156000,0.484466,0.515534,-,0.513735,0.533447,0.374625,0.50987,0.523553,0.20979,False
xl_final_hN,16,B,success_ever,300,300,0,46800,0.517402,0.517402,+,0.522009,0.555817,0.537463,0.520789,0.549574,0.518482,False
xl_final_hN,16,rollout_max,success_ever,300,300,0,300,0.472124,0.527876,-,0.526541,0.5663,0.3996,0.52148,0.553943,0.297702,False
xl_final_hN,16,rollout_mean,success_ever,300,300,0,300,0.525234,0.525234,+,0.525644,0.565246,0.418581,0.523506,0.555439,0.398601,False
xl_final_hN,17,A,success_ever,300,300,0,156000,0.498182,0.501818,-,0.513712,0.534971,0.915085,0.511345,0.527773,0.911089,False
xl_final_hN,17,B,success_ever,300,300,0,46800,0.535189,0.535189,+,0.522102,0.555899,0.195804,0.519486,0.546804,0.142857,False
xl_final_hN,17,rollout_max,success_ever,300,300,0,300,0.488021,0.511979,-,0.526185,0.563759,0.721279,0.522272,0.554039,0.669331,False
xl_final_hN,17,rollout_mean,success_ever,300,300,0,300,0.542609,0.542609,+,0.525524,0.563837,0.181818,0.521879,0.552564,0.114885,False
xl_final_hN,18,A,success_ever,300,300,0,156000,0.510294,0.510294,+,0.514483,0.535398,0.58042,0.51005,0.524331,0.414585,False
xl_final_hN,18,B,success_ever,300,300,0,46800,0.551303,0.551303,+,0.523063,0.557644,0.078921,0.522758,0.55381,0.05994,False
xl_final_hN,18,rollout_max,success_ever,300,300,0,300,0.504187,0.504187,+,0.526127,0.564668,0.901099,0.521578,0.552644,0.876124,False
xl_final_hN,18,rollout_mean,success_ever,300,300,0,300,0.558103,0.558103,+,0.526439,0.564419,0.084915,0.525427,0.5612,0.058941,False
xl_final_hN,19,A,success_ever,300,300,0,156000,0.507851,0.507851,+,0.514743,0.535936,0.677323,0.510709,0.52646,0.551449,False
xl_final_hN,19,B,success_ever,300,300,0,46800,0.54612,0.54612,+,0.523109,0.556052,0.105894,0.523228,0.554837,0.104895,False
xl_final_hN,19,rollout_max,success_ever,300,300,0,300,0.504187,0.504187,+,0.526421,0.564961,0.906094,0.521773,0.55367,0.873127,False
xl_final_hN,19,rollout_mean,success_ever,300,300,0,300,0.550356,0.550356,+,0.526606,0.563974,0.125874,0.526271,0.56175,0.123876,False
xl_final_hN,20,A,success_ever,300,300,0,156000,0.495885,0.504115,-,0.514829,0.53604,0.81019,0.514228,0.531903,0.838162,False
xl_final_hN,20,B,success_ever,300,300,0,46800,0.525582,0.525582,+,0.523102,0.55803,0.377622,0.526609,0.558695,0.467532,False
xl_final_hN,20,rollout_max,success_ever,300,300,0,300,0.497739,0.502261,-,0.526335,0.566121,0.942058,0.522249,0.554483,0.936064,False
xl_final_hN,20,rollout_mean,success_ever,300,300,0,300,0.523801,0.523801,+,0.526665,0.565042,0.483516,0.530361,0.566007,0.558442,False
xl_final_hN,21,A,success_ever,300,300,0,156000,0.496707,0.503293,-,0.514703,0.536942,0.872128,0.517121,0.536257,0.914086,False
xl_final_hN,21,B,success_ever,300,300,0,46800,0.537105,0.537105,+,0.523025,0.556879,0.205794,0.527671,0.561339,0.291708,False
xl_final_hN,21,rollout_max,success_ever,300,300,0,300,0.512248,0.512248,+,0.525967,0.565908,0.695305,0.522119,0.554521,0.679321,False
xl_final_hN,21,rollout_mean,success_ever,300,300,0,300,0.539922,0.539922,+,0.526475,0.565158,0.236763,0.531325,0.570955,0.318681,False
xl_final_hN,22,A,success_ever,300,300,0,156000,0.483384,0.516616,-,0.513994,0.535566,0.350649,0.522126,0.542759,0.671329,False
xl_final_hN,22,B,success_ever,300,300,0,46800,0.517395,0.517395,+,0.522876,0.556471,0.543457,0.533963,0.570864,0.751249,False
xl_final_hN,22,rollout_max,success_ever,300,300,0,300,0.491559,0.508441,-,0.526396,0.564686,0.798202,0.524236,0.561014,0.782218,False
xl_final_hN,22,rollout_mean,success_ever,300,300,0,300,0.521428,0.521428,+,0.526754,0.567131,0.527473,0.538601,0.581801,0.725275,False
xl_final_hN,23,A,success_ever,300,300,0,156000,0.473791,0.526209,-,0.513903,0.533924,0.137862,0.52364,0.543364,0.416583,False
xl_final_hN,23,B,success_ever,300,300,0,46800,0.515073,0.515073,+,0.522731,0.556119,0.586414,0.5358,0.571903,0.819181,False
xl_final_hN,23,rollout_max,success_ever,300,300,0,300,0.499082,0.500918,-,0.5264,0.567964,0.964036,0.524212,0.560257,0.98002,False
xl_final_hN,23,rollout_mean,success_ever,300,300,0,300,0.51995,0.51995,+,0.526895,0.566759,0.555445,0.54102,0.58441,0.77023,False
xl_final_hN,24,A,success_ever,300,300,0,156000,0.467065,0.532935,-,0.513967,0.533867,0.063936,0.521874,0.541846,0.168831,False
xl_final_hN,24,B,success_ever,300,300,0,46800,0.508923,0.508923,+,0.52222,0.556179,0.742258,0.533729,0.569423,0.883117,False
xl_final_hN,24,rollout_max,success_ever,300,300,0,300,0.501679,0.501679,+,0.52625,0.566614,0.95005,0.523838,0.558743,0.955045,False
xl_final_hN,24,rollout_mean,success_ever,300,300,0,300,0.51592,0.51592,+,0.526642,0.566547,0.637363,0.538848,0.57943,0.809191,False
xl_final_hN,25,A,success_ever,300,300,0,156000,0.466813,0.533187,-,0.513413,0.533508,0.054945,0.518881,0.537541,0.100899,False
xl_final_hN,25,B,success_ever,300,300,0,46800,0.505535,0.505535,+,0.521881,0.555372,0.843157,0.53199,0.565344,0.925075,False
xl_final_hN,25,rollout_max,success_ever,300,300,0,300,0.507098,0.507098,+,0.526263,0.565105,0.823177,0.522636,0.554792,0.79021,False
xl_final_hN,25,rollout_mean,success_ever,300,300,0,300,0.511352,0.511352,+,0.526498,0.567384,0.733267,0.537555,0.576828,0.87013,False
xl_final_hN,26,A,success_ever,300,300,0,156000,0.472143,0.527857,-,0.513375,0.533443,0.095904,0.516992,0.534784,0.154845,False
xl_final_hN,26,B,success_ever,300,300,0,46800,0.507709,0.507709,+,0.521722,0.554619,0.772228,0.530083,0.563094,0.881119,False
xl_final_hN,26,rollout_max,success_ever,300,300,0,300,0.51283,0.51283,+,0.526327,0.566034,0.689311,0.522344,0.554393,0.634366,False
xl_final_hN,26,rollout_mean,success_ever,300,300,0,300,0.513412,0.513412,+,0.526388,0.566379,0.684316,0.534941,0.573691,0.812188,False
xl_final_hN,27,A,success_ever,300,300,0,156000,0.474146,0.525854,-,0.513414,0.532316,0.12987,0.516168,0.53419,0.15984,False
xl_final_hN,27,B,success_ever,300,300,0,46800,0.502156,0.502156,+,0.522069,0.552812,0.928072,0.527041,0.559362,0.956044,False
xl_final_hN,27,rollout_max,success_ever,300,300,0,300,0.510994,0.510994,+,0.526329,0.56658,0.736264,0.522725,0.553941,0.699301,False
xl_final_hN,27,rollout_mean,success_ever,300,300,0,300,0.50571,0.50571,+,0.527034,0.56643,0.879121,0.530812,0.570648,0.901099,False
xl_final_hN,28,A,success_ever,300,300,0,156000,0.485261,0.514739,-,0.513336,0.532456,0.382617,0.512926,0.529884,0.376623,False
xl_final_hN,28,B,success_ever,300,300,0,46800,0.509692,0.509692,+,0.522138,0.552801,0.719281,0.522391,0.552887,0.752248,False
xl_final_hN,28,rollout_max,success_ever,300,300,0,300,0.505441,0.505441,+,0.527036,0.569558,0.867133,0.523139,0.554357,0.86014,False
xl_final_hN,28,rollout_mean,success_ever,300,300,0,300,0.51583,0.51583,+,0.527347,0.564822,0.651349,0.525979,0.564182,0.629371,False
xl_final_hN,29,A,success_ever,300,300,0,156000,0.503627,0.503627,+,0.513644,0.532975,0.844156,0.509997,0.524273,0.773227,False
xl_final_hN,29,B,success_ever,300,300,0,46800,0.52684,0.52684,+,0.522377,0.556017,0.331668,0.518489,0.544029,0.240759,False
xl_final_hN,29,rollout_max,success_ever,300,300,0,300,0.510994,0.510994,+,0.527177,0.571228,0.737263,0.523882,0.55686,0.712288,False
xl_final_hN,29,rollout_mean,success_ever,300,300,0,300,0.536922,0.536922,+,0.527707,0.569348,0.286713,0.523848,0.556381,0.217782,False
xl_final_hN,30,A,success_ever,300,300,0,156000,0.510909,0.510909,+,0.514152,0.534345,0.543457,0.511228,0.52737,0.438561,False
xl_final_hN,30,B,success_ever,300,300,0,46800,0.520586,0.520586,+,0.522732,0.555022,0.47952,0.51995,0.547743,0.420579,False
xl_final_hN,30,rollout_max,success_ever,300,300,0,300,0.477453,0.522547,-,0.527367,0.568967,0.516484,0.522915,0.556829,0.420579,False
xl_final_hN,30,rollout_mean,success_ever,300,300,0,300,0.525413,0.525413,+,0.527612,0.56742,0.458541,0.52489,0.559632,0.420579,False
xl_final_hN,31,A,success_ever,300,300,0,156000,0.512927,0.512927,+,0.514091,0.533893,0.460539,0.510095,0.524942,0.302697,False
xl_final_hN,31,B,success_ever,300,300,0,46800,0.531148,0.531148,+,0.522526,0.553255,0.272727,0.518792,0.544859,0.183816,False
xl_final_hN,31,rollout_max,success_ever,300,300,0,300,0.479961,0.520039,-,0.527576,0.568367,0.58042,0.522995,0.557525,0.48951,False
xl_final_hN,31,rollout_mean,success_ever,300,300,0,300,0.53728,0.53728,+,0.527631,0.566388,0.287712,0.523638,0.555927,0.207792,False
xl_spread,-1,A,success_ever,300,300,0,156000,0.518747,0.518747,+,0.515314,0.536642,0.31968,0.523875,0.541436,0.658342,False
xl_spread,-1,B,success_ever,300,300,0,46800,0.572688,0.572688,+,0.522633,0.553893,0.011988,0.528929,0.562334,0.015984,False
xl_spread,-1,rollout_max,success_ever,300,300,0,300,0.50674,0.50674,+,0.526975,0.56684,0.852148,0.531444,0.573613,0.879121,False
xl_spread,-1,rollout_mean,success_ever,300,300,0,300,0.582016,0.582016,+,0.526568,0.564339,0.016983,0.531762,0.568868,0.016983,False
act_rep,-1,A,success_ever,300,300,0,155700,0.546847,0.546847,+,0.507789,0.518704,0.000999,0.507361,0.518048,0.000999,False
act_rep,-1,B,success_ever,300,300,0,46800,0.526366,0.526366,+,0.513212,0.533775,0.117882,0.512979,0.531041,0.0999,False
act_rep,-1,rollout_max,success_ever,300,300,0,300,0.5,0.5,+,0.5,0.5,1.0,0.5,0.5,1.0,True
act_rep,-1,rollout_mean,success_ever,300,300,0,300,0.543236,0.543236,+,0.526689,0.568264,0.198801,0.526322,0.562,0.194805,False
t,-1,A,success_ever,300,300,0,156000,0.5,0.5,+,0.5,0.5,1.0,0.5,0.5,1.0,True
t,-1,B,success_ever,300,300,0,46800,0.5,0.5,+,0.5,0.5,1.0,0.5,0.5,1.0,True
t,-1,rollout_max,success_ever,300,300,0,300,0.5,0.5,+,0.5,0.5,1.0,0.5,0.5,1.0,True
t,-1,rollout_mean,success_ever,300,300,0,300,0.5,0.5,+,0.5,0.5,1.0,0.5,0.5,1.0,True
t_norm,-1,A,success_ever,300,300,0,156000,0.5,0.5,+,0.5,0.5,1.0,0.5,0.5,1.0,True
t_norm,-1,B,success_ever,300,300,0,46800,0.5,0.5,+,0.5,0.5,1.0,0.5,0.5,1.0,True
t_norm,-1,rollout_max,success_ever,300,300,0,300,0.5,0.5,+,0.5,0.5,1.0,0.5,0.5,1.0,True
t_norm,-1,rollout_mean,success_ever,300,300,0,300,0.5,0.5,+,0.5,0.5,1.0,0.5,0.5,1.0,True
act_dir,-1,A,success_final,299,299,1,83195,0.520522,0.520522,+,0.5034,0.508381,0.000999,0.506946,0.512733,0.000999,False
act_dir,-1,B,success_final,221,221,79,16405,0.502801,0.502801,+,0.508257,0.520381,0.797203,0.511225,0.52492,0.846154,False
act_dir,-1,rollout_max,success_final,221,221,79,221,0.502059,0.502059,+,0.505709,0.512658,0.981019,0.506607,0.513523,1.0,False
act_dir,-1,rollout_mean,success_final,221,221,79,221,0.522217,0.522217,+,0.530813,0.579421,0.563437,0.545352,0.601561,0.714286,False
act_mag,-1,A,success_final,300,300,0,155700,0.450899,0.549101,-,0.510142,0.524633,0.000999,0.50963,0.523774,0.000999,False
act_mag,-1,B,success_final,300,300,0,46800,0.471425,0.528575,-,0.515583,0.538152,0.130869,0.51755,0.540845,0.177822,False
act_mag,-1,rollout_max,success_final,300,300,0,300,0.379125,0.620875,-,0.527424,0.568015,0.000999,0.525127,0.560835,0.000999,False
act_mag,-1,rollout_mean,success_final,300,300,0,300,0.41904,0.58096,-,0.527644,0.56679,0.023976,0.53089,0.570577,0.028971,False
emb_temp,0,A,success_final,300,300,0,155700,0.441042,0.558958,-,0.510596,0.526094,0.000999,0.509591,0.524797,0.000999,False
emb_temp,0,B,success_final,300,300,0,46800,0.470323,0.529677,-,0.519006,0.546927,0.218781,0.522281,0.550694,0.297702,False
emb_temp,0,rollout_max,success_final,300,300,0,300,0.399587,0.600413,-,0.527881,0.568283,0.004995,0.527636,0.567398,0.003996,False
emb_temp,0,rollout_mean,success_final,300,300,0,300,0.450574,0.549426,-,0.52802,0.567369,0.150849,0.533888,0.578309,0.238761,False
emb_temp,1,A,success_final,300,300,0,155700,0.439946,0.560054,-,0.511249,0.527575,0.000999,0.510159,0.526214,0.000999,False
emb_temp,1,B,success_final,300,300,0,46800,0.472799,0.527201,-,0.520821,0.550978,0.304695,0.524703,0.558601,0.393606,False
emb_temp,1,rollout_max,success_final,300,300,0,300,0.383592,0.616408,-,0.527682,0.567879,0.001998,0.526003,0.563529,0.000999,False
emb_temp,1,rollout_mean,success_final,300,300,0,300,0.448388,0.551612,-,0.527918,0.567177,0.13986,0.532749,0.575556,0.208791,False
emb_temp,2,A,success_final,300,300,0,155700,0.442576,0.557424,-,0.511632,0.528322,0.000999,0.510425,0.526953,0.000999,False
emb_temp,2,B,success_final,300,300,0,46800,0.4764,0.5236,-,0.52121,0.550967,0.375624,0.526345,0.560209,0.514486,False
emb_temp,2,rollout_max,success_final,300,300,0,300,0.423748,0.576252,-,0.527883,0.568006,0.031968,0.533637,0.579841,0.062937,False
emb_temp,2,rollout_mean,success_final,300,300,0,300,0.45641,0.54359,-,0.52792,0.567131,0.215784,0.53568,0.580292,0.335664,False
emb_temp,3,A,success_final,300,300,0,155700,0.440439,0.559561,-,0.511632,0.528698,0.000999,0.510413,0.526723,0.000999,False
emb_temp,3,B,success_final,300,300,0,46800,0.466233,0.533767,-,0.521052,0.550906,0.194805,0.52493,0.557873,0.284715,False
emb_temp,3,rollout_max,success_final,300,300,0,300,0.430448,0.569552,-,0.527646,0.567885,0.048951,0.534283,0.579363,0.083916,False
emb_temp,3,rollout_mean,success_final,300,300,0,300,0.460205,0.539795,-,0.52791,0.567097,0.263736,0.536945,0.582329,0.404595,False
emb_temp,4,A,success_final,300,300,0,155700,0.439391,0.560609,-,0.51162,0.528338,0.000999,0.510353,0.526709,0.000999,False
emb_temp,4,B,success_final,300,300,0,46800,0.46488,0.53512,-,0.520973,0.550476,0.172827,0.525639,0.558936,0.27972,False
emb_temp,4,rollout_max,success_final,300,300,0,300,0.432321,0.567679,-,0.527788,0.567479,0.050949,0.532231,0.57559,0.084915,False
emb_temp,4,rollout_mean,success_final,300,300,0,300,0.457851,0.542149,-,0.527861,0.566809,0.234765,0.53645,0.581824,0.370629,False
emb_temp,5,A,success_final,300,300,0,155700,0.437391,0.562609,-,0.511675,0.528624,0.000999,0.510398,0.526953,0.000999,False
emb_temp,5,B,success_final,300,300,0,46800,0.465799,0.534201,-,0.521011,0.550568,0.180819,0.526301,0.560382,0.30969,False
emb_temp,5,rollout_max,success_final,300,300,0,300,0.436284,0.563716,-,0.527541,0.566593,0.065934,0.529329,0.569988,0.082917,False
emb_temp,5,rollout_mean,success_final,300,300,0,300,0.456362,0.543638,-,0.527829,0.568048,0.215784,0.536021,0.581214,0.340659,False
emb_temp,6,A,success_final,300,300,0,155700,0.441423,0.558577,-,0.511675,0.528653,0.000999,0.510346,0.526362,0.000999,False
emb_temp,6,B,success_final,300,300,0,46800,0.477688,0.522312,-,0.521039,0.550823,0.387612,0.528042,0.562561,0.578422,False
emb_temp,6,rollout_max,success_final,300,300,0,300,0.437293,0.562707,-,0.527756,0.568519,0.070929,0.528429,0.569252,0.071928,False
emb_temp,6,rollout_mean,success_final,300,300,0,300,0.454969,0.545031,-,0.527867,0.567585,0.202797,0.536115,0.581154,0.332667,False
emb_temp,7,A,success_final,300,300,0,155700,0.441023,0.558977,-,0.511612,0.528053,0.000999,0.510384,0.526381,0.000999,False
emb_temp,7,B,success_final,300,300,0,46800,0.479043,0.520957,-,0.520947,0.549833,0.41958,0.527516,0.56186,0.599401,False
emb_temp,7,rollout_max,success_final,300,300,0,300,0.437821,0.562179,-,0.527885,0.570104,0.073926,0.529566,0.570971,0.086913,False
emb_temp,7,rollout_mean,success_final,300,300,0,300,0.452904,0.547096,-,0.52783,0.567434,0.184815,0.536241,0.580302,0.315684,False
emb_temp,8,A,success_final,300,300,0,155700,0.439696,0.560304,-,0.511725,0.528509,0.000999,0.510547,0.526804,0.000999,False
emb_temp,8,B,success_final,300,300,0,46800,0.475942,0.524058,-,0.520984,0.549892,0.350649,0.526789,0.560959,0.519481,False
emb_temp,8,rollout_max,success_final,300,300,0,300,0.436068,0.563932,-,0.527659,0.570565,0.065934,0.530008,0.57155,0.088911,False
emb_temp,8,rollout_mean,success_final,300,300,0,300,0.452183,0.547817,-,0.527741,0.567619,0.170829,0.536608,0.580194,0.314685,False
emb_temp,9,A,success_final,300,300,0,155700,0.4387,0.5613,-,0.511751,0.528427,0.000999,0.510914,0.527343,0.000999,False
emb_temp,9,B,success_final,300,300,0,46800,0.471449,0.528551,-,0.520867,0.549895,0.275724,0.525458,0.558658,0.391608,False
emb_temp,9,rollout_max,success_final,300,300,0,300,0.434795,0.565205,-,0.5276,0.568673,0.062937,0.528347,0.567763,0.068931,False
emb_temp,9,rollout_mean,success_final,300,300,0,300,0.447764,0.552236,-,0.527822,0.567993,0.124875,0.533802,0.575916,0.207792,False
emb_temp,10,A,success_final,300,300,0,155700,0.440806,0.559194,-,0.511766,0.528497,0.000999,0.510734,0.52697,0.000999,False
emb_temp,10,B,success_final,300,300,0,46800,0.472744,0.527256,-,0.520856,0.549456,0.297702,0.525935,0.55978,0.425574,False
emb_temp,10,rollout_max,success_final,300,300,0,300,0.435227,0.564773,-,0.527726,0.569002,0.066933,0.528133,0.568622,0.067932,False
emb_temp,10,rollout_mean,success_final,300,300,0,300,0.446803,0.553197,-,0.52784,0.566802,0.115884,0.533523,0.57539,0.197802,False
emb_temp,11,A,success_final,300,300,0,155700,0.443452,0.556548,-,0.511601,0.528054,0.000999,0.510462,0.526295,0.000999,False
emb_temp,11,B,success_final,300,300,0,46800,0.47315,0.52685,-,0.520829,0.550618,0.2997,0.526341,0.56138,0.442557,False
emb_temp,11,rollout_max,success_final,300,300,0,300,0.431913,0.568087,-,0.527616,0.566406,0.043956,0.527965,0.567614,0.04995,False
emb_temp,11,rollout_mean,success_final,300,300,0,300,0.443873,0.556127,-,0.527836,0.56685,0.096903,0.533627,0.575078,0.171828,False
emb_temp,12,A,success_final,300,300,0,155700,0.444949,0.555051,-,0.511546,0.527797,0.000999,0.510438,0.526377,0.000999,False
emb_temp,12,B,success_final,300,300,0,46800,0.470146,0.529854,-,0.520826,0.550402,0.253746,0.525133,0.559323,0.357642,False
emb_temp,12,rollout_max,success_final,300,300,0,300,0.419665,0.580335,-,0.527555,0.565181,0.01998,0.527149,0.564225,0.014985,False
emb_temp,12,rollout_mean,success_final,300,300,0,300,0.442769,0.557231,-,0.527857,0.566218,0.091908,0.532617,0.574194,0.153846,False
emb_temp,13,A,success_final,300,300,0,155700,0.444687,0.555313,-,0.511383,0.527247,0.000999,0.510434,0.526109,0.000999,False
emb_temp,13,B,success_final,300,300,0,46800,0.471758,0.528242,-,0.520743,0.549629,0.272727,0.525092,0.558989,0.383616,False
emb_temp,13,rollout_max,success_final,300,300,0,300,0.416447,0.583553,-,0.527523,0.56458,0.012987,0.526671,0.562445,0.008991,False
emb_temp,13,rollout_mean,success_final,300,300,0,300,0.443777,0.556223,-,0.527889,0.566033,0.103896,0.531601,0.572412,0.14985,False
emb_temp,14,A,success_final,300,300,0,155700,0.445348,0.554652,-,0.511333,0.527385,0.000999,0.510327,0.526035,0.000999,False
emb_temp,14,B,success_final,300,300,0,46800,0.471556,0.528444,-,0.520694,0.550019,0.274725,0.525669,0.559968,0.391608,False
emb_temp,14,rollout_max,success_final,300,300,0,300,0.410106,0.589894,-,0.527465,0.565354,0.00999,0.527167,0.563622,0.006993,False
emb_temp,14,rollout_mean,success_final,300,300,0,300,0.440943,0.559057,-,0.527913,0.566939,0.085914,0.532398,0.573678,0.134865,False
emb_temp,15,A,success_final,300,300,0,155700,0.444888,0.555112,-,0.51134,0.52709,0.000999,0.510333,0.525824,0.000999,False
emb_temp,15,B,success_final,300,300,0,46800,0.469812,0.530188,-,0.520638,0.550311,0.244755,0.525339,0.559279,0.358641,False
emb_temp,15,rollout_max,success_final,300,300,0,300,0.406119,0.593881,-,0.527377,0.564698,0.007992,0.52668,0.563147,0.006993,False
emb_temp,15,rollout_mean,success_final,300,300,0,300,0.437725,0.562275,-,0.527887,0.566699,0.06993,0.532839,0.575004,0.120879,False
emb_temp,16,A,success_final,300,300,0,155700,0.443051,0.556949,-,0.511399,0.527236,0.000999,0.510418,0.526169,0.000999,False
emb_temp,16,B,success_final,300,300,0,46800,0.467916,0.532084,-,0.520648,0.55027,0.217782,0.524688,0.558043,0.301698,False
emb_temp,16,rollout_max,success_final,300,300,0,300,0.391037,0.608963,-,0.527352,0.564756,0.000999,0.525486,0.561031,0.000999,False
emb_temp,16,rollout_mean,success_final,300,300,0,300,0.434891,0.565109,-,0.527856,0.566766,0.058941,0.532047,0.573426,0.090909,False
emb_temp,17,A,success_final,300,300,0,155700,0.442257,0.557743,-,0.511409,0.527227,0.000999,0.51043,0.526334,0.000999,False
emb_temp,17,B,success_final,300,300,0,46800,0.465756,0.534244,-,0.520635,0.550539,0.190809,0.524392,0.557846,0.25974,False
emb_temp,17,rollout_max,success_final,300,300,0,300,0.375522,0.624478,-,0.527604,0.565611,0.000999,0.525674,0.561624,0.000999,False
emb_temp,17,rollout_mean,success_final,300,300,0,300,0.431721,0.568279,-,0.527864,0.566936,0.047952,0.531747,0.572986,0.071928,False
emb_temp,18,A,success_final,300,300,0,155700,0.442757,0.557243,-,0.511396,0.527268,0.000999,0.5104,0.526265,0.000999,False
emb_temp,18,B,success_final,300,300,0,46800,0.465968,0.534032,-,0.520618,0.550597,0.191808,0.524368,0.557489,0.25974,False
emb_temp,18,rollout_max,success_final,300,300,0,300,0.374754,0.625246,-,0.527761,0.565111,0.000999,0.52578,0.561862,0.000999,False
emb_temp,18,rollout_mean,success_final,300,300,0,300,0.434123,0.565877,-,0.527869,0.566391,0.055944,0.531664,0.573325,0.085914,False
emb_temp,19,A,success_final,300,300,0,155700,0.442706,0.557294,-,0.511416,0.527317,0.000999,0.510383,0.526426,0.000999,False
emb_temp,19,B,success_final,300,300,0,46800,0.465711,0.534289,-,0.52062,0.550514,0.188811,0.524503,0.557724,0.260739,False
emb_temp,19,rollout_max,success_final,300,300,0,300,0.372496,0.627504,-,0.527736,0.565061,0.000999,0.525766,0.562589,0.000999,False
emb_temp,19,rollout_mean,success_final,300,300,0,300,0.435227,0.564773,-,0.527856,0.566605,0.060939,0.531722,0.572652,0.090909,False
emb_temp,20,A,success_final,300,300,0,155700,0.443041,0.556959,-,0.511381,0.527311,0.000999,0.510361,0.526339,0.000999,False
emb_temp,20,B,success_final,300,300,0,46800,0.465631,0.534369,-,0.520591,0.550532,0.186813,0.524332,0.557681,0.257742,False
emb_temp,20,rollout_max,success_final,300,300,0,300,0.366732,0.633268,-,0.527807,0.565832,0.000999,0.525774,0.563829,0.000999,False
emb_temp,20,rollout_mean,success_final,300,300,0,300,0.43614,0.56386,-,0.527848,0.566956,0.061938,0.531389,0.572266,0.08991,False
emb_temp,21,A,success_final,300,300,0,155700,0.441336,0.558664,-,0.511301,0.527063,0.000999,0.510555,0.526666,0.000999,False
emb_temp,21,B,success_final,300,300,0,46800,0.464158,0.535842,-,0.520533,0.550357,0.166833,0.523487,0.556426,0.211788,False
emb_temp,21,rollout_max,success_final,300,300,0,300,0.356117,0.643883,-,0.527869,0.56641,0.000999,0.527384,0.568495,0.000999,False
emb_temp,21,rollout_mean,success_final,300,300,0,300,0.43345,0.56655,-,0.527835,0.56617,0.04995,0.529522,0.569818,0.060939,False
emb_temp,22,A,success_final,300,300,0,155700,0.440523,0.559477,-,0.511285,0.526983,0.000999,0.510803,0.526704,0.000999,False
emb_temp,22,B,success_final,300,300,0,46800,0.463428,0.536572,-,0.520494,0.550553,0.158841,0.523144,0.556066,0.191808,False
emb_temp,22,rollout_max,success_final,300,300,0,300,0.351266,0.648734,-,0.527909,0.566795,0.000999,0.527364,0.56666,0.000999,False
emb_temp,22,rollout_mean,success_final,300,300,0,300,0.432201,0.567799,-,0.527819,0.565851,0.047952,0.529107,0.568534,0.053946,False
emb_temp,23,A,success_final,300,300,0,155700,0.435975,0.564025,-,0.511202,0.527026,0.000999,0.511862,0.528749,0.000999,False
emb_temp,23,B,success_final,300,300,0,46800,0.458834,0.541166,-,0.520482,0.550526,0.102897,0.521974,0.553602,0.114885,False
emb_temp,23,rollout_max,success_final,300,300,0,300,0.33455,0.66545,-,0.527995,0.569641,0.000999,0.531349,0.574,0.000999,False
emb_temp,23,rollout_mean,success_final,300,300,0,300,0.426581,0.573419,-,0.527851,0.566151,0.03996,0.527742,0.566992,0.026973,False
emb_temp,24,A,success_final,300,300,0,155700,0.432234,0.567766,-,0.511172,0.526732,0.000999,0.512952,0.530865,0.000999,False
emb_temp,24,B,success_final,300,300,0,46800,0.455677,0.544323,-,0.520463,0.550756,0.074925,0.52119,0.55171,0.082917,False
emb_temp,24,rollout_max,success_final,300,300,0,300,0.31918,0.68082,-,0.528039,0.568634,0.000999,0.534258,0.579427,0.000999,False
emb_temp,24,rollout_mean,success_final,300,300,0,300,0.421826,0.578174,-,0.527882,0.565911,0.02997,0.526976,0.565359,0.016983,False
emb_temp,25,A,success_final,300,300,0,155700,0.428925,0.571075,-,0.511183,0.526853,0.000999,0.513936,0.532444,0.000999,False
emb_temp,25,B,success_final,300,300,0,46800,0.451425,0.548575,-,0.520462,0.550468,0.05994,0.520527,0.550484,0.05994,False
emb_temp,25,rollout_max,success_final,300,300,0,300,0.312887,0.687113,-,0.528191,0.567042,0.000999,0.536492,0.58365,0.000999,False
emb_temp,25,rollout_mean,success_final,300,300,0,300,0.419136,0.580864,-,0.527928,0.566989,0.024975,0.526542,0.564773,0.013986,False
emb_temp,26,A,success_final,300,300,0,155700,0.426834,0.573166,-,0.511166,0.527022,0.000999,0.514757,0.533543,0.000999,False
emb_temp,26,B,success_final,300,300,0,46800,0.450992,0.549008,-,0.520464,0.550599,0.05994,0.520469,0.550534,0.056943,False
emb_temp,26,rollout_max,success_final,300,300,0,300,0.311446,0.688554,-,0.528194,0.568474,0.000999,0.537959,0.585487,0.000999,False
emb_temp,26,rollout_mean,success_final,300,300,0,300,0.41856,0.58144,-,0.52793,0.567715,0.023976,0.526284,0.564081,0.012987,False
emb_temp,27,A,success_final,300,300,0,155700,0.42443,0.57557,-,0.511206,0.527401,0.000999,0.515618,0.535014,0.000999,False
emb_temp,27,B,success_final,300,300,0,46800,0.449142,0.550858,-,0.520415,0.550714,0.050949,0.52025,0.549332,0.040959,False
emb_temp,27,rollout_max,success_final,300,300,0,300,0.307411,0.692589,-,0.528211,0.566319,0.000999,0.539626,0.588508,0.000999,False
emb_temp,27,rollout_mean,success_final,300,300,0,300,0.416639,0.583361,-,0.527917,0.567928,0.020979,0.526068,0.564064,0.011988,False
emb_temp,28,A,success_final,300,300,0,155700,0.42172,0.57828,-,0.511185,0.527385,0.000999,0.516319,0.53584,0.000999,False
emb_temp,28,B,success_final,300,300,0,46800,0.44646,0.55354,-,0.520387,0.550965,0.03996,0.51999,0.548843,0.030969,False
emb_temp,28,rollout_max,success_final,300,300,0,300,0.301215,0.698785,-,0.528338,0.566422,0.000999,0.541489,0.589538,0.000999,False
emb_temp,28,rollout_mean,success_final,300,300,0,300,0.414045,0.585955,-,0.527926,0.568841,0.015984,0.525904,0.563622,0.00999,False
emb_temp,29,A,success_final,300,300,0,155700,0.420109,0.579891,-,0.511214,0.527751,0.000999,0.517151,0.537084,0.000999,False
emb_temp,29,B,success_final,300,300,0,46800,0.446944,0.553056,-,0.520397,0.550927,0.043956,0.52015,0.548954,0.032967,False
emb_temp,29,rollout_max,success_final,300,300,0,300,0.296844,0.703156,-,0.528154,0.566699,0.000999,0.54191,0.590499,0.000999,False
emb_temp,29,rollout_mean,success_final,300,300,0,300,0.416495,0.583505,-,0.527902,0.568277,0.020979,0.526093,0.564105,0.010989,False
emb_temp,30,A,success_final,300,300,0,155700,0.423187,0.576813,-,0.5113,0.527902,0.000999,0.515644,0.535147,0.000999,False
emb_temp,30,B,success_final,300,300,0,46800,0.451489,0.548511,-,0.520548,0.551239,0.058941,0.521515,0.552232,0.064935,False
emb_temp,30,rollout_max,success_final,300,300,0,300,0.31332,0.68668,-,0.52802,0.565796,0.000999,0.534594,0.579411,0.000999,False
emb_temp,30,rollout_mean,success_final,300,300,0,300,0.422451,0.577549,-,0.527973,0.567369,0.032967,0.527202,0.565952,0.016983,False
emb_temp,31,A,success_final,300,300,0,155700,0.423081,0.576919,-,0.51134,0.527618,0.000999,0.516067,0.535999,0.000999,False
emb_temp,31,B,success_final,300,300,0,46800,0.454009,0.545991,-,0.520648,0.55127,0.070929,0.522176,0.55367,0.090909,False
emb_temp,31,rollout_max,success_final,300,300,0,300,0.330948,0.669052,-,0.527882,0.567477,0.000999,0.530099,0.571982,0.000999,False
emb_temp,31,rollout_mean,success_final,300,300,0,300,0.425285,0.574715,-,0.527879,0.567671,0.034965,0.527608,0.566941,0.026973,False
grip_flip,-1,A,success_final,300,300,0,155700,0.503232,0.503232,+,0.502097,0.504983,0.228771,0.502023,0.504926,0.203796,False
grip_flip,-1,B,success_final,300,300,0,46800,0.499496,0.500504,-,0.504252,0.510157,0.93007,0.503954,0.509798,0.916084,False
grip_flip,-1,rollout_max,success_final,300,300,0,300,0.462918,0.537082,-,0.522992,0.556583,0.21978,0.525762,0.556583,0.235764,False
grip_flip,-1,rollout_mean,success_final,300,300,0,300,0.473726,0.526274,-,0.527262,0.566622,0.427572,0.528451,0.567939,0.467532,False
xl_adj,0,A,success_final,300,300,0,156000,0.490001,0.509999,-,0.51113,0.527577,0.477522,0.507779,0.51948,0.2997,False
xl_adj,0,B,success_final,300,300,0,46800,0.487854,0.512146,-,0.517922,0.544808,0.583417,0.515577,0.536741,0.532468,False
xl_adj,0,rollout_max,success_final,300,300,0,300,0.398674,0.601326,-,0.527122,0.566701,0.002997,0.526789,0.566598,0.005994,False
xl_adj,0,rollout_mean,success_final,300,300,0,300,0.470388,0.529612,-,0.527483,0.569554,0.383616,0.523777,0.557837,0.324675,False
xl_adj,1,A,success_final,300,300,0,156000,0.448722,0.551278,-,0.51253,0.530488,0.001998,0.514633,0.532757,0.000999,False
xl_adj,1,B,success_final,300,300,0,46800,0.453883,0.546117,-,0.52052,0.549745,0.072927,0.531327,0.564949,0.215784,False
xl_adj,1,rollout_max,success_final,300,300,0,300,0.40098,0.59902,-,0.527519,0.568089,0.008991,0.534505,0.580547,0.011988,False
xl_adj,1,rollout_mean,success_final,300,300,0,300,0.435804,0.564196,-,0.527523,0.568425,0.064935,0.539963,0.584584,0.174825,False
xl_adj,2,A,success_final,300,300,0,156000,0.464698,0.535302,-,0.511502,0.528298,0.020979,0.515361,0.533222,0.037962,False
xl_adj,2,B,success_final,300,300,0,46800,0.503523,0.503523,+,0.520456,0.549392,0.901099,0.538822,0.572804,0.962038,False
xl_adj,2,rollout_max,success_final,300,300,0,300,0.462558,0.537442,-,0.527124,0.567735,0.27972,0.539949,0.585686,0.498501,False
xl_adj,2,rollout_mean,success_final,300,300,0,300,0.493972,0.506028,-,0.527427,0.566326,0.87013,0.549979,0.596957,0.961039,False
xl_adj,3,A,success_final,300,300,0,156000,0.478311,0.521689,-,0.511754,0.52937,0.141858,0.528802,0.54918,0.722278,False
xl_adj,3,B,success_final,300,300,0,46800,0.533216,0.533216,+,0.52152,0.553752,0.202797,0.563938,0.600179,0.923077,False
xl_adj,3,rollout_max,success_final,300,300,0,300,0.486863,0.513137,-,0.527319,0.565976,0.708292,0.543244,0.590614,0.852148,False
xl_adj,3,rollout_mean,success_final,300,300,0,300,0.530045,0.530045,+,0.527751,0.569593,0.38961,0.57468,0.622323,0.941059,False
xl_adj,4,A,success_final,300,300,0,156000,0.459076,0.540924,-,0.511885,0.529654,0.006993,0.520413,0.540698,0.045954,False
xl_adj,4,B,success_final,300,300,0,46800,0.479348,0.520652,-,0.520736,0.55163,0.423576,0.550786,0.588651,0.925075,False
xl_adj,4,rollout_max,success_final,300,300,0,300,0.438013,0.561987,-,0.526948,0.566173,0.066933,0.537693,0.581546,0.174825,False
xl_adj,4,rollout_mean,success_final,300,300,0,300,0.464768,0.535232,-,0.526811,0.566463,0.286713,0.559306,0.607973,0.787213,False
xl_adj,5,A,success_final,300,300,0,156000,0.545113,0.545113,+,0.51564,0.537556,0.014985,0.53543,0.560088,0.267732,False
xl_adj,5,B,success_final,300,300,0,46800,0.605621,0.605621,+,0.525095,0.55998,0.000999,0.565155,0.60587,0.052947,False
xl_adj,5,rollout_max,success_final,300,300,0,300,0.534752,0.534752,+,0.528044,0.568305,0.330669,0.553652,0.602483,0.722278,False
xl_adj,5,rollout_mean,success_final,300,300,0,300,0.610884,0.610884,+,0.528274,0.569019,0.000999,0.569221,0.61753,0.080919,False
xl_adj,6,A,success_final,300,300,0,156000,0.584516,0.584516,+,0.516639,0.541402,0.000999,0.544036,0.56863,0.002997,False
xl_adj,6,B,success_final,300,300,0,46800,0.643664,0.643664,+,0.525302,0.562922,0.000999,0.56935,0.608385,0.000999,False
xl_adj,6,rollout_max,success_final,300,300,0,300,0.544983,0.544983,+,0.528182,0.568435,0.203796,0.554636,0.600226,0.636364,False
xl_adj,6,rollout_mean,success_final,300,300,0,300,0.650031,0.650031,+,0.528571,0.570063,0.000999,0.576538,0.619686,0.001998,False
xl_adj,7,A,success_final,300,300,0,156000,0.499604,0.500396,-,0.517723,0.541329,0.99001,0.52433,0.549256,0.995005,False
xl_adj,7,B,success_final,300,300,0,46800,0.559742,0.559742,+,0.526294,0.562523,0.064935,0.548299,0.586572,0.30969,False
xl_adj,7,rollout_max,success_final,300,300,0,300,0.487007,0.512993,-,0.527999,0.567366,0.729271,0.540365,0.586534,0.839161,False
xl_adj,7,rollout_mean,success_final,300,300,0,300,0.558624,0.558624,+,0.52912,0.568718,0.103896,0.554451,0.598948,0.434565,False
xl_adj,8,A,success_final,300,300,0,156000,0.49422,0.50578,-,0.513788,0.533818,0.722278,0.522867,0.545522,0.9001,False
xl_adj,8,B,success_final,300,300,0,46800,0.556415,0.556415,+,0.523811,0.555422,0.045954,0.54926,0.586784,0.368631,False
xl_adj,8,rollout_max,success_final,300,300,0,300,0.474807,0.525193,-,0.52731,0.565594,0.461538,0.542585,0.586505,0.717283,False
xl_adj,8,rollout_mean,success_final,300,300,0,300,0.558048,0.558048,+,0.527458,0.565013,0.081918,0.557767,0.602298,0.482517,False
xl_adj,9,A,success_final,300,300,0,156000,0.525978,0.525978,+,0.518025,0.544963,0.244755,0.526614,0.545167,0.516484,False
xl_adj,9,B,success_final,300,300,0,46800,0.583933,0.583933,+,0.525467,0.562782,0.008991,0.552054,0.586156,0.064935,False
xl_adj,9,rollout_max,success_final,300,300,0,300,0.521519,0.521519,+,0.527602,0.569246,0.526474,0.543816,0.584889,0.778222,False
xl_adj,9,rollout_mean,success_final,300,300,0,300,0.591287,0.591287,+,0.5279,0.569581,0.00999,0.555451,0.593261,0.062937,False
xl_adj,10,A,success_final,300,300,0,156000,0.526204,0.526204,+,0.51559,0.538375,0.174825,0.537117,0.557329,0.805195,False
xl_adj,10,B,success_final,300,300,0,46800,0.580937,0.580937,+,0.525358,0.562882,0.012987,0.553263,0.589523,0.102897,False
xl_adj,10,rollout_max,success_final,300,300,0,300,0.50012,0.50012,+,0.52861,0.572612,0.999001,0.543402,0.588945,0.999001,False
xl_adj,10,rollout_mean,success_final,300,300,0,300,0.594505,0.594505,+,0.528925,0.571552,0.010989,0.557635,0.599652,0.073926,False
xl_adj,11,A,success_final,300,300,0,156000,0.502532,0.502532,+,0.516787,0.540949,0.905095,0.512819,0.530721,0.89011,False
xl_adj,11,B,success_final,300,300,0,46800,0.559819,0.559819,+,0.525953,0.562256,0.058941,0.526398,0.560535,0.053946,False
xl_adj,11,rollout_max,success_final,300,300,0,300,0.498007,0.501993,-,0.52838,0.56869,0.966034,0.522472,0.554469,0.942058,False
xl_adj,11,rollout_mean,success_final,300,300,0,300,0.568375,0.568375,+,0.528963,0.569919,0.057942,0.527524,0.565308,0.036963,False
xl_adj,12,A,success_final,300,300,0,156000,0.537552,0.537552,+,0.517461,0.544086,0.081918,0.515603,0.537995,0.054945,False
xl_adj,12,B,success_final,300,300,0,46800,0.553601,0.553601,+,0.523571,0.557335,0.06993,0.521148,0.549111,0.037962,False
xl_adj,12,rollout_max,success_final,300,300,0,300,0.515683,0.515683,+,0.526868,0.565786,0.62038,0.522249,0.55671,0.567433,False
xl_adj,12,rollout_mean,success_final,300,300,0,300,0.556223,0.556223,+,0.526459,0.564511,0.090909,0.523545,0.554496,0.043956,False
xl_adj,13,A,success_final,300,300,0,156000,0.471461,0.528539,-,0.516229,0.540853,0.152847,0.519824,0.538775,0.217782,False
xl_adj,13,B,success_final,300,300,0,46800,0.439629,0.560371,-,0.524131,0.558904,0.046953,0.542411,0.58029,0.210789,False
xl_adj,13,rollout_max,success_final,300,300,0,300,0.38047,0.61953,-,0.527862,0.570784,0.000999,0.54617,0.590552,0.005994,False
xl_adj,13,rollout_mean,success_final,300,300,0,300,0.433354,0.566646,-,0.528159,0.569768,0.064935,0.551137,0.594959,0.282717,False
xl_adj,14,A,success_final,300,300,0,156000,0.536727,0.536727,+,0.516147,0.539118,0.068931,0.535964,0.557261,0.466533,False
xl_adj,14,B,success_final,300,300,0,46800,0.623008,0.623008,+,0.524247,0.562989,0.000999,0.52172,0.552268,0.000999,False
xl_adj,14,rollout_max,success_final,300,300,0,300,0.512417,0.512417,+,0.528703,0.572275,0.737263,0.531931,0.576983,0.765235,False
xl_adj,14,rollout_mean,success_final,300,300,0,300,0.641241,0.641241,+,0.528346,0.57284,0.000999,0.526962,0.564453,0.000999,False
xl_adj,15,A,success_final,300,300,0,156000,0.53696,0.53696,+,0.516942,0.541842,0.084915,0.517398,0.53808,0.05994,False
xl_adj,15,B,success_final,300,300,0,46800,0.565018,0.565018,+,0.524411,0.559029,0.026973,0.527188,0.560864,0.037962,False
xl_adj,15,rollout_max,success_final,300,300,0,300,0.545944,0.545944,+,0.527902,0.568476,0.18981,0.529822,0.570832,0.208791,False
xl_adj,15,rollout_mean,success_final,300,300,0,300,0.574908,0.574908,+,0.528132,0.567129,0.026973,0.533098,0.573651,0.046953,False
xl_adj,16,A,success_final,300,300,0,156000,0.598253,0.598253,+,0.515239,0.537836,0.000999,0.515632,0.537221,0.000999,False
xl_adj,16,B,success_final,300,300,0,46800,0.65189,0.65189,+,0.523146,0.556551,0.000999,0.527844,0.562869,0.000999,False
xl_adj,16,rollout_max,success_final,300,300,0,300,0.569624,0.569624,+,0.527586,0.56574,0.037962,0.523269,0.557957,0.023976,False
xl_adj,16,rollout_mean,success_final,300,300,0,300,0.672126,0.672126,+,0.52781,0.568046,0.000999,0.531718,0.571452,0.000999,False
xl_adj,17,A,success_final,300,300,0,156000,0.489567,0.510433,-,0.514248,0.533829,0.56044,0.524013,0.547413,0.83017,False
xl_adj,17,B,success_final,300,300,0,46800,0.53343,0.53343,+,0.523585,0.560287,0.257742,0.531466,0.571718,0.422577,False
xl_adj,17,rollout_max,success_final,300,300,0,300,0.453192,0.546808,-,0.528768,0.570544,0.195804,0.536666,0.579672,0.337662,False
xl_adj,17,rollout_mean,success_final,300,300,0,300,0.54311,0.54311,+,0.529143,0.573008,0.237762,0.537307,0.586781,0.370629,False
xl_adj,18,A,success_final,300,300,0,156000,0.478555,0.521445,-,0.516898,0.541104,0.307692,0.539974,0.561633,0.907093,False
xl_adj,18,B,success_final,300,300,0,46800,0.474903,0.525097,-,0.524071,0.561693,0.386613,0.559251,0.594379,0.946054,False
xl_adj,18,rollout_max,success_final,300,300,0,300,0.427782,0.572218,-,0.5275,0.567967,0.038961,0.559893,0.603346,0.32967,False
xl_adj,18,rollout_mean,success_final,300,300,0,300,0.473846,0.526154,-,0.527408,0.569237,0.437562,0.564285,0.604256,0.942058,False
xl_adj,19,A,success_final,300,300,0,156000,0.469305,0.530695,-,0.514115,0.534137,0.084915,0.541515,0.56187,0.813187,False
xl_adj,19,B,success_final,300,300,0,46800,0.455335,0.544665,-,0.522382,0.555707,0.112887,0.554861,0.591252,0.68032,False
xl_adj,19,rollout_max,success_final,300,300,0,300,0.399539,0.600461,-,0.527256,0.564989,0.002997,0.559207,0.603173,0.063936,False
xl_adj,19,rollout_mean,success_final,300,300,0,300,0.444114,0.555886,-,0.526192,0.564657,0.093906,0.564126,0.607966,0.636364,False
xl_adj,20,A,success_final,300,300,0,156000,0.511614,0.511614,+,0.514548,0.536469,0.523477,0.513296,0.531836,0.493506,False
xl_adj,20,B,success_final,300,300,0,46800,0.51017,0.51017,+,0.522949,0.556418,0.709291,0.52229,0.553849,0.723277,False
xl_adj,20,rollout_max,success_final,300,300,0,300,0.443825,0.556175,-,0.527779,0.56728,0.098901,0.524878,0.559972,0.072927,False
xl_adj,20,rollout_mean,success_final,300,300,0,300,0.504779,0.504779,+,0.527498,0.566819,0.907093,0.526008,0.563447,0.889111,False
xl_adj,21,A,success_final,300,300,0,156000,0.467904,0.532096,-,0.516063,0.539812,0.116883,0.536315,0.558608,0.624376,False
xl_adj,21,B,success_final,300,300,0,46800,0.477362,0.522638,-,0.525263,0.562138,0.474525,0.558195,0.59595,0.948052,False
xl_adj,21,rollout_max,success_final,300,300,0,300,0.430616,0.569384,-,0.528732,0.570777,0.053946,0.554282,0.596674,0.278721,False
xl_adj,21,rollout_mean,success_final,300,300,0,300,0.471733,0.528267,-,0.528948,0.571127,0.442557,0.56664,0.610752,0.936064,False
xl_adj,22,A,success_final,300,300,0,156000,0.465795,0.534205,-,0.514573,0.534819,0.055944,0.531018,0.55182,0.410589,False
xl_adj,22,B,success_final,300,300,0,46800,0.432712,0.567288,-,0.524891,0.561154,0.034965,0.547552,0.586435,0.203796,False
xl_adj,22,rollout_max,success_final,300,300,0,300,0.387483,0.612517,-,0.52902,0.572873,0.003996,0.542764,0.589135,0.008991,False
xl_adj,22,rollout_mean,success_final,300,300,0,300,0.416398,0.583602,-,0.529534,0.573126,0.027972,0.553404,0.599071,0.133866,False
xl_adj,23,A,success_final,300,300,0,156000,0.459844,0.540156,-,0.514558,0.535598,0.025974,0.558453,0.581363,0.908092,False
xl_adj,23,B,success_final,300,300,0,46800,0.435848,0.564152,-,0.52397,0.558431,0.030969,0.579906,0.618998,0.735265,False
xl_adj,23,rollout_max,success_final,300,300,0,300,0.36289,0.63711,-,0.5287,0.569357,0.000999,0.587192,0.631068,0.028971,False
xl_adj,23,rollout_mean,success_final,300,300,0,300,0.412748,0.587252,-,0.528474,0.567455,0.015984,0.598757,0.644474,0.658342,False
xl_adj,24,A,success_final,300,300,0,156000,0.38639,0.61361,-,0.516635,0.541773,0.000999,0.585695,0.607919,0.021978,False
xl_adj,24,B,success_final,300,300,0,46800,0.348361,0.651639,-,0.52443,0.558361,0.000999,0.603254,0.639385,0.014985,False
xl_adj,24,rollout_max,success_final,300,300,0,300,0.289159,0.710841,-,0.528123,0.567563,0.000999,0.607859,0.652983,0.000999,False
xl_adj,24,rollout_mean,success_final,300,300,0,300,0.310149,0.689851,-,0.52835,0.567239,0.000999,0.622454,0.663771,0.005994,False
xl_adj,25,A,success_final,300,300,0,156000,0.419171,0.580829,-,0.514843,0.535421,0.000999,0.564274,0.588729,0.142857,False
xl_adj,25,B,success_final,300,300,0,46800,0.393577,0.606423,-,0.524059,0.558468,0.001998,0.578193,0.616629,0.114885,False
xl_adj,25,rollout_max,success_final,300,300,0,300,0.335031,0.664969,-,0.526702,0.56338,0.000999,0.579191,0.626065,0.000999,False
xl_adj,25,rollout_mean,success_final,300,300,0,300,0.365531,0.634469,-,0.528038,0.568349,0.000999,0.589773,0.634101,0.048951,False
xl_adj,26,A,success_final,300,300,0,156000,0.358509,0.641491,-,0.518307,0.544372,0.000999,0.59372,0.615108,0.001998,False
xl_adj,26,B,success_final,300,300,0,46800,0.329716,0.670284,-,0.525337,0.56022,0.000999,0.610195,0.644229,0.002997,False
xl_adj,26,rollout_max,success_final,300,300,0,300,0.290552,0.709448,-,0.527086,0.566029,0.000999,0.608828,0.648742,0.000999,False
xl_adj,26,rollout_mean,success_final,300,300,0,300,0.307988,0.692012,-,0.527784,0.567424,0.000999,0.621593,0.658632,0.001998,False
xl_adj,27,A,success_final,300,300,0,156000,0.355182,0.644818,-,0.517719,0.54255,0.000999,0.594945,0.617393,0.000999,False
xl_adj,27,B,success_final,300,300,0,46800,0.326718,0.673282,-,0.524836,0.560585,0.000999,0.611892,0.646366,0.002997,False
xl_adj,27,rollout_max,success_final,300,300,0,300,0.279792,0.720208,-,0.526972,0.5657,0.000999,0.612812,0.656189,0.000999,False
xl_adj,27,rollout_mean,success_final,300,300,0,300,0.305778,0.694222,-,0.527787,0.568435,0.000999,0.625252,0.663548,0.001998,False
xl_adj,28,A,success_final,300,300,0,156000,0.354647,0.645353,-,0.517808,0.544313,0.000999,0.596881,0.620476,0.000999,False
xl_adj,28,B,success_final,300,300,0,46800,0.320368,0.679632,-,0.524951,0.560902,0.000999,0.605496,0.641414,0.000999,False
xl_adj,28,rollout_max,success_final,300,300,0,300,0.263605,0.736395,-,0.527077,0.569002,0.000999,0.616019,0.659787,0.000999,False
xl_adj,28,rollout_mean,success_final,300,300,0,300,0.292425,0.707575,-,0.528012,0.568243,0.000999,0.618474,0.659693,0.000999,False
xl_adj,29,A,success_final,300,300,0,156000,0.406271,0.593729,-,0.514278,0.536147,0.000999,0.565422,0.586346,0.011988,False
xl_adj,29,B,success_final,300,300,0,46800,0.378487,0.621513,-,0.523067,0.553537,0.000999,0.559284,0.598229,0.003996,False
xl_adj,29,rollout_max,success_final,300,300,0,300,0.345502,0.654498,-,0.528614,0.569535,0.000999,0.544377,0.592087,0.000999,False
xl_adj,29,rollout_mean,success_final,300,300,0,300,0.341179,0.658821,-,0.528029,0.565349,0.000999,0.572272,0.619593,0.000999,False
xl_adj,30,A,success_final,300,300,0,156000,0.418311,0.581689,-,0.51338,0.534057,0.000999,0.551127,0.573216,0.015984,False
xl_adj,30,B,success_final,300,300,0,46800,0.377846,0.622154,-,0.522427,0.554931,0.000999,0.553506,0.59372,0.000999,False
xl_adj,30,rollout_max,success_final,300,300,0,300,0.319852,0.680148,-,0.527041,0.567518,0.000999,0.555628,0.606674,0.000999,False
xl_adj,30,rollout_mean,success_final,300,300,0,300,0.340266,0.659734,-,0.528017,0.56771,0.000999,0.569108,0.616797,0.000999,False
xl_final,0,A,success_final,300,300,0,156000,0.464788,0.535212,-,0.511551,0.528055,0.014985,0.511766,0.527286,0.007992,False
xl_final,0,B,success_final,300,300,0,46800,0.48111,0.51889,-,0.51967,0.548815,0.431568,0.517376,0.542041,0.392607,False
xl_final,0,rollout_max,success_final,300,300,0,300,0.396705,0.603295,-,0.527677,0.567458,0.007992,0.525074,0.560027,0.001998,False
xl_final,0,rollout_mean,success_final,300,300,0,300,0.481099,0.518901,-,0.527371,0.568053,0.583417,0.523961,0.556946,0.528472,False
xl_final,1,A,success_final,300,300,0,156000,0.391979,0.608021,-,0.514238,0.53468,0.000999,0.56257,0.584923,0.000999,False
xl_final,1,B,success_final,300,300,0,46800,0.367728,0.632272,-,0.522557,0.554638,0.000999,0.554044,0.594604,0.000999,False
xl_final,1,rollout_max,success_final,300,300,0,300,0.312743,0.687257,-,0.527475,0.566024,0.000999,0.548409,0.597634,0.000999,False
xl_final,1,rollout_mean,success_final,300,300,0,300,0.329651,0.670349,-,0.527804,0.567811,0.000999,0.57085,0.620604,0.000999,False
xl_final,2,A,success_final,300,300,0,156000,0.374814,0.625186,-,0.514949,0.53678,0.000999,0.563121,0.585868,0.000999,False
xl_final,2,B,success_final,300,300,0,46800,0.371641,0.628359,-,0.5227,0.555912,0.000999,0.54666,0.5861,0.001998,False
xl_final,2,rollout_max,success_final,300,300,0,300,0.341995,0.658005,-,0.527389,0.566627,0.000999,0.543704,0.591962,0.000999,False
xl_final,2,rollout_mean,success_final,300,300,0,300,0.340698,0.659302,-,0.527655,0.566504,0.000999,0.5608,0.608343,0.000999,False
xl_final,3,A,success_final,300,300,0,156000,0.383081,0.616919,-,0.515005,0.536229,0.000999,0.565948,0.588225,0.000999,False
xl_final,3,B,success_final,300,300,0,46800,0.370631,0.629369,-,0.522863,0.555611,0.000999,0.552373,0.591625,0.001998,False
xl_final,3,rollout_max,success_final,300,300,0,300,0.337192,0.662808,-,0.527371,0.568092,0.000999,0.549877,0.600608,0.000999,False
xl_final,3,rollout_mean,success_final,300,300,0,300,0.336664,0.663336,-,0.527826,0.567321,0.000999,0.567767,0.616655,0.000999,False
xl_final,4,A,success_final,300,300,0,156000,0.385561,0.614439,-,0.514908,0.535862,0.000999,0.566662,0.589101,0.000999,False
xl_final,4,B,success_final,300,300,0,46800,0.368161,0.631839,-,0.522812,0.555464,0.000999,0.554533,0.594206,0.000999,False
xl_final,4,rollout_max,success_final,300,300,0,300,0.331836,0.668164,-,0.527384,0.567478,0.000999,0.552704,0.604194,0.000999,False
xl_final,4,rollout_mean,success_final,300,300,0,300,0.331428,0.668572,-,0.527933,0.566615,0.000999,0.570381,0.619146,0.000999,False
xl_final,5,A,success_final,300,300,0,156000,0.385656,0.614344,-,0.51492,0.535314,0.000999,0.567282,0.589635,0.000999,False
xl_final,5,B,success_final,300,300,0,46800,0.370772,0.629228,-,0.522736,0.555594,0.000999,0.554179,0.593961,0.001998,False
xl_final,5,rollout_max,success_final,300,300,0,300,0.333974,0.666026,-,0.527348,0.5679,0.000999,0.552473,0.603516,0.000999,False
xl_final,5,rollout_mean,success_final,300,300,0,300,0.334646,0.665354,-,0.527947,0.567126,0.000999,0.56989,0.61953,0.000999,False
xl_final,6,A,success_final,300,300,0,156000,0.395056,0.604944,-,0.514273,0.534679,0.000999,0.561488,0.583451,0.000999,False
xl_final,6,B,success_final,300,300,0,46800,0.385324,0.614676,-,0.522582,0.555121,0.000999,0.544835,0.583915,0.003996,False
xl_final,6,rollout_max,success_final,300,300,0,300,0.34555,0.65445,-,0.527712,0.567813,0.000999,0.545642,0.594664,0.000999,False
xl_final,6,rollout_mean,success_final,300,300,0,300,0.349344,0.650656,-,0.528034,0.56893,0.000999,0.558518,0.609059,0.001998,False
xl_final,7,A,success_final,300,300,0,156000,0.400387,0.599613,-,0.514146,0.533875,0.000999,0.558209,0.58051,0.001998,False
xl_final,7,B,success_final,300,300,0,46800,0.392917,0.607083,-,0.522437,0.555219,0.000999,0.54091,0.580554,0.003996,False
xl_final,7,rollout_max,success_final,300,300,0,300,0.353523,0.646477,-,0.52755,0.567035,0.000999,0.543511,0.59182,0.001998,False
xl_final,7,rollout_mean,success_final,300,300,0,300,0.359239,0.640761,-,0.528019,0.568618,0.000999,0.552899,0.60306,0.001998,False
xl_final,8,A,success_final,300,300,0,156000,0.39741,0.60259,-,0.51402,0.534576,0.000999,0.556545,0.579127,0.000999,False
xl_final,8,B,success_final,300,300,0,46800,0.397833,0.602167,-,0.522257,0.55524,0.000999,0.535053,0.572746,0.002997,False
xl_final,8,rollout_max,success_final,300,300,0,300,0.356213,0.643787,-,0.527244,0.568185,0.000999,0.53844,0.586964,0.000999,False
xl_final,8,rollout_mean,success_final,300,300,0,300,0.362986,0.637014,-,0.527866,0.567419,0.000999,0.545122,0.593941,0.000999,False
xl_final,9,A,success_final,300,300,0,156000,0.388504,0.611496,-,0.513995,0.53479,0.000999,0.554784,0.576158,0.000999,False
xl_final,9,B,success_final,300,300,0,46800,0.399575,0.600425,-,0.522092,0.553849,0.000999,0.528312,0.565274,0.001998,False
xl_final,9,rollout_max,success_final,300,300,0,300,0.35996,0.64004,-,0.52692,0.56863,0.000999,0.534522,0.579809,0.001998,False
xl_final,9,rollout_mean,success_final,300,300,0,300,0.366348,0.633652,-,0.527494,0.568044,0.000999,0.536744,0.584188,0.000999,False
xl_final,10,A,success_final,300,300,0,156000,0.393325,0.606675,-,0.513529,0.533207,0.000999,0.546351,0.567558,0.000999,False
xl_final,10,B,success_final,300,300,0,46800,0.415181,0.584819,-,0.521725,0.552101,0.004995,0.521814,0.554866,0.001998,False
xl_final,10,rollout_max,success_final,300,300,0,300,0.370911,0.629089,-,0.52664,0.567775,0.000999,0.528772,0.56997,0.000999,False
xl_final,10,rollout_mean,success_final,300,300,0,300,0.382727,0.617273,-,0.526917,0.565877,0.001998,0.528927,0.570443,0.000999,False
xl_final,11,A,success_final,300,300,0,156000,0.412383,0.587617,-,0.51293,0.531938,0.000999,0.522468,0.545008,0.000999,False
xl_final,11,B,success_final,300,300,0,46800,0.455474,0.544526,-,0.521755,0.553635,0.104895,0.522934,0.554459,0.118881,False
xl_final,11,rollout_max,success_final,300,300,0,300,0.393391,0.606609,-,0.52677,0.567962,0.005994,0.525798,0.564208,0.000999,False
xl_final,11,rollout_mean,success_final,300,300,0,300,0.430568,0.569432,-,0.527036,0.566574,0.040959,0.525898,0.564167,0.03996,False
xl_final,12,A,success_final,300,300,0,156000,0.429297,0.570703,-,0.513741,0.533329,0.000999,0.512148,0.529909,0.000999,False
xl_final,12,B,success_final,300,300,0,46800,0.477786,0.522214,-,0.52262,0.555303,0.424575,0.531325,0.568533,0.612388,False
xl_final,12,rollout_max,success_final,300,300,0,300,0.41808,0.58192,-,0.527092,0.564571,0.017982,0.528817,0.570952,0.021978,False
xl_final,12,rollout_mean,success_final,300,300,0,300,0.470868,0.529132,-,0.527446,0.569011,0.395604,0.534972,0.577842,0.537463,False
xl_final,13,A,success_final,300,300,0,156000,0.464047,0.535953,-,0.513713,0.532915,0.035964,0.511766,0.529137,0.011988,False
xl_final,13,B,success_final,300,300,0,46800,0.523369,0.523369,+,0.522775,0.555617,0.404595,0.53446,0.571661,0.655345,False
xl_final,13,rollout_max,success_final,300,300,0,300,0.455882,0.544118,-,0.52697,0.564792,0.185814,0.531432,0.577866,0.262737,False
xl_final,13,rollout_mean,success_final,300,300,0,300,0.533407,0.533407,+,0.52766,0.567578,0.322677,0.539538,0.584339,0.557443,False
xl_final,14,A,success_final,300,300,0,156000,0.477453,0.522547,-,0.513581,0.53419,0.188811,0.517423,0.538226,0.307692,False
xl_final,14,B,success_final,300,300,0,46800,0.528184,0.528184,+,0.52361,0.556581,0.341658,0.542261,0.581174,0.715285,False
xl_final,14,rollout_max,success_final,300,300,0,300,0.478169,0.521831,-,0.527079,0.564631,0.522478,0.54129,0.587699,0.715285,False
xl_final,14,rollout_mean,success_final,300,300,0,300,0.533023,0.533023,+,0.52781,0.567136,0.332667,0.548871,0.595283,0.697303,False
xl_final,15,A,success_final,300,300,0,156000,0.490808,0.509192,-,0.513656,0.535551,0.574426,0.513237,0.530994,0.603397,False
xl_final,15,B,success_final,300,300,0,46800,0.544195,0.544195,+,0.52376,0.557274,0.147852,0.53446,0.572306,0.292707,False
xl_final,15,rollout_max,success_final,300,300,0,300,0.503242,0.503242,+,0.527555,0.565568,0.917083,0.539711,0.58668,0.954046,False
xl_final,15,rollout_mean,success_final,300,300,0,300,0.554734,0.554734,+,0.528589,0.569122,0.133866,0.540792,0.585917,0.272727,False
xl_final,16,A,success_final,300,300,0,156000,0.499401,0.500599,-,0.51307,0.533309,0.971029,0.511299,0.526857,0.971029,False
xl_final,16,B,success_final,300,300,0,46800,0.546045,0.546045,+,0.523111,0.55439,0.107892,0.524985,0.559359,0.142857,False
xl_final,16,rollout_max,success_final,300,300,0,300,0.497094,0.502906,-,0.528064,0.566523,0.941059,0.534001,0.578957,0.944056,False
xl_final,16,rollout_mean,success_final,300,300,0,300,0.553869,0.553869,+,0.527912,0.566166,0.118881,0.530863,0.572873,0.164835,False
xl_final,17,A,success_final,300,300,0,156000,0.520009,0.520009,+,0.514316,0.534549,0.263736,0.510243,0.524864,0.112887,False
xl_final,17,B,success_final,300,300,0,46800,0.564238,0.564238,+,0.523539,0.556121,0.022977,0.519743,0.54712,0.012987,False
xl_final,17,rollout_max,success_final,300,300,0,300,0.506797,0.506797,+,0.528054,0.568478,0.858142,0.525274,0.56343,0.82018,False
xl_final,17,rollout_mean,success_final,300,300,0,300,0.572842,0.572842,+,0.527941,0.566487,0.032967,0.523639,0.5572,0.015984,False
xl_final,18,A,success_final,300,300,0,156000,0.537442,0.537442,+,0.514565,0.535041,0.041958,0.509499,0.523026,0.001998,False
xl_final,18,B,success_final,300,300,0,46800,0.585972,0.585972,+,0.524263,0.55744,0.004995,0.51865,0.544435,0.002997,False
xl_final,18,rollout_max,success_final,300,300,0,300,0.51525,0.51525,+,0.52779,0.566331,0.682318,0.523612,0.557683,0.607393,False
xl_final,18,rollout_mean,success_final,300,300,0,300,0.593064,0.593064,+,0.528479,0.567376,0.006993,0.522362,0.554542,0.003996,False
xl_final,19,A,success_final,300,300,0,156000,0.518831,0.518831,+,0.514521,0.535482,0.301698,0.512377,0.529569,0.228771,False
xl_final,19,B,success_final,300,300,0,46800,0.547011,0.547011,+,0.524366,0.557157,0.113886,0.530566,0.566095,0.206793,False
xl_final,19,rollout_max,success_final,300,300,0,300,0.483164,0.516836,-,0.527792,0.565637,0.65035,0.526502,0.564105,0.607393,False
xl_final,19,rollout_mean,success_final,300,300,0,300,0.547769,0.547769,+,0.5284,0.567241,0.171828,0.5368,0.577376,0.298701,False
xl_final,20,A,success_final,300,300,0,156000,0.496966,0.503034,-,0.515527,0.537574,0.883117,0.526194,0.544511,0.985015,False
xl_final,20,B,success_final,300,300,0,46800,0.494801,0.505199,-,0.525412,0.56046,0.886114,0.555827,0.592125,0.994006,False
xl_final,20,rollout_max,success_final,300,300,0,300,0.440079,0.559921,-,0.52857,0.56709,0.090909,0.546243,0.588789,0.2997,False
xl_final,20,rollout_mean,success_final,300,300,0,300,0.489313,0.510687,-,0.529406,0.569432,0.796204,0.566046,0.608584,0.985015,False
xl_final,21,A,success_final,300,300,0,156000,0.463759,0.536241,-,0.516082,0.539351,0.078921,0.558634,0.579466,0.961039,False
xl_final,21,B,success_final,300,300,0,46800,0.44808,0.55192,-,0.525553,0.562849,0.100899,0.585891,0.623742,0.936064,False
xl_final,21,rollout_max,success_final,300,300,0,300,0.384312,0.615688,-,0.528773,0.57302,0.000999,0.597395,0.637795,0.234765,False
xl_final,21,rollout_mean,success_final,300,300,0,300,0.436957,0.563043,-,0.529117,0.570839,0.080919,0.598022,0.640525,0.908092,False
xl_final,22,A,success_final,300,300,0,156000,0.454366,0.545634,-,0.515519,0.537394,0.021978,0.563769,0.585747,0.927073,False
xl_final,22,B,success_final,300,300,0,46800,0.423245,0.576755,-,0.524987,0.55985,0.014985,0.586337,0.624861,0.651349,False
xl_final,22,rollout_max,success_final,300,300,0,300,0.357462,0.642538,-,0.52873,0.569634,0.000999,0.607462,0.65128,0.094905,False
xl_final,22,rollout_mean,success_final,300,300,0,300,0.406504,0.593496,-,0.529017,0.569677,0.011988,0.599797,0.64475,0.586414,False
xl_final,23,A,success_final,300,300,0,156000,0.413473,0.586527,-,0.516,0.53996,0.000999,0.579233,0.602535,0.28971,False
xl_final,23,B,success_final,300,300,0,46800,0.369022,0.630978,-,0.524432,0.557835,0.000999,0.600538,0.637721,0.092907,False
xl_final,23,rollout_max,success_final,300,300,0,300,0.312551,0.687449,-,0.52806,0.569492,0.000999,0.621282,0.664878,0.003996,False
xl_final,23,rollout_mean,success_final,300,300,0,300,0.342812,0.657188,-,0.528336,0.56868,0.000999,0.616712,0.658459,0.060939,False
xl_final,24,A,success_final,300,300,0,156000,0.387292,0.612708,-,0.516622,0.539867,0.000999,0.585632,0.609094,0.035964,False
xl_final,24,B,success_final,300,300,0,46800,0.347749,0.652251,-,0.524434,0.557216,0.000999,0.600503,0.638721,0.014985,False
xl_final,24,rollout_max,success_final,300,300,0,300,0.300735,0.699265,-,0.527855,0.570878,0.000999,0.614645,0.659515,0.000999,False
xl_final,24,rollout_mean,success_final,300,300,0,300,0.319708,0.680292,-,0.528223,0.567707,0.000999,0.615649,0.658485,0.00999,False
xl_final,25,A,success_final,300,300,0,156000,0.38451,0.61549,-,0.516201,0.539401,0.000999,0.580915,0.605061,0.005994,False
xl_final,25,B,success_final,300,300,0,46800,0.343844,0.656156,-,0.524253,0.556247,0.000999,0.592602,0.63185,0.003996,False
xl_final,25,rollout_max,success_final,300,300,0,300,0.294443,0.705557,-,0.527329,0.567712,0.000999,0.60289,0.650322,0.000999,False
xl_final,25,rollout_mean,success_final,300,300,0,300,0.315337,0.684663,-,0.528203,0.566804,0.000999,0.606241,0.652017,0.001998,False
xl_final,26,A,success_final,300,300,0,156000,0.379978,0.620022,-,0.516434,0.540381,0.000999,0.582891,0.607311,0.002997,False
xl_final,26,B,success_final,300,300,0,46800,0.340862,0.659138,-,0.524123,0.557707,0.000999,0.59282,0.631104,0.001998,False
xl_final,26,rollout_max,success_final,300,300,0,300,0.292761,0.707239,-,0.527606,0.569679,0.000999,0.59722,0.645615,0.000999,False
xl_final,26,rollout_mean,success_final,300,300,0,300,0.310005,0.689995,-,0.528113,0.567174,0.000999,0.606231,0.650432,0.001998,False
xl_final,27,A,success_final,300,300,0,156000,0.369399,0.630601,-,0.517154,0.542085,0.000999,0.586089,0.609802,0.000999,False
xl_final,27,B,success_final,300,300,0,46800,0.328491,0.671509,-,0.524772,0.559729,0.000999,0.597787,0.63695,0.000999,False
xl_final,27,rollout_max,success_final,300,300,0,300,0.283155,0.716845,-,0.527494,0.568584,0.000999,0.604564,0.650896,0.000999,False
xl_final,27,rollout_mean,success_final,300,300,0,300,0.299486,0.700514,-,0.52825,0.568935,0.000999,0.609972,0.655288,0.000999,False
xl_final,28,A,success_final,300,300,0,156000,0.369406,0.630594,-,0.516831,0.540731,0.000999,0.584438,0.608623,0.000999,False
xl_final,28,B,success_final,300,300,0,46800,0.322222,0.677778,-,0.524793,0.559885,0.000999,0.596323,0.634377,0.000999,False
xl_final,28,rollout_max,success_final,300,300,0,300,0.267784,0.732216,-,0.527746,0.568589,0.000999,0.605965,0.651955,0.000999,False
xl_final,28,rollout_mean,success_final,300,300,0,300,0.292906,0.707094,-,0.528318,0.568759,0.000999,0.608862,0.652433,0.000999,False
xl_final,29,A,success_final,300,300,0,156000,0.38477,0.61523,-,0.515805,0.538885,0.000999,0.577161,0.600639,0.003996,False
xl_final,29,B,success_final,300,300,0,46800,0.341541,0.658459,-,0.523956,0.556925,0.000999,0.584305,0.624388,0.000999,False
xl_final,29,rollout_max,success_final,300,300,0,300,0.293338,0.706662,-,0.528063,0.568956,0.000999,0.593724,0.641676,0.000999,False
xl_final,29,rollout_mean,success_final,300,300,0,300,0.307315,0.692685,-,0.528155,0.567566,0.000999,0.597673,0.643761,0.000999,False
xl_final,30,A,success_final,300,300,0,156000,0.418311,0.581689,-,0.51338,0.534057,0.000999,0.551127,0.573216,0.015984,False
xl_final,30,B,success_final,300,300,0,46800,0.377846,0.622154,-,0.522427,0.554931,0.000999,0.553506,0.59372,0.000999,False
xl_final,30,rollout_max,success_final,300,300,0,300,0.319852,0.680148,-,0.527041,0.567518,0.000999,0.555628,0.606674,0.000999,False
xl_final,30,rollout_mean,success_final,300,300,0,300,0.340266,0.659734,-,0.528017,0.56771,0.000999,0.569108,0.616797,0.000999,False
xl_final_hN,0,A,success_final,300,300,0,156000,0.502552,0.502552,+,0.510843,0.527376,0.844156,0.509489,0.523322,0.821179,False
xl_final_hN,0,B,success_final,300,300,0,46800,0.499283,0.500717,-,0.521933,0.556449,0.978022,0.52002,0.549124,0.977023,False
xl_final_hN,0,rollout_max,success_final,300,300,0,300,0.448437,0.551563,-,0.528215,0.568812,0.136863,0.531311,0.571576,0.190809,False
xl_final_hN,0,rollout_mean,success_final,300,300,0,300,0.500793,0.500793,+,0.527742,0.571221,0.982018,0.524523,0.558194,0.977023,False
xl_final_hN,1,A,success_final,300,300,0,156000,0.437397,0.562603,-,0.515122,0.536332,0.001998,0.54496,0.564154,0.06993,False
xl_final_hN,1,B,success_final,300,300,0,46800,0.448321,0.551679,-,0.523602,0.559088,0.083916,0.565877,0.599788,0.729271,False
xl_final_hN,1,rollout_max,success_final,300,300,0,300,0.415438,0.584562,-,0.527313,0.567835,0.012987,0.559462,0.605079,0.178821,False
xl_final_hN,1,rollout_mean,success_final,300,300,0,300,0.437005,0.562995,-,0.527832,0.571072,0.081918,0.578953,0.618882,0.724276,False
xl_final_hN,2,A,success_final,300,300,0,156000,0.436781,0.563219,-,0.515203,0.5366,0.001998,0.545361,0.564561,0.065934,False
xl_final_hN,2,B,success_final,300,300,0,46800,0.44975,0.55025,-,0.523653,0.558617,0.095904,0.565966,0.600032,0.751249,False
xl_final_hN,2,rollout_max,success_final,300,300,0,300,0.417936,0.582064,-,0.527409,0.568478,0.015984,0.558151,0.603876,0.187812,False
xl_final_hN,2,rollout_mean,success_final,300,300,0,300,0.439791,0.560209,-,0.527896,0.569597,0.0999,0.578794,0.618606,0.754246,False
xl_final_hN,3,A,success_final,300,300,0,156000,0.43551,0.56449,-,0.515245,0.5365,0.001998,0.545983,0.565152,0.057942,False
xl_final_hN,3,B,success_final,300,300,0,46800,0.447774,0.552226,-,0.523684,0.558369,0.085914,0.566555,0.600592,0.733267,False
xl_final_hN,3,rollout_max,success_final,300,300,0,300,0.416735,0.583265,-,0.527407,0.568574,0.014985,0.558224,0.603881,0.177822,False
xl_final_hN,3,rollout_mean,success_final,300,300,0,300,0.438109,0.561891,-,0.527901,0.569381,0.090909,0.579078,0.619079,0.736264,False
xl_final_hN,4,A,success_final,300,300,0,156000,0.435552,0.564448,-,0.51524,0.536363,0.001998,0.546066,0.565161,0.058941,False
xl_final_hN,4,B,success_final,300,300,0,46800,0.447386,0.552614,-,0.52369,0.558057,0.080919,0.56691,0.600833,0.734266,False
xl_final_hN,4,rollout_max,success_final,300,300,0,300,0.416639,0.583361,-,0.527424,0.568526,0.014985,0.558118,0.603569,0.177822,False
xl_final_hN,4,rollout_mean,success_final,300,300,0,300,0.437821,0.562179,-,0.527885,0.56965,0.090909,0.579703,0.619196,0.74026,False
xl_final_hN,5,A,success_final,300,300,0,156000,0.435793,0.564207,-,0.515254,0.53642,0.001998,0.546083,0.56511,0.061938,False
xl_final_hN,5,B,success_final,300,300,0,46800,0.447785,0.552215,-,0.523693,0.558156,0.086913,0.566996,0.600873,0.739261,False
xl_final_hN,5,rollout_max,success_final,300,300,0,300,0.416543,0.583457,-,0.527426,0.568433,0.014985,0.557998,0.603189,0.175824,False
xl_final_hN,5,rollout_mean,success_final,300,300,0,300,0.438254,0.561746,-,0.527884,0.569437,0.092907,0.579934,0.619487,0.743257,False
xl_final_hN,6,A,success_final,300,300,0,156000,0.437498,0.562502,-,0.515155,0.536294,0.001998,0.545059,0.564054,0.074925,False
xl_final_hN,6,B,success_final,300,300,0,46800,0.450954,0.549046,-,0.52362,0.558363,0.102897,0.565335,0.59972,0.758242,False
xl_final_hN,6,rollout_max,success_final,300,300,0,300,0.417551,0.582449,-,0.527461,0.56843,0.013986,0.557206,0.602644,0.177822,False
xl_final_hN,6,rollout_mean,success_final,300,300,0,300,0.441184,0.558816,-,0.52786,0.568735,0.104895,0.578437,0.617659,0.771229,False
xl_final_hN,7,A,success_final,300,300,0,156000,0.438758,0.561242,-,0.515128,0.536019,0.001998,0.545517,0.564595,0.094905,False
xl_final_hN,7,B,success_final,300,300,0,46800,0.454549,0.545451,-,0.523594,0.558043,0.133866,0.566618,0.600994,0.823177,False
xl_final_hN,7,rollout_max,success_final,300,300,0,300,0.419232,0.580768,-,0.527469,0.567849,0.017982,0.557074,0.602824,0.18981,False
xl_final_hN,7,rollout_mean,success_final,300,300,0,300,0.445122,0.554878,-,0.527804,0.569338,0.12987,0.579525,0.619494,0.824176,False
xl_final_hN,8,A,success_final,300,300,0,156000,0.438406,0.561594,-,0.515128,0.535892,0.001998,0.5442,0.563399,0.075924,False
xl_final_hN,8,B,success_final,300,300,0,46800,0.453376,0.546624,-,0.523643,0.557824,0.123876,0.56478,0.599383,0.775225,False
xl_final_hN,8,rollout_max,success_final,300,300,0,300,0.417599,0.582401,-,0.52748,0.567967,0.015984,0.55636,0.601828,0.16983,False
xl_final_hN,8,rollout_mean,success_final,300,300,0,300,0.444306,0.555694,-,0.527851,0.569636,0.125874,0.577651,0.617472,0.79021,False
xl_final_hN,9,A,success_final,300,300,0,156000,0.437296,0.562704,-,0.515145,0.536414,0.001998,0.543768,0.562991,0.052947,False
xl_final_hN,9,B,success_final,300,300,0,46800,0.45114,0.54886,-,0.523663,0.557777,0.103896,0.565107,0.599175,0.758242,False
xl_final_hN,9,rollout_max,success_final,300,300,0,300,0.416927,0.583073,-,0.527471,0.568106,0.014985,0.556214,0.601929,0.161838,False
xl_final_hN,9,rollout_mean,success_final,300,300,0,300,0.444066,0.555934,-,0.52782,0.569213,0.128871,0.57759,0.618236,0.788212,False
xl_final_hN,10,A,success_final,300,300,0,156000,0.441154,0.558846,-,0.51511,0.536063,0.002997,0.542526,0.561719,0.083916,False
xl_final_hN,10,B,success_final,300,300,0,46800,0.457398,0.542602,-,0.523636,0.558427,0.154845,0.563454,0.597377,0.818182,False
xl_final_hN,10,rollout_max,success_final,300,300,0,300,0.419857,0.580143,-,0.527472,0.568382,0.018981,0.555727,0.60044,0.181818,False
xl_final_hN,10,rollout_mean,success_final,300,300,0,300,0.450406,0.549594,-,0.527754,0.570537,0.165834,0.57609,0.615366,0.838162,False
xl_final_hN,11,A,success_final,300,300,0,156000,0.443318,0.556682,-,0.514864,0.536287,0.002997,0.540855,0.560228,0.093906,False
xl_final_hN,11,B,success_final,300,300,0,46800,0.463358,0.536642,-,0.523347,0.558703,0.213786,0.562361,0.596022,0.88012,False
xl_final_hN,11,rollout_max,success_final,300,300,0,300,0.422403,0.577597,-,0.527371,0.567952,0.026973,0.554536,0.599424,0.196803,False
xl_final_hN,11,rollout_mean,success_final,300,300,0,300,0.457947,0.542053,-,0.527638,0.570025,0.227772,0.574644,0.614739,0.896104,False
xl_final_hN,12,A,success_final,300,300,0,156000,0.444665,0.555335,-,0.515002,0.536057,0.004995,0.540911,0.559272,0.108891,False
xl_final_hN,12,B,success_final,300,300,0,46800,0.468214,0.531786,-,0.523271,0.558742,0.27972,0.562496,0.596451,0.923077,False
xl_final_hN,12,rollout_max,success_final,300,300,0,300,0.417936,0.582064,-,0.527336,0.568185,0.016983,0.555798,0.601427,0.171828,False
xl_final_hN,12,rollout_mean,success_final,300,300,0,300,0.463231,0.536769,-,0.527384,0.570373,0.294705,0.573902,0.613437,0.932068,False
xl_final_hN,13,A,success_final,300,300,0,156000,0.440018,0.559982,-,0.514996,0.536136,0.001998,0.543489,0.562205,0.076923,False
xl_final_hN,13,B,success_final,300,300,0,46800,0.464868,0.535132,-,0.523254,0.55906,0.23976,0.567627,0.601027,0.932068,False
xl_final_hN,13,rollout_max,success_final,300,300,0,300,0.409674,0.590326,-,0.527367,0.5679,0.007992,0.558844,0.602692,0.112887,False
xl_final_hN,13,rollout_mean,success_final,300,300,0,300,0.461309,0.538691,-,0.527235,0.570265,0.271728,0.579021,0.618718,0.947053,False
xl_final_hN,14,A,success_final,300,300,0,156000,0.437576,0.562424,-,0.514935,0.536647,0.001998,0.544838,0.563562,0.065934,False
xl_final_hN,14,B,success_final,300,300,0,46800,0.46464,0.53536,-,0.523434,0.558089,0.22977,0.566576,0.600426,0.917083,False
xl_final_hN,14,rollout_max,success_final,300,300,0,300,0.410298,0.589702,-,0.527527,0.567818,0.007992,0.560923,0.606055,0.137862,False
xl_final_hN,14,rollout_mean,success_final,300,300,0,300,0.461165,0.538835,-,0.52741,0.566528,0.261738,0.578845,0.619057,0.938062,False
xl_final_hN,15,A,success_final,300,300,0,156000,0.432027,0.567973,-,0.515232,0.536958,0.000999,0.547838,0.565867,0.037962,False
xl_final_hN,15,B,success_final,300,300,0,46800,0.4516,0.5484,-,0.523656,0.556448,0.095904,0.574764,0.607842,0.88012,False
xl_final_hN,15,rollout_max,success_final,300,300,0,300,0.401893,0.598107,-,0.527884,0.566891,0.003996,0.565563,0.608622,0.110889,False
xl_final_hN,15,rollout_mean,success_final,300,300,0,300,0.446947,0.553053,-,0.527435,0.566696,0.121878,0.586133,0.624821,0.903097,False
xl_final_hN,16,A,success_final,300,300,0,156000,0.437009,0.562991,-,0.514594,0.534984,0.000999,0.543812,0.564671,0.055944,False
xl_final_hN,16,B,success_final,300,300,0,46800,0.453386,0.546614,-,0.52286,0.557102,0.106893,0.572112,0.607059,0.865135,False
xl_final_hN,16,rollout_max,success_final,300,300,0,300,0.406936,0.593064,-,0.527611,0.565933,0.010989,0.56177,0.605043,0.116883,False
xl_final_hN,16,rollout_mean,success_final,300,300,0,300,0.453048,0.546952,-,0.526596,0.567129,0.162837,0.580292,0.622326,0.888112,False
xl_final_hN,17,A,success_final,300,300,0,156000,0.458596,0.541404,-,0.514281,0.536283,0.025974,0.532123,0.553909,0.251748,False
xl_final_hN,17,B,success_final,300,300,0,46800,0.475164,0.524836,-,0.522575,0.555714,0.368631,0.556043,0.592199,0.909091,False
xl_final_hN,17,rollout_max,success_final,300,300,0,300,0.436572,0.563428,-,0.526908,0.563428,0.051948,0.548341,0.590999,0.273726,False
xl_final_hN,17,rollout_mean,success_final,300,300,0,300,0.475191,0.524809,-,0.525845,0.565877,0.445554,0.56255,0.605084,0.919081,False
xl_final_hN,18,A,success_final,300,300,0,156000,0.478394,0.521606,-,0.515,0.536227,0.250749,0.527208,0.547893,0.674326,False
xl_final_hN,18,B,success_final,300,300,0,46800,0.495945,0.504055,-,0.523402,0.558419,0.891109,0.551017,0.589024,0.989011,False
xl_final_hN,18,rollout_max,success_final,300,300,0,300,0.455113,0.544887,-,0.526494,0.566218,0.183816,0.541472,0.584713,0.423576,False
xl_final_hN,18,rollout_mean,success_final,300,300,0,300,0.498535,0.501465,-,0.526703,0.566074,0.964036,0.556323,0.600471,0.995005,False
xl_final_hN,19,A,success_final,300,300,0,156000,0.480398,0.519602,-,0.515311,0.537704,0.306693,0.525963,0.546755,0.693307,False
xl_final_hN,19,B,success_final,300,300,0,46800,0.493032,0.506968,-,0.523403,0.55849,0.81019,0.54746,0.585583,0.971029,False
xl_final_hN,19,rollout_max,success_final,300,300,0,300,0.459964,0.540036,-,0.527149,0.56782,0.238761,0.539241,0.581161,0.45954,False
xl_final_hN,19,rollout_mean,success_final,300,300,0,300,0.494644,0.505356,-,0.526812,0.56637,0.865135,0.552405,0.597697,0.979021,False
xl_final_hN,20,A,success_final,300,300,0,156000,0.472163,0.527837,-,0.515523,0.537767,0.144855,0.530458,0.550524,0.576424,False
xl_final_hN,20,B,success_final,300,300,0,46800,0.475765,0.524235,-,0.523636,0.557985,0.401598,0.550321,0.587458,0.865135,False
xl_final_hN,20,rollout_max,success_final,300,300,0,300,0.465056,0.534944,-,0.52749,0.566701,0.313686,0.537424,0.580203,0.515485,False
xl_final_hN,20,rollout_mean,success_final,300,300,0,300,0.470051,0.529949,-,0.527307,0.566665,0.374625,0.557162,0.60072,0.837163,False
xl_final_hN,21,A,success_final,300,300,0,156000,0.460649,0.539351,-,0.515481,0.538397,0.047952,0.546473,0.567239,0.72028,False
xl_final_hN,21,B,success_final,300,300,0,46800,0.473155,0.526845,-,0.523751,0.559969,0.35964,0.566381,0.604501,0.961039,False
xl_final_hN,21,rollout_max,success_final,300,300,0,300,0.457707,0.542293,-,0.527408,0.569922,0.220779,0.548156,0.591623,0.579421,False
xl_final_hN,21,rollout_mean,success_final,300,300,0,300,0.467842,0.532158,-,0.527409,0.570164,0.346653,0.57621,0.621019,0.953047,False
xl_final_hN,22,A,success_final,300,300,0,156000,0.453243,0.546757,-,0.514681,0.536641,0.011988,0.548432,0.570312,0.578422,False
xl_final_hN,22,B,success_final,300,300,0,46800,0.465224,0.534776,-,0.52341,0.558661,0.23976,0.565427,0.603796,0.889111,False
xl_final_hN,22,rollout_max,success_final,300,300,0,300,0.450406,0.549594,-,0.527693,0.569924,0.156843,0.547485,0.594181,0.458541,False
xl_final_hN,22,rollout_mean,success_final,300,300,0,300,0.460301,0.539699,-,0.527437,0.570018,0.24975,0.575612,0.620409,0.889111,False
xl_final_hN,23,A,success_final,300,300,0,156000,0.43814,0.56186,-,0.514536,0.536419,0.000999,0.556562,0.577871,0.328671,False
xl_final_hN,23,B,success_final,300,300,0,46800,0.46075,0.53925,-,0.523454,0.559954,0.188811,0.572532,0.610171,0.909091,False
xl_final_hN,23,rollout_max,success_final,300,300,0,300,0.449493,0.550507,-,0.527621,0.571312,0.14985,0.55905,0.606376,0.617383,False
xl_final_hN,23,rollout_mean,success_final,300,300,0,300,0.453816,0.546184,-,0.527781,0.571219,0.203796,0.585411,0.630398,0.91009,False
xl_final_hN,24,A,success_final,300,300,0,156000,0.429141,0.570859,-,0.514629,0.536522,0.000999,0.557164,0.577492,0.13986,False
xl_final_hN,24,B,success_final,300,300,0,46800,0.447689,0.552311,-,0.5232,0.559727,0.083916,0.575913,0.613065,0.84016,False
xl_final_hN,24,rollout_max,success_final,300,300,0,300,0.443393,0.556607,-,0.527378,0.570637,0.110889,0.566164,0.613055,0.632368,False
xl_final_hN,24,rollout_mean,success_final,300,300,0,300,0.439022,0.560978,-,0.527733,0.570633,0.085914,0.589742,0.63247,0.849151,False
xl_final_hN,25,A,success_final,300,300,0,156000,0.42858,0.57142,-,0.51417,0.534632,0.000999,0.553963,0.574029,0.068931,False
xl_final_hN,25,B,success_final,300,300,0,46800,0.43986,0.56014,-,0.523145,0.55807,0.042957,0.57735,0.612117,0.787213,False
xl_final_hN,25,rollout_max,success_final,300,300,0,300,0.443009,0.556991,-,0.527444,0.570097,0.095904,0.565305,0.611038,0.621379,False
xl_final_hN,25,rollout_mean,success_final,300,300,0,300,0.426581,0.573419,-,0.527972,0.568152,0.045954,0.593301,0.635849,0.776224,False
xl_final_hN,26,A,success_final,300,300,0,156000,0.435982,0.564018,-,0.514116,0.534066,0.000999,0.549841,0.569401,0.10989,False
xl_final_hN,26,B,success_final,300,300,0,46800,0.445636,0.554364,-,0.522814,0.55639,0.062937,0.572075,0.606755,0.794206,False
xl_final_hN,26,rollout_max,success_final,300,300,0,300,0.451799,0.548201,-,0.527446,0.570467,0.166833,0.561853,0.607534,0.689311,False
xl_final_hN,26,rollout_mean,success_final,300,300,0,300,0.43321,0.56679,-,0.527688,0.569955,0.060939,0.587528,0.63082,0.79021,False
xl_final_hN,27,A,success_final,300,300,0,156000,0.447156,0.552844,-,0.513882,0.533125,0.002997,0.537485,0.557928,0.114885,False
xl_final_hN,27,B,success_final,300,300,0,46800,0.447402,0.552598,-,0.522704,0.557037,0.072927,0.557106,0.594918,0.581419,False
xl_final_hN,27,rollout_max,success_final,300,300,0,300,0.457371,0.542629,-,0.527297,0.573644,0.216783,0.549014,0.595384,0.57043,False
xl_final_hN,27,rollout_mean,success_final,300,300,0,300,0.434699,0.565301,-,0.527875,0.569549,0.061938,0.569608,0.616711,0.553447,False
xl_final_hN,28,A,success_final,300,300,0,156000,0.469022,0.530978,-,0.513809,0.533758,0.070929,0.521825,0.541799,0.227772,False
xl_final_hN,28,B,success_final,300,300,0,46800,0.466462,0.533538,-,0.52268,0.554665,0.23976,0.537694,0.573878,0.542458,False
xl_final_hN,28,rollout_max,success_final,300,300,0,300,0.466545,0.533455,-,0.527708,0.57486,0.346653,0.535033,0.577271,0.47952,False
xl_final_hN,28,rollout_mean,success_final,300,300,0,300,0.458139,0.541861,-,0.528094,0.570167,0.234765,0.546476,0.592497,0.531469,False
xl_final_hN,29,A,success_final,300,300,0,156000,0.50404,0.50404,+,0.514079,0.534745,0.825175,0.511217,0.52919,0.763237,False
xl_final_hN,29,B,success_final,300,300,0,46800,0.500547,0.500547,+,0.523343,0.55798,0.99001,0.519092,0.546848,0.985015,False
xl_final_hN,29,rollout_max,success_final,300,300,0,300,0.485326,0.514674,-,0.528445,0.575126,0.654346,0.524955,0.558785,0.651349,False
xl_final_hN,29,rollout_mean,success_final,300,300,0,300,0.501369,0.501369,+,0.528865,0.5707,0.98002,0.523604,0.560361,0.961039,False
xl_final_hN,30,A,success_final,300,300,0,156000,0.528843,0.528843,+,0.514629,0.536265,0.115884,0.528309,0.549971,0.480519,False
xl_final_hN,30,B,success_final,300,300,0,46800,0.525872,0.525872,+,0.524101,0.558108,0.390609,0.533366,0.570652,0.605395,False
xl_final_hN,30,rollout_max,success_final,300,300,0,300,0.485518,0.514482,-,0.528713,0.570966,0.698302,0.534907,0.582891,0.755245,False
xl_final_hN,30,rollout_mean,success_final,300,300,0,300,0.532398,0.532398,+,0.529236,0.570731,0.386613,0.542848,0.588904,0.618382,False
xl_final_hN,31,A,success_final,300,300,0,156000,0.530847,0.530847,+,0.514549,0.535861,0.088911,0.525657,0.54604,0.350649,False
xl_final_hN,31,B,success_final,300,300,0,46800,0.538683,0.538683,+,0.523807,0.557663,0.192807,0.533025,0.569902,0.386613,False
xl_final_hN,31,rollout_max,success_final,300,300,0,300,0.492963,0.507037,-,0.52859,0.570344,0.859141,0.532697,0.576992,0.864136,False
xl_final_hN,31,rollout_mean,success_final,300,300,0,300,0.550747,0.550747,+,0.529082,0.572234,0.161838,0.544609,0.589944,0.398601,False
xl_spread,-1,A,success_final,300,300,0,156000,0.447678,0.552322,-,0.515515,0.537726,0.011988,0.542308,0.560719,0.18981,False
xl_spread,-1,B,success_final,300,300,0,46800,0.502351,0.502351,+,0.523553,0.556876,0.931069,0.536369,0.571879,0.977023,False
xl_spread,-1,rollout_max,success_final,300,300,0,300,0.455305,0.544695,-,0.52752,0.571065,0.197802,0.533838,0.575342,0.315684,False
xl_spread,-1,rollout_mean,success_final,300,300,0,300,0.49988,0.50012,-,0.527754,0.567667,1.0,0.546228,0.589462,1.0,False
act_rep,-1,A,success_final,300,300,0,155700,0.539728,0.539728,+,0.508123,0.519676,0.000999,0.507424,0.518394,0.000999,False
act_rep,-1,B,success_final,300,300,0,46800,0.520062,0.520062,+,0.513946,0.532999,0.252747,0.516582,0.538547,0.345654,False
act_rep,-1,rollout_max,success_final,300,300,0,300,0.5,0.5,+,0.5,0.5,1.0,0.5,0.5,1.0,True
act_rep,-1,rollout_mean,success_final,300,300,0,300,0.535857,0.535857,+,0.528038,0.566259,0.318681,0.5324,0.574795,0.392607,False
t,-1,A,success_final,300,300,0,156000,0.5,0.5,+,0.5,0.5,1.0,0.5,0.5,1.0,True
t,-1,B,success_final,300,300,0,46800,0.5,0.5,+,0.5,0.5,1.0,0.5,0.5,1.0,True
t,-1,rollout_max,success_final,300,300,0,300,0.5,0.5,+,0.5,0.5,1.0,0.5,0.5,1.0,True
t,-1,rollout_mean,success_final,300,300,0,300,0.5,0.5,+,0.5,0.5,1.0,0.5,0.5,1.0,True
t_norm,-1,A,success_final,300,300,0,156000,0.5,0.5,+,0.5,0.5,1.0,0.5,0.5,1.0,True
t_norm,-1,B,success_final,300,300,0,46800,0.5,0.5,+,0.5,0.5,1.0,0.5,0.5,1.0,True
t_norm,-1,rollout_max,success_final,300,300,0,300,0.5,0.5,+,0.5,0.5,1.0,0.5,0.5,1.0,True
t_norm,-1,rollout_mean,success_final,300,300,0,300,0.5,0.5,+,0.5,0.5,1.0,0.5,0.5,1.0,True
act_dir,-1,A,success_ever_strict,271,271,29,74901,0.523221,0.523221,+,0.503479,0.50879,0.000999,0.50655,0.512954,0.000999,False
act_dir,-1,B,success_ever_strict,197,197,103,14782,0.502079,0.502079,+,0.508845,0.522374,0.852148,0.511013,0.524728,0.892108,False
act_dir,-1,rollout_max,success_ever_strict,197,197,103,197,0.501254,0.501254,+,0.506325,0.512987,1.0,0.506278,0.513699,1.0,False
act_dir,-1,rollout_mean,success_ever_strict,197,197,103,197,0.520794,0.520794,+,0.533611,0.582014,0.625375,0.543336,0.601862,0.724276,False
act_mag,-1,A,success_ever_strict,272,272,28,141168,0.4441,0.5559,-,0.510204,0.525546,0.000999,0.510668,0.525537,0.000999,False
act_mag,-1,B,success_ever_strict,272,272,28,42432,0.46524,0.53476,-,0.515873,0.538666,0.078921,0.516762,0.540649,0.090909,False
act_mag,-1,rollout_max,success_ever_strict,272,272,28,272,0.367113,0.632887,-,0.528143,0.569177,0.000999,0.526018,0.563992,0.000999,False
act_mag,-1,rollout_mean,success_ever_strict,272,272,28,272,0.403135,0.596865,-,0.5281,0.568812,0.003996,0.527723,0.569556,0.005994,False
emb_temp,0,A,success_ever_strict,272,272,28,141168,0.431805,0.568195,-,0.510517,0.526524,0.000999,0.510616,0.525152,0.000999,False
emb_temp,0,B,success_ever_strict,272,272,28,42432,0.466678,0.533322,-,0.518816,0.544906,0.147852,0.522653,0.555307,0.234765,False
emb_temp,0,rollout_max,success_ever_strict,272,272,28,272,0.388473,0.611527,-,0.52795,0.569432,0.002997,0.526251,0.565892,0.000999,False
emb_temp,0,rollout_mean,success_ever_strict,272,272,28,272,0.441127,0.558873,-,0.52787,0.568506,0.082917,0.53167,0.577925,0.142857,False
emb_temp,1,A,success_ever_strict,272,272,28,141168,0.429192,0.570808,-,0.511209,0.528818,0.000999,0.511216,0.52638,0.000999,False
emb_temp,1,B,success_ever_strict,272,272,28,42432,0.464433,0.535567,-,0.520755,0.550788,0.16983,0.523233,0.555873,0.222777,False
emb_temp,1,rollout_max,success_ever_strict,272,272,28,272,0.377272,0.622728,-,0.527837,0.566149,0.000999,0.526412,0.563873,0.000999,False
emb_temp,1,rollout_mean,success_ever_strict,272,272,28,272,0.440423,0.559577,-,0.527853,0.567124,0.07992,0.530936,0.574568,0.132867,False
emb_temp,2,A,success_ever_strict,272,272,28,141168,0.43196,0.56804,-,0.511493,0.529593,0.000999,0.510985,0.525629,0.000999,False
emb_temp,2,B,success_ever_strict,272,272,28,42432,0.468157,0.531843,-,0.521141,0.551453,0.226773,0.524479,0.558065,0.305694,False
emb_temp,2,rollout_max,success_ever_strict,272,272,28,272,0.416165,0.583835,-,0.527632,0.568768,0.016983,0.532035,0.576914,0.033966,False
emb_temp,2,rollout_mean,success_ever_strict,272,272,28,272,0.447571,0.552429,-,0.527742,0.567873,0.124875,0.533239,0.579777,0.220779,False
emb_temp,3,A,success_ever_strict,272,272,28,141168,0.428673,0.571327,-,0.511515,0.52948,0.000999,0.511133,0.52592,0.000999,False
emb_temp,3,B,success_ever_strict,272,272,28,42432,0.456899,0.543101,-,0.520986,0.550749,0.103896,0.523156,0.556135,0.138861,False
emb_temp,3,rollout_max,success_ever_strict,272,272,28,272,0.414955,0.585045,-,0.527259,0.568622,0.012987,0.52973,0.572958,0.022977,False
emb_temp,3,rollout_mean,success_ever_strict,272,272,28,272,0.450104,0.549896,-,0.527731,0.568926,0.145854,0.533328,0.580748,0.248751,False
emb_temp,4,A,success_ever_strict,272,272,28,141168,0.42711,0.57289,-,0.51149,0.529828,0.000999,0.511239,0.526058,0.000999,False
emb_temp,4,B,success_ever_strict,272,272,28,42432,0.454223,0.545777,-,0.520923,0.550584,0.078921,0.523227,0.555747,0.114885,False
emb_temp,4,rollout_max,success_ever_strict,272,272,28,272,0.412647,0.587353,-,0.527462,0.567448,0.013986,0.527538,0.567973,0.006993,False
emb_temp,4,rollout_mean,success_ever_strict,272,272,28,272,0.446671,0.553329,-,0.527746,0.56809,0.112887,0.532502,0.579501,0.195804,False
emb_temp,5,A,success_ever_strict,272,272,28,141168,0.424498,0.575502,-,0.511582,0.530014,0.000999,0.51178,0.527723,0.000999,False
emb_temp,5,B,success_ever_strict,272,272,28,42432,0.45354,0.54646,-,0.521021,0.551171,0.072927,0.522997,0.555547,0.107892,False
emb_temp,5,rollout_max,success_ever_strict,272,272,28,272,0.416052,0.583948,-,0.527544,0.568,0.016983,0.525956,0.563981,0.005994,False
emb_temp,5,rollout_mean,success_ever_strict,272,272,28,272,0.443237,0.556763,-,0.527697,0.568078,0.088911,0.531299,0.576845,0.153846,False
emb_temp,6,A,success_ever_strict,272,272,28,141168,0.428139,0.571861,-,0.511627,0.529935,0.000999,0.511575,0.527362,0.000999,False
emb_temp,6,B,success_ever_strict,272,272,28,42432,0.462554,0.537446,-,0.52086,0.549475,0.148851,0.5231,0.55694,0.188811,False
emb_temp,6,rollout_max,success_ever_strict,272,272,28,272,0.416896,0.583104,-,0.527647,0.56735,0.017982,0.525611,0.562619,0.006993,False
emb_temp,6,rollout_mean,success_ever_strict,272,272,28,272,0.440986,0.559014,-,0.527735,0.568219,0.080919,0.530825,0.575564,0.133866,False
emb_temp,7,A,success_ever_strict,272,272,28,141168,0.42772,0.57228,-,0.51164,0.529687,0.000999,0.511945,0.528809,0.000999,False
emb_temp,7,B,success_ever_strict,272,272,28,42432,0.464993,0.535007,-,0.520905,0.550012,0.183816,0.522758,0.555178,0.217782,False
emb_temp,7,rollout_max,success_ever_strict,272,272,28,272,0.414645,0.585355,-,0.527511,0.566837,0.012987,0.525078,0.560657,0.005994,False
emb_temp,7,rollout_mean,success_ever_strict,272,272,28,272,0.436202,0.563798,-,0.527692,0.567195,0.068931,0.529722,0.572919,0.08991,False
emb_temp,8,A,success_ever_strict,272,272,28,141168,0.426482,0.573518,-,0.511782,0.53018,0.000999,0.512363,0.529401,0.000999,False
emb_temp,8,B,success_ever_strict,272,272,28,42432,0.462063,0.537937,-,0.520932,0.551369,0.147852,0.522369,0.554324,0.181818,False
emb_temp,8,rollout_max,success_ever_strict,272,272,28,272,0.410227,0.589773,-,0.527617,0.566221,0.005994,0.52504,0.560829,0.002997,False
emb_temp,8,rollout_mean,success_ever_strict,272,272,28,272,0.433444,0.566556,-,0.527713,0.567729,0.052947,0.529098,0.571183,0.070929,False
emb_temp,9,A,success_ever_strict,272,272,28,141168,0.427136,0.572864,-,0.51187,0.530069,0.000999,0.512632,0.529901,0.000999,False
emb_temp,9,B,success_ever_strict,272,272,28,42432,0.458714,0.541286,-,0.520845,0.551097,0.110889,0.521923,0.553794,0.130869,False
emb_temp,9,rollout_max,success_ever_strict,272,272,28,272,0.410762,0.589238,-,0.527709,0.568419,0.005994,0.524803,0.560348,0.002997,False
emb_temp,9,rollout_mean,success_ever_strict,272,272,28,272,0.430574,0.569426,-,0.527795,0.569542,0.052947,0.528065,0.569446,0.051948,False
emb_temp,10,A,success_ever_strict,272,272,28,141168,0.429282,0.570718,-,0.511863,0.53043,0.000999,0.512384,0.529735,0.000999,False
emb_temp,10,B,success_ever_strict,272,272,28,42432,0.460553,0.539447,-,0.520891,0.550583,0.136863,0.522387,0.554874,0.164835,False
emb_temp,10,rollout_max,success_ever_strict,272,272,28,272,0.412563,0.587437,-,0.527649,0.565971,0.010989,0.524879,0.559577,0.003996,False
emb_temp,10,rollout_mean,success_ever_strict,272,272,28,272,0.429842,0.570158,-,0.527856,0.568138,0.044955,0.527785,0.569094,0.045954,False
emb_temp,11,A,success_ever_strict,272,272,28,141168,0.432704,0.567296,-,0.511769,0.530039,0.000999,0.51146,0.527146,0.000999,False
emb_temp,11,B,success_ever_strict,272,272,28,42432,0.462307,0.537693,-,0.520828,0.550402,0.151848,0.523234,0.556458,0.1998,False
emb_temp,11,rollout_max,success_ever_strict,272,272,28,272,0.409411,0.590589,-,0.527759,0.566821,0.005994,0.525057,0.560424,0.002997,False
emb_temp,11,rollout_mean,success_ever_strict,272,272,28,272,0.427872,0.572128,-,0.527931,0.567296,0.037962,0.528169,0.568883,0.045954,False
emb_temp,12,A,success_ever_strict,272,272,28,141168,0.434752,0.565248,-,0.511682,0.529864,0.000999,0.511341,0.526887,0.000999,False
emb_temp,12,B,success_ever_strict,272,272,28,42432,0.459898,0.540102,-,0.520712,0.551394,0.120879,0.522763,0.555138,0.167832,False
emb_temp,12,rollout_max,success_ever_strict,272,272,28,272,0.400856,0.599144,-,0.527591,0.567513,0.004995,0.526269,0.562222,0.001998,False
emb_temp,12,rollout_mean,success_ever_strict,272,272,28,272,0.428829,0.571171,-,0.527879,0.566283,0.037962,0.528145,0.568579,0.045954,False
emb_temp,13,A,success_ever_strict,272,272,28,141168,0.435074,0.564926,-,0.511529,0.529569,0.000999,0.511445,0.52713,0.000999,False
emb_temp,13,B,success_ever_strict,272,272,28,42432,0.462272,0.537728,-,0.520698,0.5508,0.152847,0.522882,0.555172,0.188811,False
emb_temp,13,rollout_max,success_ever_strict,272,272,28,272,0.400068,0.599932,-,0.527847,0.567684,0.004995,0.526567,0.563939,0.000999,False
emb_temp,13,rollout_mean,success_ever_strict,272,272,28,272,0.431699,0.568301,-,0.527969,0.566562,0.044955,0.527984,0.568591,0.051948,False
emb_temp,14,A,success_ever_strict,272,272,28,141168,0.435345,0.564655,-,0.511457,0.529543,0.000999,0.511276,0.526875,0.000999,False
emb_temp,14,B,success_ever_strict,272,272,28,42432,0.462128,0.537872,-,0.520689,0.551284,0.155844,0.523397,0.556421,0.196803,False
emb_temp,14,rollout_max,success_ever_strict,272,272,28,272,0.393764,0.606236,-,0.527689,0.569094,0.002997,0.525819,0.561949,0.000999,False
emb_temp,14,rollout_mean,success_ever_strict,272,272,28,272,0.428772,0.571228,-,0.527972,0.567234,0.038961,0.528534,0.570164,0.044955,False
emb_temp,15,A,success_ever_strict,272,272,28,141168,0.434536,0.565464,-,0.511472,0.529446,0.000999,0.511292,0.527106,0.000999,False
emb_temp,15,B,success_ever_strict,272,272,28,42432,0.460316,0.539684,-,0.520651,0.55113,0.126873,0.523128,0.555477,0.172827,False
emb_temp,15,rollout_max,success_ever_strict,272,272,28,272,0.390162,0.609838,-,0.527645,0.568188,0.001998,0.526067,0.562571,0.000999,False
emb_temp,15,rollout_mean,success_ever_strict,272,272,28,272,0.425227,0.574773,-,0.527998,0.567637,0.032967,0.528719,0.571062,0.037962,False
emb_temp,16,A,success_ever_strict,272,272,28,141168,0.43253,0.56747,-,0.511506,0.529264,0.000999,0.511629,0.528356,0.000999,False
emb_temp,16,B,success_ever_strict,272,272,28,42432,0.458336,0.541664,-,0.520679,0.55099,0.108891,0.522642,0.55439,0.142857,False
emb_temp,16,rollout_max,success_ever_strict,272,272,28,272,0.374796,0.625204,-,0.527833,0.568399,0.000999,0.527639,0.567648,0.000999,False
emb_temp,16,rollout_mean,success_ever_strict,272,272,28,272,0.422243,0.577757,-,0.528041,0.56666,0.026973,0.528406,0.569201,0.030969,False
emb_temp,17,A,success_ever_strict,272,272,28,141168,0.431676,0.568324,-,0.5115,0.529276,0.000999,0.511669,0.528425,0.000999,False
emb_temp,17,B,success_ever_strict,272,272,28,42432,0.456291,0.543709,-,0.520631,0.551726,0.094905,0.522576,0.554699,0.11988,False
emb_temp,17,rollout_max,success_ever_strict,272,272,28,272,0.359824,0.640176,-,0.52797,0.567625,0.000999,0.528079,0.567803,0.000999,False
emb_temp,17,rollout_mean,success_ever_strict,272,272,28,272,0.419092,0.580908,-,0.528077,0.565664,0.018981,0.528428,0.570386,0.026973,False
emb_temp,18,A,success_ever_strict,272,272,28,141168,0.432383,0.567617,-,0.511476,0.529226,0.000999,0.511582,0.528119,0.000999,False
emb_temp,18,B,success_ever_strict,272,272,28,42432,0.456755,0.543245,-,0.520598,0.551583,0.094905,0.522638,0.554742,0.124875,False
emb_temp,18,rollout_max,success_ever_strict,272,272,28,272,0.361569,0.638431,-,0.528016,0.567935,0.000999,0.527859,0.566612,0.000999,False
emb_temp,18,rollout_mean,success_ever_strict,272,272,28,272,0.422469,0.577531,-,0.528038,0.565841,0.028971,0.528754,0.571191,0.031968,False
emb_temp,19,A,success_ever_strict,272,272,28,141168,0.432328,0.567672,-,0.511492,0.529236,0.000999,0.511527,0.527862,0.000999,False
emb_temp,19,B,success_ever_strict,272,272,28,42432,0.456593,0.543407,-,0.520612,0.551827,0.094905,0.522727,0.554617,0.125874,False
emb_temp,19,rollout_max,success_ever_strict,272,272,28,272,0.358417,0.641583,-,0.527955,0.568309,0.000999,0.527518,0.567516,0.000999,False
emb_temp,19,rollout_mean,success_ever_strict,272,272,28,272,0.423819,0.576181,-,0.528021,0.566283,0.030969,0.528807,0.571149,0.032967,False
emb_temp,20,A,success_ever_strict,272,272,28,141168,0.432945,0.567055,-,0.511463,0.529083,0.000999,0.511449,0.527541,0.000999,False
emb_temp,20,B,success_ever_strict,272,272,28,42432,0.456877,0.543123,-,0.520593,0.551301,0.096903,0.522702,0.55461,0.127872,False
emb_temp,20,rollout_max,success_ever_strict,272,272,28,272,0.354928,0.645072,-,0.528046,0.569207,0.000999,0.527988,0.567665,0.000999,False
emb_temp,20,rollout_mean,success_ever_strict,272,272,28,272,0.425846,0.574154,-,0.528001,0.56639,0.033966,0.52888,0.570679,0.041958,False
emb_temp,21,A,success_ever_strict,272,272,28,141168,0.431826,0.568174,-,0.51138,0.529103,0.000999,0.511798,0.528744,0.000999,False
emb_temp,21,B,success_ever_strict,272,272,28,42432,0.455842,0.544158,-,0.520551,0.550848,0.092907,0.52219,0.554448,0.111888,False
emb_temp,21,rollout_max,success_ever_strict,272,272,28,272,0.348736,0.651264,-,0.528085,0.568757,0.000999,0.530707,0.574408,0.000999,False
emb_temp,21,rollout_mean,success_ever_strict,272,272,28,272,0.424439,0.575561,-,0.527984,0.567122,0.034965,0.528158,0.568534,0.032967,False
emb_temp,22,A,success_ever_strict,272,272,28,141168,0.430986,0.569014,-,0.511363,0.529065,0.000999,0.512185,0.529545,0.000999,False
emb_temp,22,B,success_ever_strict,272,272,28,42432,0.455136,0.544864,-,0.520534,0.550566,0.087912,0.521924,0.553845,0.103896,False
emb_temp,22,rollout_max,success_ever_strict,272,272,28,272,0.343277,0.656723,-,0.528034,0.567516,0.000999,0.531015,0.574717,0.000999,False
emb_temp,22,rollout_mean,success_ever_strict,272,272,28,272,0.423313,0.576687,-,0.52799,0.56726,0.031968,0.527912,0.568247,0.02997,False
emb_temp,23,A,success_ever_strict,272,272,28,141168,0.426657,0.573343,-,0.511303,0.528913,0.000999,0.51336,0.531591,0.000999,False
emb_temp,23,B,success_ever_strict,272,272,28,42432,0.450577,0.549423,-,0.520501,0.550837,0.060939,0.521182,0.552568,0.063936,False
emb_temp,23,rollout_max,success_ever_strict,272,272,28,272,0.327067,0.672933,-,0.527968,0.568146,0.000999,0.535492,0.580312,0.000999,False
emb_temp,23,rollout_mean,success_ever_strict,272,272,28,272,0.417797,0.582203,-,0.528027,0.566987,0.017982,0.527264,0.567029,0.018981,False
emb_temp,24,A,success_ever_strict,272,272,28,141168,0.423053,0.576947,-,0.511279,0.528758,0.000999,0.514446,0.53356,0.000999,False
emb_temp,24,B,success_ever_strict,272,272,28,42432,0.447358,0.552642,-,0.520474,0.550836,0.040959,0.520672,0.551189,0.045954,False
emb_temp,24,rollout_max,success_ever_strict,272,272,28,272,0.311701,0.688299,-,0.528071,0.569218,0.000999,0.537862,0.581843,0.000999,False
emb_temp,24,rollout_mean,success_ever_strict,272,272,28,272,0.413182,0.586818,-,0.528043,0.567009,0.00999,0.526977,0.565957,0.008991,False
emb_temp,25,A,success_ever_strict,272,272,28,141168,0.419753,0.580247,-,0.511297,0.52901,0.000999,0.515417,0.535057,0.000999,False
emb_temp,25,B,success_ever_strict,272,272,28,42432,0.443076,0.556924,-,0.520495,0.550765,0.022977,0.520251,0.55022,0.026973,False
emb_temp,25,rollout_max,success_ever_strict,272,272,28,272,0.307424,0.692576,-,0.527994,0.567214,0.000999,0.539648,0.584519,0.000999,False
emb_temp,25,rollout_mean,success_ever_strict,272,272,28,272,0.410199,0.589801,-,0.528135,0.567654,0.007992,0.526835,0.564102,0.008991,False
emb_temp,26,A,success_ever_strict,272,272,28,141168,0.418378,0.581622,-,0.511269,0.528764,0.000999,0.51584,0.535476,0.000999,False
emb_temp,26,B,success_ever_strict,272,272,28,42432,0.443056,0.556944,-,0.520528,0.550763,0.022977,0.520306,0.550692,0.026973,False
emb_temp,26,rollout_max,success_ever_strict,272,272,28,272,0.307818,0.692182,-,0.527847,0.568664,0.000999,0.53969,0.585135,0.000999,False
emb_temp,26,rollout_mean,success_ever_strict,272,272,28,272,0.41048,0.58952,-,0.528092,0.567499,0.008991,0.526768,0.56393,0.007992,False
emb_temp,27,A,success_ever_strict,272,272,28,141168,0.4163,0.5837,-,0.511276,0.528275,0.000999,0.516324,0.536432,0.000999,False
emb_temp,27,B,success_ever_strict,272,272,28,42432,0.441662,0.558338,-,0.520531,0.550218,0.01998,0.520314,0.551053,0.025974,False
emb_temp,27,rollout_max,success_ever_strict,272,272,28,272,0.303934,0.696066,-,0.527956,0.567744,0.000999,0.539772,0.587173,0.000999,False
emb_temp,27,rollout_mean,success_ever_strict,272,272,28,272,0.41003,0.58997,-,0.52807,0.567831,0.008991,0.526888,0.564814,0.008991,False
emb_temp,28,A,success_ever_strict,272,272,28,141168,0.413636,0.586364,-,0.511277,0.528283,0.000999,0.516877,0.537216,0.000999,False
emb_temp,28,B,success_ever_strict,272,272,28,42432,0.438705,0.561295,-,0.520502,0.550166,0.013986,0.520138,0.550808,0.017982,False
emb_temp,28,rollout_max,success_ever_strict,272,272,28,272,0.296955,0.703045,-,0.527857,0.566677,0.000999,0.541922,0.590201,0.000999,False
emb_temp,28,rollout_mean,success_ever_strict,272,272,28,272,0.406822,0.593178,-,0.528065,0.568366,0.006993,0.526792,0.564206,0.006993,False
emb_temp,29,A,success_ever_strict,272,272,28,141168,0.412069,0.587931,-,0.51128,0.528075,0.000999,0.51757,0.538018,0.000999,False
emb_temp,29,B,success_ever_strict,272,272,28,42432,0.43892,0.56108,-,0.520497,0.549832,0.014985,0.52022,0.550839,0.017982,False
emb_temp,29,rollout_max,success_ever_strict,272,272,28,272,0.292903,0.707097,-,0.527706,0.567023,0.000999,0.541769,0.590238,0.000999,False
emb_temp,29,rollout_mean,success_ever_strict,272,272,28,272,0.409017,0.590983,-,0.528075,0.568363,0.00999,0.52688,0.565095,0.006993,False
emb_temp,30,A,success_ever_strict,272,272,28,141168,0.414478,0.585522,-,0.511325,0.528418,0.000999,0.51654,0.536626,0.000999,False
emb_temp,30,B,success_ever_strict,272,272,28,42432,0.442299,0.557701,-,0.520589,0.550663,0.022977,0.520932,0.551389,0.025974,False
emb_temp,30,rollout_max,success_ever_strict,272,272,28,272,0.305792,0.694208,-,0.527527,0.568095,0.000999,0.538181,0.585588,0.000999,False
emb_temp,30,rollout_mean,success_ever_strict,272,272,28,272,0.413125,0.586875,-,0.528081,0.568247,0.010989,0.527157,0.566021,0.013986,False
emb_temp,31,A,success_ever_strict,272,272,28,141168,0.414705,0.585295,-,0.511401,0.528207,0.000999,0.516893,0.537445,0.000999,False
emb_temp,31,B,success_ever_strict,272,272,28,42432,0.444766,0.555234,-,0.520783,0.551234,0.035964,0.521393,0.553453,0.042957,False
emb_temp,31,rollout_max,success_ever_strict,272,272,28,272,0.321889,0.678111,-,0.527633,0.568363,0.000999,0.534123,0.579535,0.000999,False
emb_temp,31,rollout_mean,success_ever_strict,272,272,28,272,0.416052,0.583948,-,0.528109,0.568762,0.013986,0.527469,0.566404,0.018981,False
grip_flip,-1,A,success_ever_strict,272,272,28,141168,0.50317,0.50317,+,0.50209,0.505178,0.222777,0.502217,0.505235,0.265734,False
grip_flip,-1,B,success_ever_strict,272,272,28,42432,0.498388,0.501612,-,0.504115,0.510446,0.745255,0.504139,0.510069,0.768232,False
grip_flip,-1,rollout_max,success_ever_strict,272,272,28,272,0.455001,0.544999,-,0.522859,0.560308,0.142857,0.522605,0.554511,0.120879,False
grip_flip,-1,rollout_mean,success_ever_strict,272,272,28,272,0.461952,0.538048,-,0.526123,0.567192,0.246753,0.525875,0.561817,0.268731,False
xl_adj,0,A,success_ever_strict,272,272,28,141440,0.498337,0.501663,-,0.511074,0.528122,0.908092,0.515243,0.531507,0.947053,False
xl_adj,0,B,success_ever_strict,272,272,28,42432,0.502288,0.502288,+,0.518428,0.544985,0.927073,0.525729,0.555552,0.96004,False
xl_adj,0,rollout_max,success_ever_strict,272,272,28,272,0.39579,0.60421,-,0.528681,0.571456,0.005994,0.530926,0.574745,0.002997,False
xl_adj,0,rollout_mean,success_ever_strict,272,272,28,272,0.493893,0.506107,-,0.528741,0.569722,0.857143,0.541578,0.587342,0.929071,False
xl_adj,1,A,success_ever_strict,272,272,28,141440,0.442583,0.557417,-,0.51282,0.532099,0.000999,0.514248,0.533885,0.001998,False
xl_adj,1,B,success_ever_strict,272,272,28,42432,0.460368,0.539632,-,0.521634,0.549806,0.136863,0.537296,0.578268,0.423576,False
xl_adj,1,rollout_max,success_ever_strict,272,272,28,272,0.388192,0.611808,-,0.528027,0.570333,0.002997,0.534827,0.582946,0.006993,False
xl_adj,1,rollout_mean,success_ever_strict,272,272,28,272,0.4429,0.5571,-,0.528584,0.567642,0.090909,0.546247,0.600287,0.330669,False
xl_adj,2,A,success_ever_strict,272,272,28,141440,0.457144,0.542856,-,0.51178,0.529817,0.003996,0.51444,0.535557,0.013986,False
xl_adj,2,B,success_ever_strict,272,272,28,42432,0.504766,0.504766,+,0.521114,0.551764,0.857143,0.538322,0.579558,0.947053,False
xl_adj,2,rollout_max,success_ever_strict,272,272,28,272,0.445151,0.554849,-,0.527767,0.564786,0.112887,0.534374,0.580206,0.193806,False
xl_adj,2,rollout_mean,success_ever_strict,272,272,28,272,0.493218,0.506782,-,0.527788,0.569654,0.846154,0.547527,0.601643,0.944056,False
xl_adj,3,A,success_ever_strict,272,272,28,141440,0.467065,0.532935,-,0.512251,0.531067,0.038961,0.525508,0.548135,0.273726,False
xl_adj,3,B,success_ever_strict,272,272,28,42432,0.528661,0.528661,+,0.522545,0.555256,0.310689,0.559751,0.600771,0.901099,False
xl_adj,3,rollout_max,success_ever_strict,272,272,28,272,0.467834,0.532166,-,0.52731,0.567085,0.34965,0.536716,0.58621,0.508492,False
xl_adj,3,rollout_mean,success_ever_strict,272,272,28,272,0.519277,0.519277,+,0.52869,0.569601,0.601399,0.566545,0.620589,0.938062,False
xl_adj,4,A,success_ever_strict,272,272,28,141440,0.437829,0.562171,-,0.512478,0.530582,0.000999,0.512069,0.529524,0.001998,False
xl_adj,4,B,success_ever_strict,272,272,28,42432,0.451757,0.548243,-,0.521874,0.556238,0.087912,0.532304,0.568335,0.222777,False
xl_adj,4,rollout_max,success_ever_strict,272,272,28,272,0.411775,0.588225,-,0.528014,0.569148,0.00999,0.529332,0.570392,0.01998,False
xl_adj,4,rollout_mean,success_ever_strict,272,272,28,272,0.431868,0.568132,-,0.527993,0.572584,0.068931,0.539215,0.586089,0.145854,False
xl_adj,5,A,success_ever_strict,272,272,28,141440,0.524172,0.524172,+,0.515658,0.539235,0.211788,0.52087,0.545406,0.385614,False
xl_adj,5,B,success_ever_strict,272,272,28,42432,0.571305,0.571305,+,0.525006,0.562843,0.027972,0.538134,0.582604,0.091908,False
xl_adj,5,rollout_max,success_ever_strict,272,272,28,272,0.490066,0.509934,-,0.528067,0.569218,0.76024,0.530735,0.571965,0.793207,False
xl_adj,5,rollout_mean,success_ever_strict,272,272,28,272,0.575561,0.575561,+,0.528379,0.572258,0.043956,0.542062,0.591495,0.118881,False
xl_adj,6,A,success_ever_strict,272,272,28,141440,0.5632,0.5632,+,0.517244,0.53998,0.001998,0.523831,0.547227,0.004995,False
xl_adj,6,B,success_ever_strict,272,272,28,42432,0.614636,0.614636,+,0.526113,0.562307,0.000999,0.538667,0.577502,0.000999,False
xl_adj,6,rollout_max,success_ever_strict,272,272,28,272,0.507064,0.507064,+,0.5294,0.569888,0.875125,0.529233,0.571371,0.85015,False
xl_adj,6,rollout_mean,success_ever_strict,272,272,28,272,0.618225,0.618225,+,0.529551,0.571847,0.001998,0.542375,0.586427,0.001998,False
xl_adj,7,A,success_ever_strict,272,272,28,141440,0.477357,0.522643,-,0.516777,0.53918,0.300699,0.51444,0.534128,0.193806,False
xl_adj,7,B,success_ever_strict,272,272,28,42432,0.529972,0.529972,+,0.525142,0.560404,0.358641,0.527347,0.563592,0.401598,False
xl_adj,7,rollout_max,success_ever_strict,272,272,28,272,0.455564,0.544436,-,0.52754,0.56491,0.203796,0.526581,0.567457,0.182817,False
xl_adj,7,rollout_mean,success_ever_strict,272,272,28,272,0.526425,0.526425,+,0.527877,0.567468,0.46953,0.532218,0.574574,0.54046,False
xl_adj,8,A,success_ever_strict,272,272,28,141440,0.482196,0.517804,-,0.515017,0.534575,0.362637,0.51735,0.538824,0.451548,False
xl_adj,8,B,success_ever_strict,272,272,28,42432,0.543686,0.543686,+,0.524655,0.560032,0.154845,0.536519,0.572793,0.352647,False
xl_adj,8,rollout_max,success_ever_strict,272,272,28,272,0.453988,0.546012,-,0.527484,0.566401,0.171828,0.531242,0.57371,0.236763,False
xl_adj,8,rollout_mean,success_ever_strict,272,272,28,272,0.54286,0.54286,+,0.528592,0.567459,0.21978,0.54329,0.586545,0.471528,False
xl_adj,9,A,success_ever_strict,272,272,28,141440,0.519584,0.519584,+,0.518453,0.546706,0.38961,0.522689,0.543039,0.599401,False
xl_adj,9,B,success_ever_strict,272,272,28,42432,0.569675,0.569675,+,0.526111,0.564326,0.02997,0.537499,0.573948,0.072927,False
xl_adj,9,rollout_max,success_ever_strict,272,272,28,272,0.50439,0.50439,+,0.528098,0.569259,0.892108,0.53216,0.574928,0.918082,False
xl_adj,9,rollout_mean,success_ever_strict,272,272,28,272,0.57528,0.57528,+,0.528577,0.570341,0.035964,0.539441,0.579397,0.068931,False
xl_adj,10,A,success_ever_strict,272,272,28,141440,0.536936,0.536936,+,0.515614,0.537866,0.061938,0.548699,0.569948,0.818182,False
xl_adj,10,B,success_ever_strict,272,272,28,42432,0.591636,0.591636,+,0.524634,0.56208,0.002997,0.560573,0.598849,0.098901,False
xl_adj,10,rollout_max,success_ever_strict,272,272,28,272,0.506388,0.506388,+,0.528338,0.569035,0.851149,0.549409,0.598582,0.954046,False
xl_adj,10,rollout_mean,success_ever_strict,272,272,28,272,0.607081,0.607081,+,0.528504,0.571346,0.001998,0.566945,0.611319,0.06993,False
xl_adj,11,A,success_ever_strict,272,272,28,141440,0.513207,0.513207,+,0.515713,0.537259,0.5005,0.521951,0.544762,0.711289,False
xl_adj,11,B,success_ever_strict,272,272,28,42432,0.576999,0.576999,+,0.525123,0.561649,0.012987,0.537446,0.577185,0.052947,False
xl_adj,11,rollout_max,success_ever_strict,272,272,28,272,0.505769,0.505769,+,0.528184,0.569528,0.878122,0.526306,0.56397,0.864136,False
xl_adj,11,rollout_mean,success_ever_strict,272,272,28,272,0.58997,0.58997,+,0.528295,0.568374,0.00999,0.54081,0.585355,0.037962,False
xl_adj,12,A,success_ever_strict,272,272,28,141440,0.569184,0.569184,+,0.5182,0.544359,0.003996,0.538401,0.56315,0.024975,False
xl_adj,12,B,success_ever_strict,272,272,28,42432,0.587991,0.587991,+,0.525827,0.562308,0.00999,0.532738,0.571205,0.007992,False
xl_adj,12,rollout_max,success_ever_strict,272,272,28,272,0.547476,0.547476,+,0.528122,0.567313,0.171828,0.530477,0.569654,0.1998,False
xl_adj,12,rollout_mean,success_ever_strict,272,272,28,272,0.594754,0.594754,+,0.529193,0.570223,0.011988,0.536098,0.579448,0.010989,False
xl_adj,13,A,success_ever_strict,272,272,28,141440,0.492267,0.507733,-,0.515081,0.536822,0.677323,0.510202,0.524833,0.55045,False
xl_adj,13,B,success_ever_strict,272,272,28,42432,0.455891,0.544109,-,0.523452,0.556711,0.123876,0.528195,0.564285,0.216783,False
xl_adj,13,rollout_max,success_ever_strict,272,272,28,272,0.385377,0.614623,-,0.5284,0.569117,0.004995,0.536331,0.583227,0.006993,False
xl_adj,13,rollout_mean,success_ever_strict,272,272,28,272,0.451624,0.548376,-,0.527766,0.566002,0.15984,0.53439,0.576406,0.264735,False
xl_adj,14,A,success_ever_strict,272,272,28,141440,0.566313,0.566313,+,0.515667,0.5395,0.001998,0.515084,0.535237,0.000999,False
xl_adj,14,B,success_ever_strict,272,272,28,42432,0.652186,0.652186,+,0.524081,0.558858,0.000999,0.521287,0.551168,0.000999,False
xl_adj,14,rollout_max,success_ever_strict,272,272,28,272,0.524849,0.524849,+,0.527335,0.568022,0.468531,0.528578,0.567459,0.496503,False
xl_adj,14,rollout_mean,success_ever_strict,272,272,28,272,0.674903,0.674903,+,0.527915,0.568869,0.000999,0.523995,0.557396,0.000999,False
xl_adj,15,A,success_ever_strict,272,272,28,141440,0.557475,0.557475,+,0.516939,0.540952,0.003996,0.512193,0.530229,0.000999,False
xl_adj,15,B,success_ever_strict,272,272,28,42432,0.589816,0.589816,+,0.524587,0.558362,0.002997,0.522138,0.554412,0.002997,False
xl_adj,15,rollout_max,success_ever_strict,272,272,28,272,0.571678,0.571678,+,0.527338,0.566055,0.032967,0.52564,0.561721,0.01998,False
xl_adj,15,rollout_mean,success_ever_strict,272,272,28,272,0.60573,0.60573,+,0.527979,0.567257,0.002997,0.526237,0.56198,0.003996,False
xl_adj,16,A,success_ever_strict,272,272,28,141440,0.628936,0.628936,+,0.515239,0.53719,0.000999,0.531683,0.556523,0.000999,False
xl_adj,16,B,success_ever_strict,272,272,28,42432,0.687359,0.687359,+,0.523769,0.5574,0.000999,0.543672,0.584702,0.000999,False
xl_adj,16,rollout_max,success_ever_strict,272,272,28,272,0.600946,0.600946,+,0.52928,0.572021,0.004995,0.532931,0.577439,0.010989,False
xl_adj,16,rollout_mean,success_ever_strict,272,272,28,272,0.717791,0.717791,+,0.528639,0.56881,0.000999,0.552511,0.600898,0.000999,False
xl_adj,17,A,success_ever_strict,272,272,28,141440,0.505942,0.505942,+,0.514427,0.535879,0.741259,0.515949,0.536359,0.783217,False
xl_adj,17,B,success_ever_strict,272,272,28,42432,0.555355,0.555355,+,0.524159,0.558841,0.066933,0.524211,0.558943,0.06993,False
xl_adj,17,rollout_max,success_ever_strict,272,272,28,272,0.467552,0.532448,-,0.528174,0.565343,0.368631,0.529805,0.572246,0.3996,False
xl_adj,17,rollout_mean,success_ever_strict,272,272,28,272,0.56982,0.56982,+,0.52963,0.570668,0.052947,0.529074,0.572055,0.05994,False
xl_adj,18,A,success_ever_strict,272,272,28,141440,0.492618,0.507382,-,0.517606,0.543407,0.742258,0.529915,0.553185,0.934066,False
xl_adj,18,B,success_ever_strict,272,272,28,42432,0.499793,0.500207,-,0.525504,0.561786,0.996004,0.540809,0.578766,0.999001,False
xl_adj,18,rollout_max,success_ever_strict,272,272,28,272,0.446108,0.553892,-,0.528191,0.566792,0.120879,0.541509,0.582096,0.298701,False
xl_adj,18,rollout_mean,success_ever_strict,272,272,28,272,0.503461,0.503461,+,0.529061,0.571177,0.925075,0.543414,0.586489,0.968032,False
xl_adj,19,A,success_ever_strict,272,272,28,141440,0.488042,0.511958,-,0.515367,0.537462,0.533467,0.527481,0.550561,0.859141,False
xl_adj,19,B,success_ever_strict,272,272,28,42432,0.483118,0.516882,-,0.524846,0.55987,0.6004,0.535794,0.574337,0.774226,False
xl_adj,19,rollout_max,success_ever_strict,272,272,28,272,0.413913,0.586087,-,0.527212,0.568197,0.016983,0.542237,0.587722,0.060939,False
xl_adj,19,rollout_mean,success_ever_strict,272,272,28,272,0.476051,0.523949,-,0.52905,0.569716,0.522478,0.541942,0.585935,0.724276,False
xl_adj,20,A,success_ever_strict,272,272,28,141440,0.525507,0.525507,+,0.515448,0.537584,0.194805,0.522827,0.545224,0.410589,False
xl_adj,20,B,success_ever_strict,272,272,28,42432,0.536385,0.536385,+,0.524423,0.561153,0.246753,0.522088,0.553811,0.176823,False
xl_adj,20,rollout_max,success_ever_strict,272,272,28,272,0.449372,0.550628,-,0.528326,0.569328,0.16983,0.52583,0.565745,0.113886,False
xl_adj,20,rollout_mean,success_ever_strict,272,272,28,272,0.535825,0.535825,+,0.529155,0.573482,0.333666,0.526686,0.564732,0.284715,False
xl_adj,21,A,success_ever_strict,272,272,28,141440,0.491495,0.508505,-,0.5158,0.538384,0.666334,0.521563,0.542864,0.827173,False
xl_adj,21,B,success_ever_strict,272,272,28,42432,0.518537,0.518537,+,0.525008,0.559099,0.566434,0.534255,0.56981,0.738262,False
xl_adj,21,rollout_max,success_ever_strict,272,272,28,272,0.462149,0.537851,-,0.528095,0.568501,0.271728,0.532799,0.573316,0.38961,False
xl_adj,21,rollout_mean,success_ever_strict,272,272,28,272,0.518152,0.518152,+,0.528891,0.568534,0.62038,0.540033,0.580427,0.789211,False
xl_adj,22,A,success_ever_strict,272,272,28,141440,0.483508,0.516492,-,0.513614,0.53285,0.343656,0.520284,0.542878,0.576424,False
xl_adj,22,B,success_ever_strict,272,272,28,42432,0.46504,0.53496,-,0.523991,0.5586,0.241758,0.527295,0.565089,0.315684,False
xl_adj,22,rollout_max,success_ever_strict,272,272,28,272,0.410086,0.589914,-,0.527427,0.567192,0.012987,0.528976,0.570617,0.016983,False
xl_adj,22,rollout_mean,success_ever_strict,272,272,28,272,0.450836,0.549164,-,0.529065,0.568638,0.177822,0.531386,0.576665,0.218781,False
xl_adj,23,A,success_ever_strict,272,272,28,141440,0.485584,0.514416,-,0.514274,0.533988,0.427572,0.541685,0.565888,0.969031,False
xl_adj,23,B,success_ever_strict,272,272,28,42432,0.472747,0.527253,-,0.524115,0.558369,0.367632,0.555694,0.59698,0.869131,False
xl_adj,23,rollout_max,success_ever_strict,272,272,28,272,0.384533,0.615467,-,0.52865,0.568979,0.003996,0.566564,0.612318,0.045954,False
xl_adj,23,rollout_mean,success_ever_strict,272,272,28,272,0.456183,0.543817,-,0.529022,0.570217,0.234765,0.569365,0.617775,0.81019,False
xl_adj,24,A,success_ever_strict,272,272,28,141440,0.404427,0.595573,-,0.516722,0.540358,0.000999,0.571431,0.594988,0.047952,False
xl_adj,24,B,success_ever_strict,272,272,28,42432,0.374091,0.625909,-,0.524187,0.560177,0.000999,0.582217,0.621805,0.033966,False
xl_adj,24,rollout_max,success_ever_strict,272,272,28,272,0.307311,0.692689,-,0.527577,0.569314,0.000999,0.58713,0.633779,0.000999,False
xl_adj,24,rollout_mean,success_ever_strict,272,272,28,272,0.337761,0.662239,-,0.528319,0.569787,0.000999,0.597954,0.643781,0.00999,False
xl_adj,25,A,success_ever_strict,272,272,28,141440,0.439925,0.560075,-,0.515407,0.538562,0.004995,0.550275,0.575407,0.25974,False
xl_adj,25,B,success_ever_strict,272,272,28,42432,0.425164,0.574836,-,0.524834,0.559714,0.01998,0.555914,0.599249,0.233766,False
xl_adj,25,rollout_max,success_ever_strict,272,272,28,272,0.362695,0.637305,-,0.527984,0.56807,0.000999,0.558662,0.609563,0.003996,False
xl_adj,25,rollout_mean,success_ever_strict,272,272,28,272,0.400687,0.599313,-,0.529017,0.56977,0.004995,0.564338,0.614749,0.125874,False
xl_adj,26,A,success_ever_strict,272,272,28,141440,0.376805,0.623195,-,0.518341,0.544442,0.000999,0.57388,0.595605,0.000999,False
xl_adj,26,B,success_ever_strict,272,272,28,42432,0.358057,0.641943,-,0.525254,0.563666,0.000999,0.581886,0.618931,0.005994,False
xl_adj,26,rollout_max,success_ever_strict,272,272,28,272,0.313671,0.686329,-,0.52852,0.566728,0.000999,0.581503,0.624759,0.000999,False
xl_adj,26,rollout_mean,success_ever_strict,272,272,28,272,0.337198,0.662802,-,0.52791,0.570859,0.000999,0.590467,0.631519,0.005994,False
xl_adj,27,A,success_ever_strict,272,272,28,141440,0.373041,0.626959,-,0.518102,0.543313,0.000999,0.576441,0.600038,0.000999,False
xl_adj,27,B,success_ever_strict,272,272,28,42432,0.350611,0.649389,-,0.524907,0.563961,0.000999,0.587886,0.625059,0.003996,False
xl_adj,27,rollout_max,success_ever_strict,272,272,28,272,0.301458,0.698542,-,0.527935,0.568194,0.000999,0.588849,0.633098,0.000999,False
xl_adj,27,rollout_mean,success_ever_strict,272,272,28,272,0.332414,0.667586,-,0.5279,0.572359,0.000999,0.596969,0.638394,0.004995,False
xl_adj,28,A,success_ever_strict,272,272,28,141440,0.373808,0.626192,-,0.517786,0.544065,0.000999,0.57756,0.600502,0.000999,False
xl_adj,28,B,success_ever_strict,272,272,28,42432,0.344051,0.655949,-,0.524887,0.561615,0.000999,0.58137,0.61853,0.000999,False
xl_adj,28,rollout_max,success_ever_strict,272,272,28,272,0.284404,0.715596,-,0.528136,0.565771,0.000999,0.58976,0.633965,0.000999,False
xl_adj,28,rollout_mean,success_ever_strict,272,272,28,272,0.317836,0.682164,-,0.528185,0.570623,0.000999,0.590969,0.633889,0.000999,False
xl_adj,29,A,success_ever_strict,272,272,28,141440,0.402886,0.597114,-,0.514813,0.535765,0.000999,0.567054,0.587851,0.00999,False
xl_adj,29,B,success_ever_strict,272,272,28,42432,0.366534,0.633466,-,0.52289,0.554738,0.000999,0.566714,0.604053,0.007992,False
xl_adj,29,rollout_max,success_ever_strict,272,272,28,272,0.328981,0.671019,-,0.527957,0.567485,0.000999,0.553492,0.606706,0.000999,False
xl_adj,29,rollout_mean,success_ever_strict,272,272,28,272,0.325998,0.674002,-,0.528025,0.566072,0.000999,0.581425,0.628832,0.003996,False
xl_adj,30,A,success_ever_strict,272,272,28,141440,0.431666,0.568334,-,0.51373,0.533477,0.000999,0.539593,0.561858,0.012987,False
xl_adj,30,B,success_ever_strict,272,272,28,42432,0.386826,0.613174,-,0.523462,0.554875,0.001998,0.543905,0.581949,0.001998,False
xl_adj,30,rollout_max,success_ever_strict,272,272,28,272,0.322733,0.677267,-,0.528901,0.567122,0.000999,0.549668,0.602918,0.000999,False
xl_adj,30,rollout_mean,success_ever_strict,272,272,28,272,0.353633,0.646367,-,0.528922,0.569446,0.001998,0.555153,0.602139,0.001998,False
xl_final,0,A,success_ever_strict,272,272,28,141440,0.458973,0.541027,-,0.511739,0.528795,0.004995,0.512451,0.530092,0.004995,False
xl_final,0,B,success_ever_strict,272,272,28,42432,0.480673,0.519327,-,0.521091,0.553218,0.450549,0.518214,0.545403,0.392607,False
xl_final,0,rollout_max,success_ever_strict,272,272,28,272,0.397985,0.602015,-,0.528101,0.568833,0.005994,0.526632,0.565135,0.000999,False
xl_final,0,rollout_mean,success_ever_strict,272,272,28,272,0.482861,0.517139,-,0.529681,0.576015,0.641359,0.525292,0.560719,0.599401,False
xl_final,1,A,success_ever_strict,272,272,28,141440,0.402788,0.597212,-,0.514068,0.534526,0.000999,0.552064,0.574903,0.000999,False
xl_final,1,B,success_ever_strict,272,272,28,42432,0.375166,0.624834,-,0.522673,0.554064,0.000999,0.544778,0.58326,0.000999,False
xl_final,1,rollout_max,success_ever_strict,272,272,28,272,0.318005,0.681995,-,0.52806,0.569992,0.000999,0.542961,0.590966,0.000999,False
xl_final,1,rollout_mean,success_ever_strict,272,272,28,272,0.338887,0.661113,-,0.527868,0.56809,0.000999,0.558556,0.604556,0.000999,False
xl_final,2,A,success_ever_strict,272,272,28,141440,0.387303,0.612697,-,0.514773,0.536275,0.000999,0.548935,0.572421,0.000999,False
xl_final,2,B,success_ever_strict,272,272,28,42432,0.384343,0.615657,-,0.523254,0.554535,0.000999,0.534625,0.572848,0.000999,False
xl_final,2,rollout_max,success_ever_strict,272,272,28,272,0.349356,0.650644,-,0.527971,0.568304,0.000999,0.537629,0.582937,0.000999,False
xl_final,2,rollout_mean,success_ever_strict,272,272,28,272,0.357292,0.642708,-,0.528327,0.565391,0.000999,0.544371,0.591836,0.000999,False
xl_final,3,A,success_ever_strict,272,272,28,141440,0.39581,0.60419,-,0.514602,0.536547,0.000999,0.552856,0.575959,0.000999,False
xl_final,3,B,success_ever_strict,272,272,28,42432,0.381478,0.618522,-,0.523106,0.555467,0.000999,0.541379,0.580178,0.000999,False
xl_final,3,rollout_max,success_ever_strict,272,272,28,272,0.343164,0.656836,-,0.528064,0.568306,0.000999,0.543142,0.591211,0.000999,False
xl_final,3,rollout_mean,success_ever_strict,272,272,28,272,0.350819,0.649181,-,0.528079,0.566353,0.000999,0.553021,0.598615,0.000999,False
xl_final,4,A,success_ever_strict,272,272,28,141440,0.397893,0.602107,-,0.514563,0.536325,0.000999,0.554464,0.577747,0.000999,False
xl_final,4,B,success_ever_strict,272,272,28,42432,0.377529,0.622471,-,0.522988,0.55551,0.000999,0.544739,0.583734,0.000999,False
xl_final,4,rollout_max,success_ever_strict,272,272,28,272,0.337339,0.662661,-,0.528093,0.56833,0.000999,0.546149,0.595096,0.000999,False
xl_final,4,rollout_mean,success_ever_strict,272,272,28,272,0.343389,0.656611,-,0.527982,0.568194,0.000999,0.557426,0.604078,0.000999,False
xl_final,5,A,success_ever_strict,272,272,28,141440,0.397327,0.602673,-,0.514596,0.536747,0.000999,0.555893,0.578917,0.000999,False
xl_final,5,B,success_ever_strict,272,272,28,42432,0.379048,0.620952,-,0.522921,0.556094,0.000999,0.545925,0.586043,0.002997,False
xl_final,5,rollout_max,success_ever_strict,272,272,28,272,0.338099,0.661901,-,0.528125,0.568312,0.000999,0.547487,0.596966,0.000999,False
xl_final,5,rollout_mean,success_ever_strict,272,272,28,272,0.345922,0.654078,-,0.528056,0.567797,0.000999,0.558551,0.605398,0.000999,False
xl_final,6,A,success_ever_strict,272,272,28,141440,0.401209,0.598791,-,0.514196,0.534812,0.000999,0.55451,0.576541,0.000999,False
xl_final,6,B,success_ever_strict,272,272,28,42432,0.38275,0.61725,-,0.522667,0.554694,0.000999,0.544572,0.584248,0.002997,False
xl_final,6,rollout_max,success_ever_strict,272,272,28,272,0.340181,0.659819,-,0.528054,0.568661,0.000999,0.546291,0.596342,0.000999,False
xl_final,6,rollout_mean,success_ever_strict,272,272,28,272,0.348511,0.651489,-,0.527938,0.567969,0.000999,0.556846,0.603262,0.001998,False
xl_final,7,A,success_ever_strict,272,272,28,141440,0.404506,0.595494,-,0.514082,0.533774,0.000999,0.552963,0.575179,0.000999,False
xl_final,7,B,success_ever_strict,272,272,28,42432,0.387442,0.612558,-,0.522544,0.554898,0.000999,0.542938,0.582173,0.002997,False
xl_final,7,rollout_max,success_ever_strict,272,272,28,272,0.348005,0.651995,-,0.528098,0.569556,0.000999,0.545119,0.595767,0.000999,False
xl_final,7,rollout_mean,success_ever_strict,272,272,28,272,0.354477,0.645523,-,0.527908,0.566339,0.000999,0.554546,0.60168,0.001998,False
xl_final,8,A,success_ever_strict,272,272,28,141440,0.39835,0.60165,-,0.514081,0.534225,0.000999,0.553328,0.576242,0.000999,False
xl_final,8,B,success_ever_strict,272,272,28,42432,0.386304,0.613696,-,0.522551,0.553264,0.000999,0.54107,0.580856,0.002997,False
xl_final,8,rollout_max,success_ever_strict,272,272,28,272,0.34474,0.65526,-,0.527996,0.569325,0.000999,0.543786,0.593688,0.000999,False
xl_final,8,rollout_mean,success_ever_strict,272,272,28,272,0.349862,0.650138,-,0.528018,0.566297,0.000999,0.552748,0.60027,0.001998,False
xl_final,9,A,success_ever_strict,272,272,28,141440,0.387562,0.612438,-,0.514311,0.5345,0.000999,0.552544,0.575621,0.000999,False
xl_final,9,B,success_ever_strict,272,272,28,42432,0.386514,0.613486,-,0.522563,0.553468,0.000999,0.535556,0.574577,0.001998,False
xl_final,9,rollout_max,success_ever_strict,272,272,28,272,0.347048,0.652952,-,0.528091,0.567347,0.000999,0.539304,0.588681,0.000999,False
xl_final,9,rollout_mean,success_ever_strict,272,272,28,272,0.349975,0.650025,-,0.528,0.565554,0.000999,0.546683,0.594571,0.001998,False
xl_final,10,A,success_ever_strict,272,272,28,141440,0.391549,0.608451,-,0.514135,0.533853,0.000999,0.544517,0.567648,0.000999,False
xl_final,10,B,success_ever_strict,272,272,28,42432,0.402468,0.597532,-,0.522504,0.554289,0.000999,0.527818,0.564854,0.001998,False
xl_final,10,rollout_max,success_ever_strict,272,272,28,272,0.356672,0.643328,-,0.528139,0.566055,0.000999,0.533733,0.578418,0.000999,False
xl_final,10,rollout_mean,success_ever_strict,272,272,28,272,0.367648,0.632352,-,0.527802,0.566528,0.000999,0.537304,0.584874,0.000999,False
xl_final,11,A,success_ever_strict,272,272,28,141440,0.414596,0.585404,-,0.513134,0.532899,0.000999,0.518205,0.539349,0.000999,False
xl_final,11,B,success_ever_strict,272,272,28,42432,0.450293,0.549707,-,0.522357,0.55322,0.077922,0.522061,0.55425,0.078921,False
xl_final,11,rollout_max,success_ever_strict,272,272,28,272,0.384533,0.615467,-,0.527818,0.567344,0.003996,0.526631,0.565104,0.001998,False
xl_final,11,rollout_mean,success_ever_strict,272,272,28,272,0.424157,0.575843,-,0.527752,0.567881,0.031968,0.526106,0.563142,0.015984,False
xl_final,12,A,success_ever_strict,272,272,28,141440,0.433679,0.566321,-,0.513358,0.533954,0.000999,0.511547,0.528391,0.000999,False
xl_final,12,B,success_ever_strict,272,272,28,42432,0.477083,0.522917,-,0.522896,0.557285,0.413586,0.531815,0.571706,0.609391,False
xl_final,12,rollout_max,success_ever_strict,272,272,28,272,0.408116,0.591884,-,0.527334,0.565152,0.008991,0.529362,0.571002,0.008991,False
xl_final,12,rollout_mean,success_ever_strict,272,272,28,272,0.470254,0.529746,-,0.527856,0.567707,0.396603,0.53544,0.582664,0.531469,False
xl_final,13,A,success_ever_strict,272,272,28,141440,0.476422,0.523578,-,0.513368,0.533579,0.17982,0.521773,0.54453,0.425574,False
xl_final,13,B,success_ever_strict,272,272,28,42432,0.532354,0.532354,+,0.523387,0.556216,0.26973,0.539227,0.57934,0.604396,False
xl_final,13,rollout_max,success_ever_strict,272,272,28,272,0.455001,0.544999,-,0.527813,0.566745,0.184815,0.533433,0.577323,0.283716,False
xl_final,13,rollout_mean,success_ever_strict,272,272,28,272,0.543648,0.543648,+,0.528747,0.567659,0.21978,0.544852,0.593465,0.496503,False
xl_final,14,A,success_ever_strict,272,272,28,141440,0.485348,0.514652,-,0.513883,0.53455,0.402597,0.527455,0.55027,0.82018,False
xl_final,14,B,success_ever_strict,272,272,28,42432,0.529624,0.529624,+,0.524294,0.558763,0.324675,0.542154,0.582262,0.691309,False
xl_final,14,rollout_max,success_ever_strict,272,272,28,272,0.470873,0.529127,-,0.527972,0.567814,0.393606,0.53998,0.586143,0.586414,False
xl_final,14,rollout_mean,success_ever_strict,272,272,28,272,0.533292,0.533292,+,0.529071,0.569376,0.360639,0.547829,0.59297,0.682318,False
xl_final,15,A,success_ever_strict,272,272,28,141440,0.505551,0.505551,+,0.513626,0.532468,0.756244,0.527166,0.54744,0.958042,False
xl_final,15,B,success_ever_strict,272,272,28,42432,0.554648,0.554648,+,0.524312,0.557936,0.06993,0.540801,0.580293,0.263736,False
xl_final,15,rollout_max,success_ever_strict,272,272,28,272,0.503518,0.503518,+,0.527797,0.567853,0.921079,0.542634,0.5897,0.962038,False
xl_final,15,rollout_mean,success_ever_strict,272,272,28,272,0.564642,0.564642,+,0.529448,0.568743,0.071928,0.547205,0.594535,0.256743,False
xl_final,16,A,success_ever_strict,272,272,28,141440,0.512477,0.512477,+,0.51367,0.532544,0.474525,0.52047,0.542116,0.703297,False
xl_final,16,B,success_ever_strict,272,272,28,42432,0.55574,0.55574,+,0.524456,0.557541,0.058941,0.528874,0.566657,0.110889,False
xl_final,16,rollout_max,success_ever_strict,272,272,28,272,0.492092,0.507908,-,0.528336,0.567127,0.834166,0.535416,0.580377,0.874126,False
xl_final,16,rollout_mean,success_ever_strict,272,272,28,272,0.559971,0.559971,+,0.529726,0.570805,0.0999,0.534183,0.580135,0.155844,False
xl_final,17,A,success_ever_strict,272,272,28,141440,0.541325,0.541325,+,0.514412,0.535187,0.025974,0.521281,0.544392,0.06993,False
xl_final,17,B,success_ever_strict,272,272,28,42432,0.591242,0.591242,+,0.524182,0.558144,0.002997,0.528656,0.566555,0.003996,False
xl_final,17,rollout_max,success_ever_strict,272,272,28,272,0.512467,0.512467,+,0.527781,0.565498,0.72028,0.530878,0.573938,0.739261,False
xl_final,17,rollout_mean,success_ever_strict,272,272,28,272,0.602747,0.602747,+,0.528989,0.568042,0.006993,0.534121,0.578795,0.007992,False
xl_final,18,A,success_ever_strict,272,272,28,141440,0.563334,0.563334,+,0.514677,0.535511,0.000999,0.521799,0.54333,0.000999,False
xl_final,18,B,success_ever_strict,272,272,28,42432,0.624677,0.624677,+,0.5249,0.559114,0.000999,0.525774,0.560042,0.000999,False
xl_final,18,rollout_max,success_ever_strict,272,272,28,272,0.529296,0.529296,+,0.527366,0.565329,0.384615,0.52941,0.570915,0.41958,False
xl_final,18,rollout_mean,success_ever_strict,272,272,28,272,0.636742,0.636742,+,0.529493,0.570048,0.000999,0.530107,0.569944,0.000999,False
xl_final,19,A,success_ever_strict,272,272,28,141440,0.542947,0.542947,+,0.514507,0.535359,0.016983,0.512988,0.531592,0.006993,False
xl_final,19,B,success_ever_strict,272,272,28,42432,0.583906,0.583906,+,0.525146,0.559386,0.007992,0.52051,0.551349,0.002997,False
xl_final,19,rollout_max,success_ever_strict,272,272,28,272,0.496989,0.503011,-,0.528073,0.569896,0.93007,0.524918,0.56113,0.924076,False
xl_final,19,rollout_mean,success_ever_strict,272,272,28,272,0.588507,0.588507,+,0.52975,0.570834,0.014985,0.524355,0.559861,0.002997,False
xl_final,20,A,success_ever_strict,272,272,28,141440,0.522297,0.522297,+,0.515079,0.536708,0.243756,0.512064,0.530737,0.134865,False
xl_final,20,B,success_ever_strict,272,272,28,42432,0.532329,0.532329,+,0.525071,0.561871,0.311688,0.533442,0.57314,0.480519,False
xl_final,20,rollout_max,success_ever_strict,272,272,28,272,0.457365,0.542635,-,0.528333,0.569733,0.230769,0.530177,0.572308,0.265734,False
xl_final,20,rollout_mean,success_ever_strict,272,272,28,272,0.531998,0.531998,+,0.529316,0.572919,0.375624,0.539909,0.587277,0.569431,False
xl_final,21,A,success_ever_strict,272,272,28,141440,0.491466,0.508534,-,0.515507,0.536874,0.664336,0.539372,0.563455,0.983017,False
xl_final,21,B,success_ever_strict,272,272,28,42432,0.488199,0.511801,-,0.52522,0.562185,0.683317,0.559462,0.601181,0.968032,False
xl_final,21,rollout_max,success_ever_strict,272,272,28,272,0.41048,0.58952,-,0.528465,0.569469,0.00999,0.57122,0.6157,0.246753,False
xl_final,21,rollout_mean,success_ever_strict,272,272,28,272,0.481286,0.518714,-,0.529033,0.572089,0.592408,0.568813,0.617079,0.951049,False
xl_final,22,A,success_ever_strict,272,272,28,141440,0.478987,0.521013,-,0.515245,0.537083,0.274725,0.547489,0.571691,0.97003,False
xl_final,22,B,success_ever_strict,272,272,28,42432,0.457131,0.542869,-,0.524895,0.562583,0.185814,0.563722,0.605578,0.792208,False
xl_final,22,rollout_max,success_ever_strict,272,272,28,272,0.37868,0.62132,-,0.528613,0.571501,0.000999,0.586116,0.632318,0.100899,False
xl_final,22,rollout_mean,success_ever_strict,272,272,28,272,0.444363,0.555637,-,0.529084,0.572868,0.130869,0.57385,0.623296,0.726274,False
xl_final,23,A,success_ever_strict,272,272,28,141440,0.434253,0.565747,-,0.516098,0.539131,0.000999,0.563564,0.586765,0.43956,False
xl_final,23,B,success_ever_strict,272,272,28,42432,0.394879,0.605121,-,0.524566,0.564099,0.000999,0.579418,0.618313,0.143856,False
xl_final,23,rollout_max,success_ever_strict,272,272,28,272,0.32808,0.67192,-,0.528053,0.566286,0.000999,0.60178,0.64727,0.006993,False
xl_final,23,rollout_mean,success_ever_strict,272,272,28,272,0.372319,0.627681,-,0.528375,0.572246,0.000999,0.591068,0.636475,0.100899,False
xl_final,24,A,success_ever_strict,272,272,28,141440,0.405308,0.594692,-,0.516736,0.540885,0.000999,0.570811,0.593597,0.041958,False
xl_final,24,B,success_ever_strict,272,272,28,42432,0.369253,0.630747,-,0.524644,0.563706,0.000999,0.581784,0.620042,0.015984,False
xl_final,24,rollout_max,success_ever_strict,272,272,28,272,0.313221,0.686779,-,0.528001,0.56758,0.000999,0.597929,0.644428,0.003996,False
xl_final,24,rollout_mean,success_ever_strict,272,272,28,272,0.34429,0.65571,-,0.528377,0.570403,0.000999,0.592828,0.63782,0.006993,False
xl_final,25,A,success_ever_strict,272,272,28,141440,0.400172,0.599828,-,0.516231,0.539384,0.000999,0.567763,0.590604,0.011988,False
xl_final,25,B,success_ever_strict,272,272,28,42432,0.361452,0.638548,-,0.524426,0.56276,0.000999,0.577015,0.614563,0.003996,False
xl_final,25,rollout_max,success_ever_strict,272,272,28,272,0.305566,0.694434,-,0.52828,0.567966,0.000999,0.588769,0.638549,0.000999,False
xl_final,25,rollout_mean,success_ever_strict,272,272,28,272,0.335622,0.664378,-,0.528316,0.571456,0.000999,0.587143,0.631626,0.002997,False
xl_final,26,A,success_ever_strict,272,272,28,141440,0.395829,0.604171,-,0.516386,0.539934,0.000999,0.569469,0.59221,0.004995,False
xl_final,26,B,success_ever_strict,272,272,28,42432,0.357668,0.642332,-,0.52443,0.560765,0.000999,0.578042,0.614705,0.002997,False
xl_final,26,rollout_max,success_ever_strict,272,272,28,272,0.302471,0.697529,-,0.528422,0.568019,0.000999,0.584412,0.634271,0.000999,False
xl_final,26,rollout_mean,success_ever_strict,272,272,28,272,0.32915,0.67085,-,0.528458,0.570172,0.000999,0.588237,0.632808,0.001998,False
xl_final,27,A,success_ever_strict,272,272,28,141440,0.386023,0.613977,-,0.516858,0.541516,0.000999,0.570668,0.592946,0.000999,False
xl_final,27,B,success_ever_strict,272,272,28,42432,0.348076,0.651924,-,0.524772,0.562387,0.000999,0.579553,0.616334,0.001998,False
xl_final,27,rollout_max,success_ever_strict,272,272,28,272,0.298193,0.701807,-,0.528239,0.567372,0.000999,0.587297,0.633987,0.000999,False
xl_final,27,rollout_mean,success_ever_strict,272,272,28,272,0.321664,0.678336,-,0.528242,0.570296,0.000999,0.588592,0.633253,0.001998,False
xl_final,28,A,success_ever_strict,272,272,28,141440,0.384025,0.615975,-,0.516525,0.540444,0.000999,0.570303,0.593219,0.000999,False
xl_final,28,B,success_ever_strict,272,272,28,42432,0.338265,0.661735,-,0.524765,0.562285,0.000999,0.580017,0.616111,0.000999,False
xl_final,28,rollout_max,success_ever_strict,272,272,28,272,0.281589,0.718411,-,0.528357,0.56695,0.000999,0.589399,0.636261,0.000999,False
xl_final,28,rollout_mean,success_ever_strict,272,272,28,272,0.311589,0.688411,-,0.528421,0.571292,0.000999,0.589447,0.631305,0.000999,False
xl_final,29,A,success_ever_strict,272,272,28,141440,0.39748,0.60252,-,0.515896,0.538488,0.000999,0.565106,0.587242,0.002997,False
xl_final,29,B,success_ever_strict,272,272,28,42432,0.353755,0.646245,-,0.524433,0.560094,0.000999,0.571845,0.608667,0.001998,False
xl_final,29,rollout_max,success_ever_strict,272,272,28,272,0.304385,0.695615,-,0.528355,0.569035,0.000999,0.58056,0.630216,0.000999,False
xl_final,29,rollout_mean,success_ever_strict,272,272,28,272,0.321607,0.678393,-,0.528596,0.569545,0.000999,0.582607,0.625266,0.001998,False
xl_final,30,A,success_ever_strict,272,272,28,141440,0.431666,0.568334,-,0.51373,0.533477,0.000999,0.539593,0.561858,0.012987,False
xl_final,30,B,success_ever_strict,272,272,28,42432,0.386826,0.613174,-,0.523462,0.554875,0.001998,0.543905,0.581949,0.001998,False
xl_final,30,rollout_max,success_ever_strict,272,272,28,272,0.322733,0.677267,-,0.528901,0.567122,0.000999,0.549668,0.602918,0.000999,False
xl_final,30,rollout_mean,success_ever_strict,272,272,28,272,0.353633,0.646367,-,0.528922,0.569446,0.001998,0.555153,0.602139,0.001998,False
xl_final_hN,0,A,success_ever_strict,272,272,28,141440,0.51108,0.51108,+,0.511421,0.52843,0.430569,0.51047,0.526385,0.392607,False
xl_final_hN,0,B,success_ever_strict,272,272,28,42432,0.525387,0.525387,+,0.52293,0.559563,0.370629,0.519999,0.548127,0.333666,False
xl_final_hN,0,rollout_max,success_ever_strict,272,272,28,272,0.465582,0.534418,-,0.529223,0.571928,0.353646,0.526292,0.563747,0.2997,False
xl_final_hN,0,rollout_mean,success_ever_strict,272,272,28,272,0.535262,0.535262,+,0.529619,0.576079,0.337662,0.526294,0.566275,0.295704,False
xl_final_hN,1,A,success_ever_strict,272,272,28,141440,0.451868,0.548132,-,0.515571,0.53697,0.011988,0.528343,0.548061,0.050949,False
xl_final_hN,1,B,success_ever_strict,272,272,28,42432,0.472728,0.527272,-,0.523424,0.558039,0.334665,0.547075,0.585104,0.796204,False
xl_final_hN,1,rollout_max,success_ever_strict,272,272,28,272,0.434626,0.565374,-,0.527621,0.569162,0.060939,0.544334,0.594585,0.207792,False
xl_final_hN,1,rollout_mean,success_ever_strict,272,272,28,272,0.46547,0.53453,-,0.527733,0.5693,0.302697,0.5576,0.602423,0.775225,False
xl_final_hN,2,A,success_ever_strict,272,272,28,141440,0.451679,0.548321,-,0.515646,0.537179,0.011988,0.528164,0.547894,0.047952,False
xl_final_hN,2,B,success_ever_strict,272,272,28,42432,0.474364,0.525636,-,0.523475,0.55847,0.370629,0.546585,0.585788,0.806194,False
xl_final_hN,2,rollout_max,success_ever_strict,272,272,28,272,0.437215,0.562785,-,0.527636,0.568875,0.072927,0.543074,0.592466,0.218781,False
xl_final_hN,2,rollout_mean,success_ever_strict,272,272,28,272,0.468847,0.531153,-,0.52779,0.569283,0.345654,0.556745,0.60269,0.804196,False
xl_final_hN,3,A,success_ever_strict,272,272,28,141440,0.450315,0.549685,-,0.51571,0.537469,0.010989,0.528789,0.54849,0.041958,False
xl_final_hN,3,B,success_ever_strict,272,272,28,42432,0.472175,0.527825,-,0.523482,0.557917,0.336663,0.547181,0.586015,0.79021,False
xl_final_hN,3,rollout_max,success_ever_strict,272,272,28,272,0.435921,0.564079,-,0.527666,0.569201,0.067932,0.543114,0.592179,0.205794,False
xl_final_hN,3,rollout_mean,success_ever_strict,272,272,28,272,0.466483,0.533517,-,0.52779,0.569654,0.320679,0.557123,0.602975,0.782218,False
xl_final_hN,4,A,success_ever_strict,272,272,28,141440,0.450378,0.549622,-,0.515702,0.537344,0.00999,0.528843,0.548525,0.041958,False
xl_final_hN,4,B,success_ever_strict,272,272,28,42432,0.471638,0.528362,-,0.523496,0.558243,0.321678,0.547549,0.58622,0.785215,False
xl_final_hN,4,rollout_max,success_ever_strict,272,272,28,272,0.435639,0.564361,-,0.527667,0.569607,0.063936,0.543064,0.592109,0.202797,False
xl_final_hN,4,rollout_mean,success_ever_strict,272,272,28,272,0.46592,0.53408,-,0.527797,0.569666,0.317682,0.557796,0.603045,0.785215,False
xl_final_hN,5,A,success_ever_strict,272,272,28,141440,0.450646,0.549354,-,0.515713,0.537452,0.010989,0.528851,0.548515,0.044955,False
xl_final_hN,5,B,success_ever_strict,272,272,28,42432,0.472082,0.527918,-,0.523503,0.55849,0.325674,0.547645,0.586137,0.791209,False
xl_final_hN,5,rollout_max,success_ever_strict,272,272,28,272,0.435583,0.564417,-,0.527666,0.569767,0.062937,0.542993,0.591889,0.202797,False
xl_final_hN,5,rollout_mean,success_ever_strict,272,272,28,272,0.466427,0.533573,-,0.527798,0.569716,0.324675,0.558062,0.603163,0.79021,False
xl_final_hN,6,A,success_ever_strict,272,272,28,141440,0.451461,0.548539,-,0.515693,0.537667,0.010989,0.528609,0.548369,0.04995,False
xl_final_hN,6,B,success_ever_strict,272,272,28,42432,0.473342,0.526658,-,0.523502,0.558029,0.351648,0.547433,0.586137,0.804196,False
xl_final_hN,6,rollout_max,success_ever_strict,272,272,28,272,0.435864,0.564136,-,0.527675,0.56995,0.067932,0.543033,0.591389,0.204795,False
xl_final_hN,6,rollout_mean,success_ever_strict,272,272,28,272,0.468228,0.531772,-,0.527853,0.569376,0.347652,0.55758,0.603037,0.808192,False
xl_final_hN,7,A,success_ever_strict,272,272,28,141440,0.452669,0.547331,-,0.515717,0.53766,0.012987,0.529187,0.548599,0.071928,False
xl_final_hN,7,B,success_ever_strict,272,272,28,42432,0.477124,0.522876,-,0.523537,0.557763,0.41958,0.548759,0.586033,0.861139,False
xl_final_hN,7,rollout_max,success_ever_strict,272,272,28,272,0.437215,0.562785,-,0.527642,0.570108,0.070929,0.542865,0.591071,0.213786,False
xl_final_hN,7,rollout_mean,success_ever_strict,272,272,28,272,0.47228,0.52772,-,0.527809,0.569325,0.403596,0.558964,0.60354,0.861139,False
xl_final_hN,8,A,success_ever_strict,272,272,28,141440,0.452402,0.547598,-,0.515704,0.537658,0.012987,0.527853,0.547504,0.048951,False
xl_final_hN,8,B,success_ever_strict,272,272,28,42432,0.475905,0.524095,-,0.523545,0.557832,0.3996,0.546884,0.584626,0.826174,False
xl_final_hN,8,rollout_max,success_ever_strict,272,272,28,272,0.435639,0.564361,-,0.52767,0.570085,0.066933,0.542134,0.589979,0.193806,False
xl_final_hN,8,rollout_mean,success_ever_strict,272,272,28,272,0.471436,0.528564,-,0.527861,0.56856,0.388611,0.556915,0.601584,0.843157,False
xl_final_hN,9,A,success_ever_strict,272,272,28,141440,0.450946,0.549054,-,0.515756,0.53788,0.00999,0.527908,0.547569,0.035964,False
xl_final_hN,9,B,success_ever_strict,272,272,28,42432,0.473986,0.526014,-,0.523564,0.558178,0.360639,0.547248,0.584758,0.821179,False
xl_final_hN,9,rollout_max,success_ever_strict,272,272,28,272,0.434795,0.565205,-,0.527651,0.570003,0.064935,0.542184,0.58997,0.182817,False
xl_final_hN,9,rollout_mean,success_ever_strict,272,272,28,272,0.471492,0.528508,-,0.527776,0.569289,0.385614,0.55699,0.601286,0.849151,False
xl_final_hN,10,A,success_ever_strict,272,272,28,141440,0.454619,0.545381,-,0.515775,0.537757,0.015984,0.527012,0.546627,0.066933,False
xl_final_hN,10,B,success_ever_strict,272,272,28,42432,0.480319,0.519681,-,0.523602,0.557908,0.48951,0.546057,0.584234,0.862138,False
xl_final_hN,10,rollout_max,success_ever_strict,272,272,28,272,0.437834,0.562166,-,0.527598,0.569998,0.074925,0.541806,0.589635,0.213786,False
xl_final_hN,10,rollout_mean,success_ever_strict,272,272,28,272,0.477796,0.522204,-,0.527799,0.569044,0.505495,0.555869,0.599665,0.884116,False
xl_final_hN,11,A,success_ever_strict,272,272,28,141440,0.457329,0.542671,-,0.515514,0.537559,0.01998,0.525032,0.544507,0.07992,False
xl_final_hN,11,B,success_ever_strict,272,272,28,42432,0.487952,0.512048,-,0.523376,0.558238,0.671329,0.544182,0.582509,0.918082,False
xl_final_hN,11,rollout_max,success_ever_strict,272,272,28,272,0.441268,0.558732,-,0.527584,0.569179,0.088911,0.540289,0.587046,0.226773,False
xl_final_hN,11,rollout_mean,success_ever_strict,272,272,28,272,0.48742,0.51258,-,0.52777,0.569317,0.703297,0.553507,0.598922,0.929071,False
xl_final_hN,12,A,success_ever_strict,272,272,28,141440,0.458955,0.541045,-,0.515572,0.537635,0.031968,0.524924,0.544523,0.08991,False
xl_final_hN,12,B,success_ever_strict,272,272,28,42432,0.493009,0.506991,-,0.523237,0.558444,0.8002,0.544408,0.581941,0.959041,False
xl_final_hN,12,rollout_max,success_ever_strict,272,272,28,272,0.438678,0.561322,-,0.527576,0.568942,0.07992,0.54055,0.588405,0.208791,False
xl_final_hN,12,rollout_mean,success_ever_strict,272,272,28,272,0.492599,0.507401,-,0.5274,0.56966,0.808192,0.553015,0.598528,0.965035,False
xl_final_hN,13,A,success_ever_strict,272,272,28,141440,0.455749,0.544251,-,0.515782,0.53707,0.021978,0.526345,0.546239,0.071928,False
xl_final_hN,13,B,success_ever_strict,272,272,28,42432,0.490693,0.509307,-,0.523735,0.558711,0.751249,0.54961,0.586753,0.968032,False
xl_final_hN,13,rollout_max,success_ever_strict,272,272,28,272,0.431362,0.568638,-,0.527716,0.569708,0.053946,0.542146,0.589492,0.177822,False
xl_final_hN,13,rollout_mean,success_ever_strict,272,272,28,272,0.491586,0.508414,-,0.527797,0.569227,0.797203,0.558411,0.600771,0.972028,False
xl_final_hN,14,A,success_ever_strict,272,272,28,141440,0.451779,0.548221,-,0.515737,0.537011,0.010989,0.528771,0.548935,0.055944,False
xl_final_hN,14,B,success_ever_strict,272,272,28,42432,0.486159,0.513841,-,0.52395,0.559623,0.636364,0.551315,0.588487,0.954046,False
xl_final_hN,14,rollout_max,success_ever_strict,272,272,28,272,0.430742,0.569258,-,0.528127,0.570561,0.051948,0.544143,0.5923,0.184815,False
xl_final_hN,14,rollout_mean,success_ever_strict,272,272,28,272,0.487195,0.512805,-,0.528162,0.570665,0.714286,0.561142,0.605704,0.971029,False
xl_final_hN,15,A,success_ever_strict,272,272,28,141440,0.448597,0.551403,-,0.51594,0.537699,0.007992,0.529017,0.548311,0.028971,False
xl_final_hN,15,B,success_ever_strict,272,272,28,42432,0.476935,0.523065,-,0.524736,0.559541,0.472527,0.555338,0.592555,0.932068,False
xl_final_hN,15,rollout_max,success_ever_strict,272,272,28,272,0.422525,0.577475,-,0.528695,0.567817,0.035964,0.54541,0.592109,0.120879,False
xl_final_hN,15,rollout_mean,success_ever_strict,272,272,28,272,0.475151,0.524849,-,0.529099,0.570834,0.496503,0.564927,0.608293,0.942058,False
xl_final_hN,16,A,success_ever_strict,272,272,28,141440,0.452004,0.547996,-,0.515546,0.537296,0.015984,0.526815,0.549133,0.058941,False
xl_final_hN,16,B,success_ever_strict,272,272,28,42432,0.477858,0.522142,-,0.524845,0.558887,0.488511,0.553338,0.591543,0.896104,False
xl_final_hN,16,rollout_max,success_ever_strict,272,272,28,272,0.428153,0.571847,-,0.528546,0.568771,0.041958,0.541605,0.58717,0.151848,False
xl_final_hN,16,rollout_mean,success_ever_strict,272,272,28,272,0.481454,0.518546,-,0.52931,0.570282,0.619381,0.55833,0.604269,0.913087,False
xl_final_hN,17,A,success_ever_strict,272,272,28,141440,0.472525,0.527475,-,0.515876,0.538112,0.15984,0.518079,0.539558,0.221778,False
xl_final_hN,17,B,success_ever_strict,272,272,28,42432,0.500494,0.500494,+,0.52511,0.558159,0.988012,0.538765,0.578774,0.995005,False
xl_final_hN,17,rollout_max,success_ever_strict,272,272,28,272,0.454494,0.545506,-,0.528163,0.567941,0.1998,0.533264,0.577652,0.286713,False
xl_final_hN,17,rollout_mean,success_ever_strict,272,272,28,272,0.504475,0.504475,+,0.529218,0.569547,0.899101,0.54242,0.58795,0.949051,False
xl_final_hN,18,A,success_ever_strict,272,272,28,141440,0.490895,0.509105,-,0.51637,0.538658,0.679321,0.518066,0.539857,0.721279,False
xl_final_hN,18,B,success_ever_strict,272,272,28,42432,0.52138,0.52138,+,0.525423,0.561499,0.517483,0.53925,0.57923,0.751249,False
xl_final_hN,18,rollout_max,success_ever_strict,272,272,28,272,0.473518,0.526482,-,0.527943,0.567929,0.45954,0.531595,0.575924,0.516484,False
xl_final_hN,18,rollout_mean,success_ever_strict,272,272,28,272,0.526763,0.526763,+,0.528992,0.571512,0.478521,0.543003,0.588566,0.699301,False
xl_final_hN,19,A,success_ever_strict,272,272,28,141440,0.491027,0.508973,-,0.516513,0.539126,0.679321,0.519059,0.542299,0.753247,False
xl_final_hN,19,B,success_ever_strict,272,272,28,42432,0.517161,0.517161,+,0.525381,0.562341,0.602398,0.537567,0.577786,0.78022,False
xl_final_hN,19,rollout_max,success_ever_strict,272,272,28,272,0.476783,0.523217,-,0.528065,0.569269,0.515485,0.532062,0.575789,0.586414,False
xl_final_hN,19,rollout_mean,success_ever_strict,272,272,28,272,0.519953,0.519953,+,0.529057,0.573206,0.587413,0.5418,0.5897,0.752248,False
xl_final_hN,20,A,success_ever_strict,272,272,28,141440,0.480398,0.519602,-,0.516571,0.539975,0.35964,0.524273,0.547123,0.613387,False
xl_final_hN,20,B,success_ever_strict,272,272,28,42432,0.497155,0.502845,-,0.525421,0.562186,0.925075,0.541049,0.580122,0.973027,False
xl_final_hN,20,rollout_max,success_ever_strict,272,272,28,272,0.476895,0.523105,-,0.527851,0.571405,0.513487,0.531608,0.574453,0.576424,False
xl_final_hN,20,rollout_mean,success_ever_strict,272,272,28,272,0.49243,0.50757,-,0.529231,0.570558,0.837163,0.546483,0.591943,0.939061,False
xl_final_hN,21,A,success_ever_strict,272,272,28,141440,0.473453,0.526547,-,0.516289,0.539184,0.20979,0.536098,0.558841,0.758242,False
xl_final_hN,21,B,success_ever_strict,272,272,28,42432,0.500778,0.500778,+,0.525495,0.563027,0.98002,0.551456,0.591585,0.996004,False
xl_final_hN,21,rollout_max,success_ever_strict,272,272,28,272,0.479541,0.520459,-,0.527792,0.570417,0.55045,0.536607,0.581761,0.682318,False
xl_final_hN,21,rollout_mean,success_ever_strict,272,272,28,272,0.498621,0.501379,-,0.529361,0.573594,0.972028,0.55864,0.605586,0.998002,False
xl_final_hN,22,A,success_ever_strict,272,272,28,141440,0.462754,0.537246,-,0.515511,0.538303,0.058941,0.540044,0.56327,0.567433,False
xl_final_hN,22,B,success_ever_strict,272,272,28,42432,0.486556,0.513444,-,0.524866,0.562549,0.672328,0.555155,0.59617,0.955045,False
xl_final_hN,22,rollout_max,success_ever_strict,272,272,28,272,0.465357,0.534643,-,0.527936,0.570341,0.307692,0.539814,0.586376,0.524476,False
xl_final_hN,22,rollout_mean,success_ever_strict,272,272,28,272,0.485507,0.514493,-,0.529082,0.572722,0.701299,0.563114,0.610348,0.958042,False
xl_final_hN,23,A,success_ever_strict,272,272,28,141440,0.448706,0.551294,-,0.515382,0.538037,0.00999,0.546494,0.568683,0.363636,False
xl_final_hN,23,B,success_ever_strict,272,272,28,42432,0.482732,0.517268,-,0.524492,0.560248,0.58042,0.56155,0.601855,0.962038,False
xl_final_hN,23,rollout_max,success_ever_strict,272,272,28,272,0.468734,0.531266,-,0.527853,0.56966,0.374625,0.547481,0.598866,0.685315,False
xl_final_hN,23,rollout_mean,success_ever_strict,272,272,28,272,0.480892,0.519108,-,0.52876,0.573214,0.593407,0.571686,0.621101,0.962038,False
xl_final_hN,24,A,success_ever_strict,272,272,28,141440,0.439827,0.560173,-,0.515392,0.538,0.000999,0.546295,0.568013,0.151848,False
xl_final_hN,24,B,success_ever_strict,272,272,28,42432,0.471495,0.528505,-,0.523934,0.559483,0.341658,0.563397,0.603181,0.924076,False
xl_final_hN,24,rollout_max,success_ever_strict,272,272,28,272,0.465807,0.534193,-,0.528104,0.569207,0.322677,0.551262,0.60139,0.699301,False
xl_final_hN,24,rollout_mean,success_ever_strict,272,272,28,272,0.468396,0.531604,-,0.528643,0.569835,0.380619,0.574358,0.622925,0.927073,False
xl_final_hN,25,A,success_ever_strict,272,272,28,141440,0.439302,0.560698,-,0.514847,0.537053,0.000999,0.542722,0.564997,0.102897,False
xl_final_hN,25,B,success_ever_strict,272,272,28,42432,0.465031,0.534969,-,0.523648,0.558236,0.233766,0.5635,0.602266,0.883117,False
xl_final_hN,25,rollout_max,success_ever_strict,272,272,28,272,0.467946,0.532054,-,0.528092,0.569215,0.357642,0.548986,0.598978,0.699301,False
xl_final_hN,25,rollout_mean,success_ever_strict,272,272,28,272,0.459166,0.540834,-,0.528654,0.570614,0.248751,0.576191,0.623524,0.894106,False
xl_final_hN,26,A,success_ever_strict,272,272,28,141440,0.44651,0.55349,-,0.514733,0.537098,0.004995,0.539404,0.561694,0.13986,False
xl_final_hN,26,B,success_ever_strict,272,272,28,42432,0.469878,0.530122,-,0.523513,0.557539,0.300699,0.559673,0.598514,0.897103,False
xl_final_hN,26,rollout_max,success_ever_strict,272,272,28,272,0.477008,0.522992,-,0.528109,0.570682,0.545455,0.546286,0.595095,0.764236,False
xl_final_hN,26,rollout_mean,success_ever_strict,272,272,28,272,0.463781,0.536219,-,0.528682,0.569992,0.315684,0.571997,0.618396,0.897103,False
xl_final_hN,27,A,success_ever_strict,272,272,28,141440,0.454753,0.545247,-,0.514438,0.535493,0.010989,0.530765,0.553883,0.14985,False
xl_final_hN,27,B,success_ever_strict,272,272,28,42432,0.468747,0.531253,-,0.52333,0.557046,0.276723,0.547746,0.587917,0.736264,False
xl_final_hN,27,rollout_max,success_ever_strict,272,272,28,272,0.479597,0.520403,-,0.527926,0.569396,0.556444,0.539361,0.587052,0.725275,False
xl_final_hN,27,rollout_mean,success_ever_strict,272,272,28,272,0.46198,0.53802,-,0.528632,0.572016,0.273726,0.556546,0.607213,0.721279,False
xl_final_hN,28,A,success_ever_strict,272,272,28,141440,0.473747,0.526253,-,0.514383,0.534442,0.155844,0.519242,0.54052,0.282717,False
xl_final_hN,28,B,success_ever_strict,272,272,28,42432,0.484165,0.515835,-,0.523245,0.555258,0.594406,0.532866,0.57127,0.742258,False
xl_final_hN,28,rollout_max,success_ever_strict,272,272,28,272,0.482242,0.517758,-,0.528202,0.569927,0.613387,0.531086,0.573257,0.653347,False
xl_final_hN,28,rollout_mean,success_ever_strict,272,272,28,272,0.482186,0.517814,-,0.528751,0.5691,0.626374,0.538427,0.584513,0.727273,False
xl_final_hN,29,A,success_ever_strict,272,272,28,141440,0.504202,0.504202,+,0.51441,0.535849,0.817183,0.511964,0.528365,0.774226,False
xl_final_hN,29,B,success_ever_strict,272,272,28,42432,0.513005,0.513005,+,0.523833,0.5583,0.684316,0.520544,0.548591,0.62038,False
xl_final_hN,29,rollout_max,success_ever_strict,272,272,28,272,0.495582,0.504418,-,0.528805,0.571405,0.88012,0.525744,0.561904,0.874126,False
xl_final_hN,29,rollout_mean,success_ever_strict,272,272,28,272,0.518152,0.518152,+,0.529151,0.570848,0.64036,0.525702,0.560857,0.586414,False
xl_final_hN,30,A,success_ever_strict,272,272,28,141440,0.523557,0.523557,+,0.514781,0.537143,0.197802,0.522108,0.54414,0.448551,False
xl_final_hN,30,B,success_ever_strict,272,272,28,42432,0.525916,0.525916,+,0.523808,0.560014,0.391608,0.529364,0.568195,0.52048,False
xl_final_hN,30,rollout_max,success_ever_strict,272,272,28,272,0.480104,0.519896,-,0.528747,0.569894,0.575425,0.53064,0.574157,0.611389,False
xl_final_hN,30,rollout_mean,success_ever_strict,272,272,28,272,0.532279,0.532279,+,0.528876,0.572305,0.376623,0.537946,0.584235,0.532468,False
xl_final_hN,31,A,success_ever_strict,272,272,28,141440,0.525709,0.525709,+,0.514765,0.536929,0.164835,0.519045,0.539997,0.292707,False
xl_final_hN,31,B,success_ever_strict,272,272,28,42432,0.538949,0.538949,+,0.523747,0.558154,0.185814,0.528551,0.563793,0.281718,False
xl_final_hN,31,rollout_max,success_ever_strict,272,272,28,272,0.485901,0.514099,-,0.529163,0.569263,0.696304,0.528997,0.57051,0.697303,False
xl_final_hN,31,rollout_mean,success_ever_strict,272,272,28,272,0.548658,0.548658,+,0.528891,0.572986,0.177822,0.538148,0.582839,0.324675,False
xl_spread,-1,A,success_ever_strict,272,272,28,141440,0.473866,0.526134,-,0.514745,0.535159,0.146853,0.5174,0.534863,0.220779,False
xl_spread,-1,B,success_ever_strict,272,272,28,42432,0.535224,0.535224,+,0.524307,0.557719,0.246753,0.520802,0.550442,0.175824,False
xl_spread,-1,rollout_max,success_ever_strict,272,272,28,272,0.474081,0.525919,-,0.527684,0.567628,0.461538,0.52445,0.562056,0.397602,False
xl_spread,-1,rollout_mean,success_ever_strict,272,272,28,272,0.538358,0.538358,+,0.528798,0.567459,0.28971,0.526116,0.56341,0.238761,False
act_rep,-1,A,success_ever_strict,272,272,28,141168,0.546687,0.546687,+,0.508214,0.520349,0.000999,0.507776,0.51839,0.000999,False
act_rep,-1,B,success_ever_strict,272,272,28,42432,0.524814,0.524814,+,0.513849,0.533517,0.155844,0.516079,0.539029,0.220779,False
act_rep,-1,rollout_max,success_ever_strict,272,272,28,272,0.5,0.5,+,0.5,0.5,1.0,0.5,0.5,1.0,True
act_rep,-1,rollout_mean,success_ever_strict,272,272,28,272,0.541538,0.541538,+,0.527619,0.567827,0.234765,0.531529,0.576527,0.294705,False
t,-1,A,success_ever_strict,272,272,28,141440,0.5,0.5,+,0.5,0.5,1.0,0.5,0.5,1.0,True
t,-1,B,success_ever_strict,272,272,28,42432,0.5,0.5,+,0.5,0.5,1.0,0.5,0.5,1.0,True
t,-1,rollout_max,success_ever_strict,272,272,28,272,0.5,0.5,+,0.5,0.5,1.0,0.5,0.5,1.0,True
t,-1,rollout_mean,success_ever_strict,272,272,28,272,0.5,0.5,+,0.5,0.5,1.0,0.5,0.5,1.0,True
t_norm,-1,A,success_ever_strict,272,272,28,141440,0.5,0.5,+,0.5,0.5,1.0,0.5,0.5,1.0,True
t_norm,-1,B,success_ever_strict,272,272,28,42432,0.5,0.5,+,0.5,0.5,1.0,0.5,0.5,1.0,True
t_norm,-1,rollout_max,success_ever_strict,272,272,28,272,0.5,0.5,+,0.5,0.5,1.0,0.5,0.5,1.0,True
t_norm,-1,rollout_mean,success_ever_strict,272,272,28,272,0.5,0.5,+,0.5,0.5,1.0,0.5,0.5,1.0,True
